cal_error,protein_error,fat_error,carb_error,score
0.126229,0.150402,0.125839,0.033043,0.495974
-0.003185,0.420458,0.098758,0.018284,0.261695
-0.183083,0.053878,-0.141299,-0.380037,0.268343
0.224977,0.252906,0.287242,0.108735,0.082623
0.202291,0.118495,0.048724,0.050444,0.636432
-0.005625,0.032771,-0.038672,0.115557,0.747297
-0.046381,-0.057762,-0.330273,-0.010555,0.54711
0.105357,0.430464,0.024138,0.316954,0.0
0.169726,0.250038,0.001643,0.229054,0.183264
-0.137211,-0.065497,-0.158877,-0.017229,0.575013
-0.14085,0.133521,-0.183791,-0.175031,0.272077
-0.129661,-0.5,0.206338,0.5,0.0
0.140688,0.158808,0.137343,0.088072,0.302604
0.127782,0.38227,0.167126,0.243766,0.010283
-0.305331,0.079807,-0.289739,-0.433157,0.058749
-0.024801,-0.016142,-0.034665,0.152114,0.879997
-0.209378,0.067847,-0.248897,-0.055739,0.336981
0.03058,0.031647,0.052081,-0.011749,0.962526
0.064896,-0.490458,0.017209,0.083472,0.135048
-0.034078,-0.213659,0.301536,0.493951,0.017458
-0.030928,-0.012031,0.112189,0.025074,0.786824
-0.063433,0.078937,-0.082823,-0.414639,0.383852
0.195612,0.09459,0.11369,0.135989,0.431715
0.022651,-0.00873,0.039374,-0.034975,0.838164
0.16309,0.169086,0.024343,-0.018504,0.439098
-0.042224,0.045507,0.037513,0.002552,0.847006
-0.203613,0.041919,-0.042507,-0.119079,0.548631
0.099137,-0.5,0.455933,0.222128,0.0
-0.090402,-0.370202,0.052224,0.024746,0.315545
0.017532,-0.233528,0.126066,0.304488,0.254573
-0.199065,0.062017,-0.164354,-0.028871,0.527682
-0.357341,0.115771,-0.053686,-0.253867,0.126371
-0.124625,0.203219,-0.036046,0.10607,0.408501
0.291334,0.372985,-0.079556,0.05495,0.02769
0.020804,0.134744,0.026595,-0.010267,0.729017
-0.131201,-0.072754,-0.030135,-0.242135,0.631856
0.074946,0.19461,0.168972,0.255488,0.145088
-0.145844,-0.002011,-0.16668,-0.304877,0.35122
-0.009921,0.129046,-0.040555,-0.225364,0.51156
-0.186363,0.048339,0.5,-0.014245,0.201631
-0.068352,0.5,0.04388,0.195179,0.059399
-0.067103,0.069399,-0.312721,-0.009284,0.507756
0.046081,-0.015261,0.5,0.332326,0.0
-0.379747,-0.024394,-0.179282,-0.192473,0.158935
-0.00576,-0.014728,0.064651,0.060406,0.870643
-0.114941,0.029149,0.014193,-0.169212,0.709067
0.112979,0.249776,0.002354,0.339954,0.182767
0.026389,0.103426,-0.261604,-0.344987,0.170118
-0.29762,0.339349,-0.046799,-0.168733,0.032772
-0.143064,0.168891,-0.185786,-0.412672,0.012487
-0.088877,-0.197937,-0.248598,-0.239506,0.169436
0.276969,0.036095,0.128064,0.291887,0.199415
0.333231,0.026868,0.235895,0.01861,0.441715
0.114664,-0.257419,0.004979,0.133262,0.28843
-0.302951,0.059416,-0.071781,-0.439603,0.099265
-0.156602,-0.311283,0.5,0.293386,0.0
-0.1872,-0.105152,-0.149754,-0.183978,0.282074
-0.069107,0.097239,0.038444,0.004991,0.71432
-0.228711,0.04525,-0.25002,-0.369241,0.068628
-0.133018,0.144359,-0.021254,-0.185748,0.443386
-0.118703,0.063222,-0.176858,-0.241354,0.412613
-0.166806,0.171262,0.279294,0.291646,0.007037
-0.106034,0.166552,0.000682,0.098298,0.508938
-0.213903,0.203177,-0.047431,-0.198804,0.229275
0.003623,0.178704,-0.131439,-0.425126,0.131863
0.254607,-0.158572,0.071516,-0.017011,0.429172
-0.168612,0.121979,-0.274882,-0.26198,0.039285
0.043639,0.022859,-0.038414,-0.005867,0.929133
0.014931,0.230951,-0.24596,0.125457,0.358528
-0.31222,-0.055101,-0.201337,-0.291002,0.13562
0.272996,0.146136,-0.043202,-0.17204,0.248774
-0.176109,-0.00113,-0.184923,0.163198,0.480921
-0.107429,-0.261944,-0.154186,-0.127201,0.233608
-0.246224,0.038917,-0.149113,-0.376284,0.200288
-0.152318,0.0224,-0.191285,-0.237866,0.27737
0.450012,-0.31444,0.359084,-0.116846,0.0
-0.190618,-0.119621,-0.283073,-0.341272,0.031293
0.234028,-0.307799,0.160898,0.290865,0.051509
-0.361316,-0.060837,0.439493,0.241113,0.0
-0.178532,0.0385,-0.174424,-0.156403,0.499312
0.082614,0.004133,-0.010934,0.042672,0.82512
-0.132247,0.040707,-0.285055,-0.29221,0.252791
0.065173,0.265425,-0.011404,0.187968,0.388232
-0.178966,0.051608,-0.138277,-0.214896,0.378994
0.191281,0.342664,-0.204873,0.022159,0.006966
-0.142767,-0.002776,-0.225761,-0.204643,0.49481
-0.128404,-0.002662,-0.103513,-0.153413,0.576387
-0.377368,-0.142616,-0.196356,-0.151088,0.111315
-0.037563,0.015102,-0.032442,0.005308,0.981532
0.287587,0.209386,0.031103,0.29247,0.018491
-0.045428,-0.5,-0.003684,0.083951,0.030983
-0.325544,-0.410326,0.090006,0.065316,0.0
0.038946,0.0727,0.076638,0.032142,0.715121
-0.165016,0.017269,0.048496,-0.17293,0.546236
-0.240824,0.266197,-0.310409,-0.300619,0.0
-0.175738,0.121632,-0.003736,-0.252315,0.385461
0.0131,-0.08555,-0.036578,-0.001261,0.811716
0.00041,-0.34521,-0.001183,0.286318,0.134148
0.05445,-0.093705,0.233691,0.063159,0.508924
0.443102,0.000101,-0.031977,0.401553,0.179986
-0.145921,0.194681,-0.009333,-0.26248,0.289147
0.091332,-0.075852,-0.098582,0.226624,0.546593
0.077927,0.156458,-0.035606,0.150311,0.421268
0.371074,-0.158941,0.149774,0.071273,0.191857
-0.226101,-0.416822,0.033733,0.409572,0.0
-0.055279,0.115635,-0.246291,-0.241528,0.323226
-0.038749,-0.074439,-0.141892,-0.21319,0.51981
-0.118462,0.028392,0.200262,0.102147,0.506575
-0.070947,-0.005515,0.082339,-0.016059,0.866236
-0.032054,0.020698,-0.065284,-0.095847,0.726828
0.157681,0.063783,0.204655,0.167021,0.387962
0.057738,-0.210378,0.181082,0.028846,0.481517
0.040009,0.08578,0.025897,0.139764,0.629893
-0.203583,0.040052,-0.102973,-0.2361,0.389486
0.053912,0.078204,0.206769,0.107206,0.475898
0.279682,0.070456,-0.03154,0.322595,0.307912
-0.199309,-0.340394,0.5,0.424613,2.4e-05
-0.358361,0.094161,-0.122637,-0.160228,0.136541
-0.098826,-0.068245,-0.168071,-0.253836,0.335163
0.285486,0.20423,-0.00161,0.159211,0.285407
-0.043498,-0.397016,0.467356,0.268382,0.026689
0.046648,0.121907,0.170394,0.055262,0.613185
-0.103212,-0.211773,0.5,0.296917,0.0
0.025319,0.206706,0.187474,0.361852,0.098978
-0.173506,0.214496,-0.178731,-0.139565,0.16668
0.140755,0.252189,-0.078854,0.022943,0.397718
-0.229434,0.05213,-0.131727,-0.438653,0.221932
0.147658,0.07059,0.057591,0.056067,0.641028
0.019874,-0.066249,-0.055306,-0.079419,0.735433
-0.27009,0.171294,-0.173394,-0.043449,0.323106
0.137699,0.114832,-0.017285,-0.14685,0.543653
-0.111235,-0.147494,-0.180743,-0.122113,0.472868
-0.336096,0.018515,-0.267285,0.005851,0.360231
-0.134798,0.308296,0.256575,0.18408,0.0
-0.097624,-0.113474,0.442952,-0.372859,0.0
0.000847,0.089211,-0.023117,0.010788,0.789192
-0.31227,0.116041,-0.171371,-0.293617,0.029246
0.303321,-0.003447,0.134157,0.165211,0.425722
-0.090439,-0.134929,0.012251,-0.262032,0.413775
0.064613,-0.289782,-0.037531,0.287285,0.095418
-0.203936,-0.038029,-0.074473,-0.16544,0.421315
-0.391485,-0.064811,0.239135,-0.122414,0.121839
0.402392,-0.408132,0.254722,-0.20644,0.0
-0.261377,0.121394,-0.1296,-0.118962,0.409012
-0.246275,-0.250175,0.390704,0.128254,0.018089
-0.314492,-0.119822,0.293166,0.064674,0.12139
0.051104,0.066674,0.002299,-0.081838,0.716835
-0.035487,-0.031239,-0.316844,-0.337328,0.23697
-0.253229,0.222082,-0.149291,-0.203048,0.0
0.228878,0.317291,0.01763,0.120406,0.219348
0.064478,-0.037892,0.146663,-0.155088,0.541707
0.295098,0.022352,-0.071934,-0.038526,0.557558
-0.161666,-0.074351,0.002827,-0.188546,0.407397
-0.032127,-0.110306,0.243965,-0.015815,0.465178
0.065906,0.227273,0.181592,0.101973,0.256341
-0.027508,-0.108046,0.432671,0.007883,0.37216
0.139725,0.361498,0.284942,-0.091346,0.050657
-0.220642,-0.005397,-0.119624,-0.109673,0.543299
-0.033615,0.255878,0.000796,0.019274,0.349647
-0.019393,0.206269,0.240814,0.146508,0.300848
-0.136918,0.073567,-0.136804,-0.263331,0.32569
0.076644,0.262075,0.036628,0.099327,0.431706
0.017265,-0.145952,-0.005838,-0.045694,0.721438
-0.164188,0.049557,-0.236823,-0.387368,0.168401
-0.183234,0.136313,-0.24879,-0.244286,0.157296
-0.275002,-0.240234,-0.078757,-0.342426,0.024882
0.063683,-0.045488,-0.059707,0.016535,0.727545
0.159799,0.012196,0.5,0.285847,0.061413
-0.38045,-0.308159,0.121475,-0.142216,0.022838
-0.308691,0.038019,-0.06867,-0.105516,0.391803
-0.048519,-0.031276,-0.00742,-0.062698,0.840552
-0.020941,0.044679,0.131825,0.061313,0.75075
0.23392,-0.420443,0.5,0.264662,0.0
-0.246132,-0.304849,0.435471,0.046397,0.0
-0.195252,0.092295,-0.232383,-0.177924,0.253314
-0.186132,0.05123,-0.289698,-0.18398,0.166394
-0.03338,0.019914,-0.165248,0.055963,0.778143
0.356558,-0.45756,0.267519,0.363167,0.055685
0.110206,0.176296,0.202568,0.104028,0.34974
0.043345,0.199077,0.021802,0.127195,0.482514
0.414674,-0.38539,0.214724,0.248049,0.075202
-0.281602,0.198699,-0.058535,-0.13346,0.335098
0.045024,0.183626,0.13604,-0.108048,0.432583
-0.24365,0.024109,-0.039631,-0.199234,0.459564
0.128167,0.188076,-0.085985,0.240172,0.263672
-0.279057,-0.069791,0.210858,-0.182315,0.135861
-0.176789,0.04497,-0.019094,-0.293791,0.512187
-0.108406,-0.060924,0.5,0.259184,0.0
-0.234807,0.104148,0.061153,-0.388288,0.168107
-0.181208,-0.055944,-0.140907,0.077448,0.53596
0.076328,0.089054,-0.032666,0.264296,0.514435
-0.022462,0.051371,-0.080342,-0.17225,0.600823
0.282434,0.300159,-0.009873,0.154266,0.183336
-0.299912,0.056342,-0.166512,-0.287827,0.125443
0.373061,-0.033645,-0.012644,-0.026691,0.573995
-0.154938,0.304288,-0.042868,0.012778,0.338289
-0.170259,0.158405,-0.145828,-0.263489,0.201446
-0.185157,0.039191,-0.162841,-0.070186,0.507399
-0.20828,0.028628,-0.117732,-0.212407,0.483306
-0.227575,0.030542,-0.356711,-0.200076,0.261802
0.163847,0.384823,-0.240108,0.029796,0.018859
-0.021581,-0.5,0.223899,0.209139,0.005632
-0.31749,0.005665,-0.122556,-0.244485,0.338374
-0.227688,-0.004653,-0.208541,-0.377795,0.129208
-0.012719,0.049391,0.039707,-0.036125,0.736117
-0.13697,-0.07605,-0.185014,-0.351084,0.260339
0.5,-0.05671,0.231135,0.240549,0.030005
-0.090218,0.015331,-0.140387,-0.221735,0.475363
0.05436,-0.180169,0.178544,0.5,0.020698
-0.136091,0.054546,-0.137762,-0.154543,0.4388
-0.029013,0.177504,-0.139484,-0.301616,0.319091
-0.0076,-0.190913,0.211426,-0.010151,0.429673
0.076553,-0.110369,0.332657,0.059312,0.318241
0.016212,0.021551,-0.004476,0.034044,0.943948
0.151019,0.15816,0.209047,-0.003126,0.375485
-0.04227,-0.239553,0.291473,-0.074396,0.19362
-0.090995,-0.178459,0.5,-0.101634,0.0019
0.142129,-0.366718,0.116551,-0.039031,0.21213
0.024293,-0.459488,0.272354,-0.10575,0.022225
-0.203515,0.170966,-0.296458,-0.209866,0.056543
0.355802,0.324287,0.349715,0.429359,0.030724
0.071758,0.173302,-0.029277,0.101717,0.556985
0.214659,-0.175974,0.171078,-0.146918,0.235029
-0.36077,0.176544,-0.16592,-0.255549,0.007432
-0.05462,-0.015054,-0.005293,0.022791,0.931271
0.090187,-0.017142,-0.097067,0.033961,0.760095
0.219506,0.15868,0.403907,0.179859,0.0
0.0419,-0.230886,0.180156,-0.033212,0.371248
-0.307925,-0.067674,-0.154398,-0.235699,0.182871
0.016286,0.07506,0.057895,0.173208,0.616235
-0.180192,0.123067,-0.16801,-0.217698,0.280315
-0.071078,0.19832,-0.056357,-0.241336,0.308459
0.091691,0.061549,0.096982,0.137988,0.532735
0.07826,-0.063013,0.289686,0.112567,0.432116
0.055408,0.246437,-0.067428,-0.166444,0.326704
-0.038133,-0.019152,-0.040481,0.161588,0.732565
-0.295225,0.051269,-0.102255,-0.03231,0.46781
-0.051316,0.229196,-0.270827,-0.060211,0.33373
0.001599,0.164434,-0.116057,0.010118,0.638034
0.312003,0.019507,0.097125,-0.245017,0.35766
0.341718,-0.188966,0.266484,0.36643,0.0
-0.399518,0.147174,-0.318157,-0.179385,0.049427
-0.134322,0.182921,-0.223287,-0.244228,0.118367
0.077926,0.160133,0.158405,0.086296,0.467255
-0.340527,-0.024885,-0.131913,-0.135139,0.435593
-0.166765,0.101086,-0.039346,-0.112792,0.567281
0.120452,0.200404,0.007615,0.173194,0.42564
-0.094095,0.076834,-0.115446,-0.219814,0.475693
-0.236671,-0.029389,-0.16645,-0.189593,0.2867
0.171596,-0.037132,-0.034628,-0.153336,0.554785
-0.061751,-0.081339,0.280867,0.140018,0.375151
-0.22233,-0.041843,-0.080872,-0.266518,0.432328
0.059018,-0.062114,-0.018613,0.006997,0.831515
0.096566,-0.218756,0.5,0.250824,0.0
0.077715,0.04666,0.130111,0.080803,0.606952
-0.22868,-0.392095,-0.168185,-0.066505,0.0
-0.03689,0.193001,-0.182903,-0.115093,0.397133
0.044542,0.001918,0.043483,0.005437,0.914601
0.096644,0.281515,-0.038441,0.041819,0.411137
-0.284709,0.095836,-0.237531,-0.124257,0.284374
0.04154,0.30639,0.080818,-0.03692,0.412295
0.002012,-0.066892,0.093574,0.342208,0.535832
-0.034152,0.050565,0.025632,-0.000176,0.778306
-0.023,0.179076,-0.339445,-0.066203,0.264291
-0.218425,-0.041274,-0.24435,0.071364,0.449361
0.060313,0.047294,0.142714,0.16274,0.492437
-0.079873,-0.233149,-0.064133,0.224561,0.29521
-0.071312,0.248001,-0.009361,0.101394,0.39442
-0.222947,-0.024568,-0.189467,-0.126067,0.369118
-0.261658,0.10369,-0.022877,-0.155594,0.426421
0.277361,0.217384,0.135105,0.115325,0.101115
0.011842,0.060534,0.039074,-0.020179,0.767825
-0.034282,0.036173,0.023405,-0.04826,0.925995
0.15353,-0.122282,0.068133,0.186543,0.426053
-0.358671,0.186952,-0.133391,-0.147799,0.012037
0.09091,0.147952,-0.131756,0.229924,0.333848
0.145425,-0.392482,0.095951,0.039397,0.0
-0.252958,0.097177,-0.152929,0.038347,0.302114
-0.015888,-0.5,0.14615,0.233152,0.004498
0.129247,0.43303,-0.02625,0.150601,0.026474
-0.072711,-0.274176,0.101988,-0.229098,0.208115
-0.131925,-0.002958,-0.104294,-0.352095,0.469354
-0.154719,-0.462643,0.239985,0.192381,0.0
0.038362,-0.067645,-0.010353,0.01507,0.807537
-0.020122,-0.012722,-0.024428,0.071892,0.908329
-0.063694,0.120869,-0.021058,0.5,0.214697
-0.047786,-0.210664,-0.101577,-0.080427,0.419721
-0.021717,0.266996,-0.048719,-0.250816,0.279898
-0.092572,0.035218,-0.201785,-0.10327,0.587353
0.106842,0.187181,0.130802,0.185602,0.311175
-0.01517,0.19779,0.08142,0.098667,0.43906
0.183685,-0.329627,-0.251118,0.316893,0.012004
-0.019209,-0.466053,0.156507,0.334573,0.024843
-0.086343,-0.031301,0.111817,-0.417163,0.321469
0.388125,-0.291146,0.240863,0.091343,0.0
-0.266214,-0.138137,-0.01145,-0.028905,0.483107
0.273551,-0.290114,-0.02571,-0.168988,0.055066
0.088353,0.028027,0.122573,-0.127889,0.532311
-0.215361,0.144051,-0.318515,-0.240491,0.026578
-0.293009,0.06888,-0.157307,-0.003264,0.449038
0.124698,-0.199651,0.438634,-0.188575,0.0
-0.180879,-0.080228,0.001827,-0.20625,0.512573
0.073432,0.101896,0.00223,-0.091618,0.684641
-0.140102,0.072098,-0.252959,-0.035016,0.446196
-0.095969,0.226252,-0.392591,-0.034192,0.250658
0.152002,0.020158,0.246426,0.057601,0.472591
0.195702,-0.5,0.413,0.298047,0.01525
-0.343007,-0.251491,-0.003907,0.362371,0.014134
-0.239609,0.08656,-0.2707,-0.136795,0.285109
0.232312,0.080185,0.010137,-0.005685,0.639476
0.059951,-0.020575,-0.007271,0.010433,0.907896
-0.412271,-0.190297,0.5,0.210886,0.0
0.20932,0.137995,0.318821,0.292526,0.0
0.054,-0.335096,0.417992,0.173535,0.0
-0.241967,0.151535,-0.068377,-0.402873,0.085108
-0.025993,-0.376789,0.266391,0.419571,0.0
0.132643,0.206638,0.074259,0.101422,0.348703
0.051617,-0.445166,-0.003898,0.049965,0.274787
0.037568,-0.123821,0.5,0.428173,0.0
-0.02291,0.342106,-0.02089,0.132159,0.289614
-0.23922,-0.035813,0.02585,0.298635,0.435258
-0.007497,0.067856,0.370233,0.01079,0.475441
0.064935,0.443098,-0.038128,0.004911,0.204302
-0.336404,-0.185059,0.091063,-0.134077,0.164894
0.036467,0.152984,0.049699,0.229109,0.469178
0.25923,-0.363313,0.376006,0.005209,0.090229
-0.017995,0.157526,0.028138,-0.009339,0.693512
0.305851,-0.215766,0.191567,0.044065,0.214121
-0.122317,-0.133335,-0.012455,-0.092102,0.575701
0.26526,0.079732,-0.097724,0.207824,0.3109
-0.23066,0.09721,0.011691,-0.034389,0.563784
0.151862,0.202335,0.162352,0.259802,0.050433
-0.357699,0.037674,-0.127119,-0.260157,0.279327
-0.227808,-0.214271,-0.098392,-0.177772,0.15588
0.070855,-0.206646,0.224504,-0.122835,0.284495
0.096034,0.381819,0.057897,0.074449,0.171485
-0.210492,0.368817,-0.071035,-0.298504,0.026508
-0.155735,-0.234398,0.221577,0.050113,0.277998
0.081944,0.423185,0.055535,0.118954,0.198661
0.181424,0.090015,-0.025432,0.181673,0.468868
0.057029,0.222279,0.162682,-0.065426,0.335862
-0.258196,-0.149726,0.5,0.383855,0.101375
0.160421,0.2377,0.142296,0.041834,0.258867
-0.485432,-0.109322,0.316963,0.5,0.0
-0.062393,-0.38509,-0.061883,0.316068,0.018449
-0.129192,0.024059,-0.038705,-0.087714,0.689394
0.214201,0.130798,0.179259,0.142459,0.217993
0.112822,-0.391415,0.339206,0.064601,0.0
-0.046354,0.07799,0.5,0.033522,0.268899
0.057185,0.364664,-0.040385,0.000933,0.273565
0.043387,-0.006566,0.274704,0.007241,0.67801
-0.1448,0.002496,-0.049051,-0.410588,0.451848
-0.152373,-0.14548,-0.105153,0.015318,0.391315
-0.365216,-0.069199,-0.157606,-0.133859,0.138936
0.5,-0.278877,0.5,0.133433,0.033325
-0.050853,0.235677,-0.131103,0.048511,0.423274
0.182957,0.322543,0.069245,0.113027,0.247353
-0.229014,0.047097,0.014755,-0.259582,0.375608
0.053186,-0.241946,0.322519,0.161975,0.138795
-0.076621,0.076333,-0.092551,-0.172634,0.531344
-0.167059,-0.006487,-0.205926,-0.298208,0.287841
0.164364,0.185896,-0.010797,0.272852,0.315209
0.149681,0.120738,0.053921,0.175118,0.439438
0.013387,-0.457123,-0.092054,0.229872,0.021845
0.130849,0.282419,0.198112,-0.036746,0.235817
0.5,-0.260176,0.166038,0.313135,0.0
-0.384655,-0.247928,0.28214,0.06012,0.0
0.041961,0.037271,-0.04612,0.00568,0.823065
0.165625,0.257816,0.145988,-0.072741,0.305462
-0.327181,0.109836,-0.203926,-0.280916,0.019389
-0.247898,0.11993,-0.0821,-0.252697,0.300446
-0.367685,-0.245125,-0.234486,0.322633,0.028126
-0.099928,-0.111841,-0.115938,-0.408265,0.212389
-0.179689,-0.120715,-0.347123,-0.150401,0.099768
-0.228499,0.125651,-0.187361,-0.174025,0.349575
0.000587,0.077305,0.163198,0.028114,0.751963
0.167589,-0.391193,0.260094,0.065338,0.0
-0.082525,0.06415,-0.112978,0.034924,0.70532
-0.192268,-0.055686,-0.011937,-0.159267,0.540379
-0.306239,0.040089,-0.082724,-0.213005,0.328226
0.312808,0.048644,-0.088834,0.198872,0.239581
0.256276,0.147191,-0.086526,0.131589,0.357497
-0.364238,0.004953,-0.04643,-0.363965,0.268741
-0.197417,0.052263,-0.21336,-0.285978,0.240362
-0.149803,0.227399,-0.082667,-0.143025,0.315021
-0.220259,-0.5,0.039474,-0.177007,0.0
-0.5,0.190399,0.152218,0.392269,0.0
-0.193805,0.20077,-0.130783,-0.022524,0.341497
0.130004,0.268884,-0.10488,-0.013341,0.28921
0.069274,-0.106131,-0.260121,-0.073163,0.342022
0.308572,-0.5,0.5,-0.007071,0.030997
0.052582,-0.5,0.5,0.285847,0.0
-0.182802,0.015642,-0.313878,-0.146058,0.36929
-0.089084,0.270529,-0.332203,-0.338263,0.0
0.085615,0.264505,-0.005612,0.152951,0.38351
0.202125,0.073001,-0.101369,0.111606,0.410874
0.091395,0.078415,-0.05965,0.100322,0.724709
-0.279434,0.04283,-0.313252,-0.158386,0.258172
-0.401419,-0.051493,-0.186809,-0.268221,0.046093
-0.133249,0.070515,-0.234964,-0.336414,0.191147
-0.13148,-0.147548,-0.079501,-0.017401,0.571317
-0.217981,-0.183005,0.5,0.396865,0.07914
-0.316187,0.000351,0.173234,0.354604,0.037593
0.194615,-0.250478,-0.078854,0.186816,0.144445
0.205981,0.160822,0.053277,-0.051813,0.440526
-0.16896,0.135233,-0.189419,-0.381671,0.038574
-0.081167,0.369524,0.088751,-0.083709,0.246838
0.392832,-0.366024,0.137043,0.091885,0.0
-0.180192,0.023032,-0.176707,-0.420234,0.237733
-0.281372,0.172585,0.01327,-0.134322,0.47217
0.186932,-0.5,0.319565,0.062676,0.0
0.193578,0.28628,0.131951,0.075012,0.108126
-0.075197,0.090385,-0.041331,-0.270243,0.427239
0.025762,-0.11814,0.328962,-0.208438,0.152455
-0.003885,-0.075976,0.06831,-0.007699,0.790714
-0.162865,-0.103769,0.27803,0.267673,0.225823
-0.235533,0.154133,-0.137003,-0.219825,0.233847
0.173758,0.235852,0.188776,0.26936,0.0
-0.07146,-0.211346,0.371032,-0.002155,0.297911
-0.124518,-0.14902,0.206046,0.475187,0.0
0.154938,0.104952,0.076549,0.050857,0.467441
-0.108802,0.136792,-0.042869,-0.106646,0.530764
0.201182,0.209079,0.017958,0.113884,0.289062
0.020406,0.000861,0.253806,-0.20404,0.489625
-0.001675,-0.013842,0.015409,0.019773,1.0
-0.296508,-0.403401,0.218779,0.22166,0.0
-0.329174,-0.24583,0.426342,0.065303,0.061605
-0.043614,-0.128567,-0.146485,-0.092109,0.520112
0.059356,0.000159,-0.00862,0.055704,0.833383
0.075088,0.035302,0.037532,0.028914,0.852654
-0.293377,0.198765,-0.126963,-0.266488,0.009957
0.257624,0.282889,0.123208,0.255146,0.0
-0.262225,0.0285,-0.202619,-0.237893,0.28208
-0.05928,0.185916,-0.030049,0.15472,0.51363
0.122281,-0.316513,-0.015332,0.293114,0.08416
-0.173352,0.290019,-0.062477,-0.043973,0.331715
0.087551,0.244736,0.051337,0.075676,0.429312
-0.222256,-0.036274,-0.208625,0.032566,0.485693
-0.398021,0.035508,-0.097484,-0.318121,0.013792
-0.001134,0.441045,0.072252,-0.153231,0.007006
0.274096,0.16811,0.006036,3.6e-05,0.486237
0.112427,0.313984,-0.058135,0.201417,0.153352
-0.063446,0.060603,-0.011435,-0.059063,0.749024
-0.337253,0.007794,-0.045764,-0.253823,0.321731
-0.311683,0.068182,-0.037301,-0.14429,0.241584
0.020692,0.112075,0.123381,0.081213,0.56461
0.209239,0.308204,0.185719,0.185037,0.0
0.112821,0.205079,0.154692,0.034537,0.350151
-0.198767,-0.218885,-0.164635,-0.406719,0.019769
-0.141528,-0.005185,-0.024272,-0.023511,0.715492
-0.125157,0.127058,-0.246688,-0.169352,0.279315
0.043477,0.02925,0.037527,-0.00247,0.88747
-0.307295,0.025974,-0.18287,-0.157267,0.33907
0.073607,-0.021308,0.328379,-0.078825,0.574797
-0.099088,-0.019503,-0.191504,-0.436399,0.336189
-0.050077,0.070513,-0.165883,-0.204559,0.526845
-0.073967,-0.139566,-0.195591,-0.142956,0.419859
-0.372239,0.065578,0.298817,0.232405,0.020458
-0.212853,-0.021367,-0.11854,-0.007351,0.613952
-0.222725,-0.263463,-0.155918,-0.031172,0.17255
0.5,-0.084749,0.276176,0.187124,0.004187
-0.192622,-0.029517,0.335677,0.038613,0.362701
0.048163,0.002732,-0.476327,-0.394989,0.127125
0.073392,0.046517,0.246973,-0.085015,0.52916
-0.20021,-0.151836,0.246247,0.101293,0.258679
-0.087635,0.0909,-0.189383,-0.15753,0.411998
0.445912,-0.5,0.5,0.351225,0.0
-0.150308,0.088089,-0.125809,0.079685,0.417003
-0.124957,-0.025693,-0.166757,-0.322107,0.353068
-0.121922,0.077527,-0.036003,-0.162447,0.56672
-0.125102,0.022384,-0.150912,-0.227338,0.331988
-0.23911,-0.057251,-0.310331,-0.180953,0.114285
0.041747,0.176136,-0.083568,0.223601,0.37395
-0.432122,-0.074449,0.298348,0.321083,0.00437
-0.181342,0.106841,-0.133133,-0.229106,0.315763
0.066247,0.299042,0.053703,0.082571,0.341835
-0.278264,-0.047245,0.452632,0.156207,0.033874
0.122826,-0.197873,0.267465,0.123852,0.262605
0.02863,0.5,-0.093623,0.220864,0.018399
0.078246,0.060917,-0.119352,0.178827,0.615653
-0.313088,-0.025413,-0.161002,-0.263521,0.189968
-0.085944,0.31866,-0.195096,-0.36653,0.0
-0.002168,0.07504,-0.113719,-0.137633,0.683356
0.021967,0.009237,0.150033,0.114385,0.645945
-0.146342,-0.125907,-0.264784,-0.113431,0.276463
-0.18637,-0.160081,-0.123379,0.283134,0.195404
-0.063922,0.209819,0.062883,0.171298,0.340243
-0.132886,0.27074,-0.260157,0.005858,0.156226
-0.205198,-0.003023,-0.169197,-0.278726,0.32365
-0.121815,0.177736,-0.266596,-0.25665,0.096817
-0.232272,0.272344,-0.191046,-0.219963,0.0
-0.150066,0.00394,0.043495,-0.043078,0.726985
-0.265247,-0.468399,0.377158,-0.078048,0.0
0.044956,0.026946,0.017175,-0.029485,0.821218
-0.263077,0.232327,0.018488,-0.063092,0.34775
0.152745,0.197763,0.05512,0.163,0.280451
-0.03125,-0.35766,0.112081,0.002599,0.249669
-0.20138,0.178628,-0.112946,-0.219347,0.168976
-0.17861,0.015374,-0.198126,-0.22792,0.414879
-0.372266,-0.229818,0.303236,0.031209,0.019418
0.225891,0.149047,-0.079565,0.12283,0.362191
0.201697,0.145154,-0.018215,0.194067,0.471406
0.434541,-0.332904,0.071187,0.179329,0.063049
0.208917,-0.080634,0.221199,0.161522,0.275958
-0.25946,0.004412,-0.286716,-0.309148,0.091735
-0.193114,-0.042237,-0.043434,-0.304731,0.414543
0.173412,0.101568,-0.010787,0.056148,0.565937
0.021602,-0.003895,0.04836,0.116639,0.814262
-0.281558,-0.023092,-0.085065,-0.294862,0.27183
-0.058712,0.26229,-0.13394,-0.239438,0.187727
-0.331569,0.386535,-0.103782,-0.125514,0.0
-0.065741,-0.07313,-0.040459,0.009826,0.735663
0.094175,-0.171713,0.242755,0.186727,0.17179
0.5,-0.07833,0.296499,0.456534,0.0
0.066655,0.075019,0.142043,-0.112665,0.561608
0.19787,0.257991,0.178225,0.112511,0.144636
0.085972,0.282339,-0.140864,0.100738,0.186759
0.160037,0.30776,0.101181,0.06171,0.184146
-0.088601,0.040898,0.078462,0.05856,0.799593
0.444193,-0.045713,0.180134,-0.163575,0.072326
-0.143067,-0.064465,0.135927,-0.011388,0.696149
0.188968,0.304424,0.048707,0.090339,0.278132
-0.224856,0.265308,-0.121051,0.005641,0.238482
0.028713,0.161065,0.075702,-0.032627,0.58976
-0.023216,0.336166,0.0053,-0.101956,0.418487
0.009082,0.20964,0.046218,0.13453,0.471088
-0.137103,-0.012925,-0.143936,-0.429281,0.334437
0.479102,-0.186661,0.160096,0.270781,0.0
-0.028877,0.270427,-0.268838,-0.116807,0.262144
-0.035123,0.203264,0.159269,0.21068,0.331608
-0.144287,0.001323,0.111491,-0.274049,0.48861
-0.135638,-0.5,0.121066,-0.066626,0.076266
-0.15614,-0.035946,-0.194302,-0.147203,0.494483
-0.068449,0.094451,-0.001267,-0.08271,0.727843
-0.237114,-0.079929,-0.277353,-0.138906,0.213212
0.012384,-0.047343,-0.021576,0.057758,0.713295
0.258141,-0.037525,0.5,-0.179763,0.0
-0.302237,0.151822,-0.225295,-0.238405,0.0
-0.353067,-0.041812,-0.094382,-0.191213,0.3622
0.045441,0.002642,-0.036271,0.082709,0.817155
0.5,-0.154019,0.299486,0.085458,0.004817
-0.31439,-0.014855,-0.044488,-0.5,0.11431
-0.00912,0.002901,0.082179,-0.04734,0.819318
0.0751,0.452938,0.124409,0.023093,0.125719
0.117002,-0.5,0.105987,0.121227,0.154914
0.013931,-0.096934,-0.061498,0.011705,0.809191
-0.029452,0.425125,0.12426,0.08213,0.142825
0.020875,-0.1304,0.123644,0.018378,0.678393
-0.118267,-0.328071,0.242774,0.343583,0.002296
-0.21257,0.097044,-0.169767,-0.011274,0.427539
-0.171728,0.151349,-0.234296,-0.260083,0.051722
-0.140732,-0.191538,0.114189,0.247979,0.236664
-0.208829,0.042564,-0.024775,-0.215161,0.438855
-0.060854,0.18368,0.134622,0.092175,0.364028
-0.174726,-0.442107,0.231175,0.272007,0.0
0.189803,-0.342868,0.491104,-0.25129,0.03254
0.008821,0.193494,0.147308,-0.08391,0.441561
0.269358,-0.102801,0.428383,-0.142109,0.02847
-0.5,-0.153048,0.222406,0.109871,0.053504
0.042183,0.25007,-0.09091,0.0873,0.443241
-0.040402,0.021454,0.005756,0.050194,0.852433
0.072699,-0.199966,0.00722,-0.176345,0.451218
-0.403504,0.306581,-0.093211,-0.078525,0.012127
0.027071,-0.032248,-0.046134,-0.058151,0.800088
-0.071747,-0.084864,-0.092792,-0.001469,0.713314
-0.308613,-0.261126,-0.401093,-0.239744,0.048065
0.11076,0.083377,0.125912,0.028087,0.613774
0.127609,0.36124,-0.067676,0.012888,0.255281
-0.167264,0.204451,-0.104975,-0.317056,0.232004
-0.261294,0.220403,-0.278712,-0.367811,0.094855
0.169341,0.49492,0.221255,0.084809,0.0
0.28092,-0.5,0.118683,-0.152574,0.000806
-0.059086,0.041143,0.014275,0.136004,0.689933
0.055406,0.433417,0.13627,0.02151,0.105106
0.067545,-0.19068,0.226076,0.205695,0.286975
0.035976,-0.3335,0.207394,0.126264,0.132281
-0.0396,-0.033341,-0.05849,0.051665,0.820919
0.02956,0.046503,3.3e-05,0.037398,0.870092
0.072226,0.117084,-0.086741,0.147734,0.501032
-0.029604,0.07547,-0.012527,-0.01306,0.822577
0.025477,0.139225,0.306242,0.235547,0.151909
-0.247,0.029622,-0.306812,-0.191761,0.240859
-0.347711,-0.5,0.129133,0.045647,0.038636
-0.160076,-0.032617,-0.156254,-0.188413,0.34538
-0.133382,0.154168,-0.193677,-0.315346,0.18457
0.164757,0.197397,0.097966,0.203016,0.31926
0.190285,0.205334,-0.071619,-0.05651,0.337694
0.04889,0.210967,0.003436,0.058364,0.495246
0.000167,0.079671,0.05827,0.041083,0.770582
-0.189087,-0.208907,-0.233788,-0.189768,0.0
-0.283072,0.088615,0.05222,-0.204184,0.272552
0.069766,-0.146783,0.168712,-0.283244,0.285569
-0.113987,-0.5,0.253291,0.110141,0.027638
-0.112019,-0.049039,0.022676,-0.057608,0.694724
0.059331,0.25418,-0.082014,0.058317,0.457206
0.004193,-0.055438,-0.02882,0.116958,0.76165
0.114058,0.239792,-0.035237,0.409458,0.091345
-0.149528,0.080385,-0.11664,-0.237175,0.309956
-0.151011,-0.022903,-0.086285,-0.19217,0.469559
-0.197923,-0.066015,-0.055215,-0.5,0.149408
-0.032405,0.112292,-0.29267,-0.366129,0.105729
0.078951,-0.062406,0.317833,-0.11403,0.447989
-0.055018,0.110665,-0.0196,0.029385,0.747254
-0.360048,0.123008,-0.256633,-0.189354,0.009448
-0.130855,0.064419,-0.328312,-0.431522,0.045489
-0.264566,0.017865,-0.206644,-0.123735,0.385013
-0.25622,0.142081,0.042521,-0.225915,0.302225
0.253672,0.196017,0.371448,-0.038524,0.034104
-0.023327,-0.036238,0.051084,0.072044,0.800751
-0.228051,-0.5,0.438121,0.248735,0.032873
0.470584,-0.455049,0.240653,0.164512,0.05596
-0.197497,-0.124022,-0.13652,-0.053919,0.402212
-0.317669,-0.041982,-0.171006,-0.252243,0.173705
-0.127764,0.060931,-0.097577,-0.280386,0.472109
-0.139514,0.042124,-0.176045,-0.090557,0.53152
0.248222,0.22378,0.174378,-0.120177,0.096971
-0.143977,0.30297,-0.175306,0.167197,0.096164
0.013594,0.243596,0.070691,-0.092364,0.539678
0.11617,0.188992,0.271833,0.199616,0.131505
-0.053906,0.161267,-0.301839,-0.290797,0.031595
-0.012797,0.139279,0.005174,0.082553,0.694925
-0.14806,0.039941,-0.136077,-0.227596,0.367875
0.365815,-0.492476,0.350619,0.082612,0.079871
0.169026,0.296317,0.12868,0.102221,0.12534
0.00213,0.078809,-0.142168,-0.028763,0.651551
0.110493,0.048424,0.128864,0.086102,0.613356
-0.125389,0.092176,-0.222342,-0.032244,0.466433
-0.127716,0.137135,-0.128268,-0.176793,0.294965
-0.221361,-0.116153,-0.2343,-0.296682,0.034023
0.056198,0.472637,-0.091953,-0.090008,0.135535
-0.35405,0.171162,-0.268349,-0.280933,0.0
-0.249426,-0.004148,-0.209621,-0.240752,0.330078
0.108762,0.132825,0.419194,0.041474,0.155564
-0.175534,0.033506,-0.067806,-0.392113,0.282021
0.019123,0.047724,0.025851,0.025311,0.844827
-0.028412,-0.032639,-0.025789,-0.072081,0.775074
-0.10301,-0.117807,-0.115128,-0.141566,0.398817
0.124072,0.307166,0.017596,0.239196,0.136372
0.092477,0.011512,0.151258,0.007808,0.72508
-0.201438,0.214489,-0.271913,-0.458091,0.0
-0.078728,-0.007312,-0.124083,-0.159783,0.616059
0.228184,0.338036,-0.063088,-0.085818,0.066461
-0.280043,-0.085296,0.202267,0.359306,0.0
-0.133027,0.09138,-0.062666,-0.209532,0.421563
-0.116463,0.392897,-0.145444,-0.287883,0.0
0.056493,-0.459534,-0.107108,0.296172,0.048189
0.077858,-0.044295,0.5,-0.334058,0.07536
-0.01557,-0.036328,-0.181752,-0.053565,0.638414
0.03699,0.260976,-0.017754,0.156165,0.3892
0.210557,0.052529,0.06366,0.241252,0.558284
-0.173345,0.123565,-0.102038,-0.204638,0.315892
0.414467,-0.18392,0.361536,-0.034145,0.0
-0.156872,0.178761,-0.181552,-0.14508,0.311156
-0.19003,0.129457,-0.246854,-0.100436,0.237366
-0.011061,-0.063049,-0.007948,-0.012117,0.856325
-0.05851,0.012557,-0.072309,-0.101345,0.733177
-0.238659,0.151742,-0.199257,-0.032001,0.35349
-0.117881,-0.379073,0.355626,-0.025173,0.0
-0.028672,0.112317,-0.00576,-0.101694,0.708079
-0.291462,0.044139,-0.415136,-0.165949,0.076636
-0.106248,0.272049,-0.016263,-0.17978,0.243043
0.113072,0.424081,-0.054376,0.155704,0.011498
-0.082886,0.018953,-0.078969,0.091636,0.633923
-0.10482,0.050886,-0.183729,-0.218238,0.430816
0.204932,0.118489,-0.047059,0.269118,0.324134
-0.07698,-0.106482,-0.125221,0.006461,0.741449
0.262655,-0.5,0.171288,-0.106842,0.0
-0.107028,0.03508,-0.086449,-0.182256,0.554076
-0.334363,-0.038074,-0.20896,-0.102395,0.356479
0.198324,0.153182,0.091435,0.035299,0.492281
-0.209263,-0.297688,0.192933,0.323002,0.0
0.083622,-0.202256,0.457545,0.239785,0.027176
0.027428,-0.018523,0.479185,0.224793,0.266386
0.18553,0.050872,-0.029925,0.029581,0.587816
-0.025006,-0.195549,0.269311,0.018665,0.460604
0.5,0.066845,-0.227091,-0.064832,0.11729
-0.318195,0.017717,-0.087965,-0.401822,0.133654
0.177312,0.189025,-0.013519,-0.05543,0.552088
-0.230062,0.074386,-0.230461,-0.035034,0.477327
-0.03769,-0.214236,-0.147307,-0.124615,0.326422
-0.057158,-0.055013,-0.035546,-0.144959,0.63754
-0.18168,-0.050562,-0.168638,-0.275815,0.312708
0.083093,0.445091,0.097073,0.216749,0.033709
-0.082595,-0.30428,0.238361,-0.01477,0.267621
-0.071055,0.417014,0.302042,0.04333,0.071792
0.038074,-0.121691,0.5,-0.262189,0.038612
0.125437,0.266811,0.179056,0.036242,0.19311
-0.245292,0.071467,-0.146859,-0.190976,0.297073
0.104152,-0.032842,0.042656,-0.024614,0.874135
-0.220965,0.18414,-0.337829,-0.209106,0.0
0.315937,-0.379098,0.121916,0.31006,0.003235
0.123924,0.17546,0.04494,-0.040418,0.53942
-0.286759,0.010025,-0.320744,-0.00036,0.367524
0.032404,-0.314517,0.409119,0.086595,0.0
0.028591,0.044173,-0.098609,-0.09767,0.733931
-0.28312,0.177094,-0.079375,-0.024522,0.367284
0.167691,-0.053024,-0.070136,-0.065533,0.645393
-0.191216,0.256249,-0.139081,-0.221982,0.069638
0.085009,-0.122774,0.335968,0.108722,0.227473
-0.168939,-0.055075,-0.129918,-0.120551,0.464629
0.119833,-0.066232,0.448399,0.070811,0.22898
-0.030836,0.009629,-0.032975,0.072518,0.823873
-0.281929,-0.129572,0.316526,0.408649,0.03393
0.034223,-0.194071,0.416306,0.443224,0.048502
0.10947,0.248542,0.120725,-0.036656,0.385319
0.017505,-0.021385,0.009639,0.019009,0.944785
0.192497,0.270239,0.105657,0.278009,0.10005
-0.025162,0.149006,0.057885,0.223503,0.422741
-0.026822,0.062778,-0.20441,-0.352538,0.362019
-0.270496,-0.485526,0.5,0.230371,0.0
-0.261361,0.340474,0.10188,0.23124,0.069755
-0.018313,-0.029602,-0.170817,-0.28011,0.444925
0.086137,-0.263314,0.5,-0.29691,0.007631
-0.191395,0.313862,-0.163127,-0.224467,0.0
0.142497,-0.076234,0.335975,-0.023786,0.478117
-0.079214,-0.228498,0.089859,0.302187,0.129072
0.116788,0.011914,0.020462,0.041586,0.870875
0.065892,0.184232,-0.092277,0.080985,0.502627
-0.004648,-0.193224,-0.037368,-0.028496,0.673363
0.033294,0.045442,0.068038,-0.036542,0.763818
-0.053577,-0.213585,0.167367,0.086726,0.354327
0.213645,-0.160385,0.277364,0.255097,0.0
0.115525,0.324888,-0.028763,0.180282,0.10881
-0.055205,-0.2426,-0.146827,-0.232631,0.150069
-0.062102,0.102146,0.068062,-0.01702,0.75543
0.149064,0.183294,0.005632,0.133226,0.417567
0.459332,-0.005349,-0.052154,0.423275,0.047442
0.132997,-0.054353,0.08909,0.015908,0.682061
-0.113158,0.052259,-0.315776,-0.121696,0.202126
0.222312,0.350123,0.072863,0.103271,0.098057
-0.082026,0.051008,-0.039787,-0.017952,0.853875
-0.210024,-0.12214,0.232976,-0.14064,0.179685
-0.138538,-0.047356,-0.169132,-0.212953,0.355639
0.030582,-0.03507,-0.047778,-0.078216,0.814658
0.07427,0.137331,-0.052832,0.300843,0.429997
0.047743,-0.064706,-0.100578,-0.222592,0.506061
-0.367799,0.096515,-0.204922,-0.191268,0.0601
-0.122329,0.29853,-0.081159,-0.262749,0.037084
-0.301272,0.079287,-0.20631,-0.229056,0.200362
0.249561,-0.253035,0.094777,0.14017,0.183218
0.086935,0.225092,0.095058,0.283748,0.243202
-0.291339,-0.075269,-0.083851,-0.226794,0.249802
-0.15764,-0.017943,-0.247681,-0.140563,0.384682
-0.188784,0.127005,-0.127838,-0.077364,0.416159
-0.131491,0.196563,-0.174071,-0.236748,0.181028
-0.253838,0.041985,-0.146071,-0.05225,0.42094
0.182751,0.324561,-0.02715,0.028238,0.335185
-0.174379,0.031185,-0.171472,0.030255,0.698312
-0.384473,0.061341,-0.032819,-0.174831,0.34022
0.102541,-0.498819,0.218688,-0.042565,0.0
0.03487,-0.083312,-0.000991,-0.040199,0.800694
-0.217781,-0.010195,-0.185547,0.066639,0.448697
0.058015,0.406087,-0.086158,0.059219,0.29108
-0.039333,-0.127704,0.017662,-0.042019,0.663114
-0.184473,-0.006902,-0.034771,-0.170264,0.713343
0.128887,0.122878,-0.10372,0.155725,0.494572
-0.188452,0.136202,-0.185703,-0.024702,0.366351
0.064477,0.263393,-0.187945,0.222204,0.118901
-0.340021,0.02735,-0.126634,-0.321186,0.099247
0.159977,0.138345,0.5,-0.041727,0.07699
-0.219972,0.18831,-0.016462,-0.23208,0.261689
-0.238403,0.015366,5e-05,-0.139789,0.586631
-0.270388,0.11869,-0.103735,-0.218626,0.21696
-0.185007,-0.132606,0.080243,0.143647,0.3645
-0.316474,0.0651,-0.049578,-0.290685,0.231252
-0.17688,-0.145251,-0.139718,0.5,0.047704
-0.282062,0.037426,-0.30266,-0.031776,0.400674
0.190575,-0.184053,0.444349,0.160475,0.0
-0.071255,-0.007988,-0.283776,-0.184039,0.49931
0.009545,0.08854,0.134888,0.418662,0.302442
-0.044178,-0.00784,0.011772,0.03088,0.918736
-0.002351,0.122332,0.027533,0.279973,0.476674
-0.117489,-0.205996,0.068087,0.139589,0.338516
-0.404978,0.19358,-0.021137,-0.249425,0.049386
0.099164,0.247978,0.090987,0.147051,0.30588
0.002098,0.278566,0.082591,0.166319,0.338988
-0.365681,0.25205,-0.09941,-0.127809,0.067123
-0.248456,0.033166,-0.208059,-0.274342,0.265932
0.022401,-0.189104,0.143122,0.166012,0.377224
0.085682,-0.406784,0.06289,-0.13294,0.082043
-0.20781,0.019217,-0.000226,-0.186152,0.642284
0.12953,0.221939,0.427238,0.220798,0.113901
-0.060106,0.026761,0.044414,0.026089,0.891314
0.168481,0.372107,-0.033215,0.302832,0.0
-0.003962,0.040392,0.009037,-0.092156,0.863214
0.16106,0.162522,0.113676,0.043049,0.436147
0.333218,-0.403826,-0.020081,0.395004,0.0
-0.279546,-0.139382,0.422058,0.115604,0.029543
-0.251488,0.058998,-0.08656,-0.145076,0.43185
0.01647,0.18467,0.12569,-0.103072,0.512392
-0.026301,-0.255627,0.077212,0.282104,0.283382
0.038287,-0.026298,0.036552,0.001894,0.89518
0.083557,-0.372931,0.247001,0.436505,0.014635
-0.345989,0.096238,-0.094397,-0.342602,0.159116
-0.297661,0.110706,-0.090034,-0.273834,0.136794
-0.114318,-0.130353,-0.021478,-0.276448,0.370686
-0.006039,-0.5,0.256793,0.141,0.0
-0.042071,-0.245912,0.213494,0.105234,0.387419
-0.216183,0.011439,-0.026621,-0.235195,0.429864
-0.301656,-0.052598,-0.158455,-0.36226,0.044205
0.090804,-0.260655,-0.100216,0.024163,0.405662
-0.054144,-0.161611,0.107028,-0.070656,0.55431
-0.167164,-0.011655,0.5,-0.079734,0.255001
-0.173541,-0.123096,-0.083139,-0.272436,0.274994
0.105374,0.173804,0.016245,0.034211,0.635278
-0.254268,0.083083,-0.004138,-0.275332,0.320582
-0.150397,0.027133,-0.231961,-0.107562,0.501604
-0.061283,-0.5,0.005339,0.143368,0.07001
0.052512,0.129603,0.15508,0.033612,0.587541
-0.195453,-0.135098,-0.199334,-0.071981,0.385833
-0.219524,-0.073552,-0.024964,-0.215103,0.352248
-0.24395,-0.069242,-0.225518,-0.221491,0.200475
-0.097359,0.118002,-0.16614,-0.225139,0.328872
-0.086435,0.042829,0.014339,-0.036928,0.793053
0.006059,0.001673,0.020552,0.023252,0.974268
-0.049045,0.087505,-0.159621,-0.27777,0.378597
0.133655,0.168487,-0.124119,0.000387,0.447512
0.057072,0.182827,-0.010414,-0.023051,0.601222
0.092394,-0.018811,-0.033368,0.028297,0.880747
-0.147599,0.053789,-0.288498,-0.255443,0.282438
-0.195105,0.119512,-0.184973,-0.265103,0.170048
0.148577,0.209538,-0.151994,0.132948,0.265638
0.195152,-0.254549,0.249231,-0.1235,0.078091
-0.03494,0.03735,0.001998,0.073718,0.841708
-0.002022,0.123277,0.073272,0.185704,0.54013
0.120536,0.031898,0.017413,-0.012476,0.831547
0.038399,0.070119,0.197723,0.046332,0.619289
0.03879,0.5,0.036266,0.122107,0.031249
-0.110251,0.197936,-0.02164,0.045898,0.485603
0.037221,-0.000822,-0.044022,0.006769,0.893765
-0.22569,-0.249751,0.168598,0.216587,0.0
-0.116714,0.409549,0.00702,-0.040674,0.218128
0.096354,0.314886,0.157542,0.072717,0.200165
0.060214,0.115046,0.040118,0.221745,0.454162
-0.178902,-0.087672,-0.143014,-0.107586,0.385415
-0.035285,0.200157,0.058129,-0.159664,0.510642
0.041154,0.187921,0.186544,0.126033,0.352111
0.023435,0.171803,0.202941,-0.009038,0.489405
0.148009,-0.220121,0.434171,-0.017763,0.039705
0.055818,0.09948,0.245917,0.344303,0.209429
-0.097581,-0.487432,0.5,0.108929,0.0
-0.065987,-0.070476,0.118997,0.309328,0.357305
-0.047778,0.296116,-0.161527,0.21574,0.064142
-0.312049,-0.030285,-0.316773,-0.294188,0.0
0.069865,0.002228,0.230037,0.172254,0.570629
0.021855,0.160225,0.433486,0.5,0.065569
-0.104713,0.066081,-0.044295,-0.063356,0.654731
-0.049863,0.007892,-0.035318,0.041771,0.949729
0.34897,-0.173207,0.062229,0.159078,0.160101
-0.285097,-0.095853,0.5,0.438527,0.050557
-0.334073,0.034549,-0.126033,-0.378651,0.202698
0.008751,-0.116071,0.298292,0.20123,0.20971
-0.417729,-0.017572,-0.29001,-0.213464,0.062788
-0.210497,-0.01368,-0.075175,-0.277092,0.454611
0.122898,0.205794,0.253978,0.312323,0.0
-0.000244,-0.052025,-0.13417,0.098011,0.774436
-0.063469,0.257771,-0.249349,-0.203501,0.097431
0.111849,0.09882,0.041372,0.139915,0.550149
-0.350278,-0.070277,-0.077057,-0.099974,0.390365
-0.314534,-0.285108,0.5,0.332986,0.041978
-0.015888,0.007479,0.062859,-0.031795,0.850081
-0.179866,-0.027673,-0.138901,-0.067909,0.442512
-0.144359,-0.303744,0.337379,-0.200133,0.0
0.006631,0.302538,0.162014,0.108172,0.312106
0.128047,0.096701,0.053572,0.041537,0.631502
-0.22439,0.016409,-0.055241,-0.281573,0.419251
-0.256016,-0.34356,0.277816,-0.079971,0.017369
-0.165858,0.12186,-0.090686,-0.040288,0.470266
-0.103404,-0.081364,-0.265721,-0.161734,0.340128
-0.197857,0.260743,-0.233078,-0.196194,0.085001
0.465835,-0.412973,0.097295,0.201745,0.031958
-0.153628,-0.035696,-0.250624,-0.287255,0.297911
-0.201768,0.077535,0.006998,-0.012114,0.695686
-0.043665,-0.426498,-0.303116,0.426247,0.0
0.081847,-0.371299,-0.120898,0.076286,0.172326
-0.079572,-0.347196,-0.279775,0.109718,0.012121
-0.112486,0.170876,0.034878,-0.296068,0.352149
0.257297,-0.274578,0.249918,0.251123,0.072244
0.484768,-0.250926,0.118252,0.151918,0.016772
-0.258318,0.254713,-0.121686,-0.081397,0.225189
0.20791,0.1776,-0.048341,0.189126,0.254415
0.151179,0.296352,0.203028,0.046904,0.174395
-0.256554,0.022704,-0.128763,-0.191911,0.402298
-0.164744,-0.138863,0.006579,-0.105108,0.552133
0.172302,0.152161,0.023476,0.286886,0.21719
0.196036,-0.130856,0.045023,0.131777,0.489898
0.042108,0.23716,0.226958,-0.006518,0.327256
-0.184076,0.110438,-0.191155,-0.210912,0.259574
-0.144824,0.091118,-0.267951,-0.308576,0.201836
-0.061678,0.399249,-0.032505,0.07336,0.15839
-0.293581,-0.238773,0.4535,-0.148959,0.0
-0.450382,-0.074111,-0.084522,-0.294608,0.132743
0.027887,-0.423406,0.156232,0.319677,0.042891
-0.209657,0.043687,-0.104538,-0.198067,0.442827
-0.101317,-0.442001,0.265686,-0.031759,0.0
-0.029578,0.032774,0.042113,-0.038643,0.802547
0.212849,0.14917,0.043412,0.050287,0.533269
-0.308742,0.046765,-0.191167,-0.052169,0.352145
-0.00713,0.107886,-0.202704,-0.101295,0.544407
-0.207167,0.021804,-0.066865,-0.09598,0.674764
0.164948,0.042096,-0.011796,0.044439,0.785065
-0.191317,0.358439,-0.171765,0.031482,0.038285
-0.151088,0.15673,-0.112568,-0.353141,0.134755
-0.171204,-0.18744,-0.290105,-0.246298,0.0
0.331694,-0.204887,0.5,0.241428,0.007465
-0.246891,-0.00206,-0.104981,-0.206803,0.432464
-0.040901,0.161153,-0.007735,0.077247,0.618418
0.001892,0.123655,0.154527,0.307081,0.277524
-0.107572,-0.112216,-0.337692,-0.013084,0.274213
-0.252539,0.144223,-0.242516,-0.157596,0.145081
0.312743,-0.352244,0.5,0.257828,0.0
-0.03476,0.306978,0.075677,0.322443,0.1086
0.11364,0.054046,0.041232,0.007221,0.677274
0.171483,-0.488439,0.210172,0.140773,0.066491
-0.360814,0.169816,0.154533,-0.267094,0.0
0.034421,0.212406,0.084693,-0.02718,0.534892
0.110507,-0.025279,-0.019106,-0.275041,0.498321
-0.061688,-0.344347,0.141579,-0.173547,0.053844
-0.20138,0.185771,-0.119537,-0.28317,0.147423
0.267097,-0.247722,0.488561,0.168853,0.020303
-0.140955,0.017166,0.080404,-0.024212,0.811212
-0.33871,0.073512,-0.174734,0.020307,0.328364
-0.274053,-0.155256,-0.165851,0.023587,0.326695
-0.247591,-0.333958,0.334376,0.051819,0.0
0.001547,-0.078832,0.176049,-0.096927,0.619282
0.188116,0.212144,-0.023671,-0.049892,0.494856
-0.366119,0.045683,-0.090307,-0.073121,0.344908
-0.217351,0.066931,-0.164847,-0.068671,0.486046
0.209803,0.242596,0.105055,0.417048,0.0
-0.258119,0.01377,-0.081361,-0.127201,0.449875
-0.163953,-0.380916,0.442879,0.158681,0.0
0.071338,0.20445,0.048954,0.153697,0.452424
-0.116288,-0.071809,0.043655,-0.014744,0.679058
-0.213149,0.052319,-0.077193,-0.181051,0.483241
-0.11219,-0.129422,0.385927,-0.09195,0.217742
-0.025311,-0.026594,0.283937,0.085019,0.651446
-0.052558,-0.165419,0.187582,0.057003,0.408605
-0.271775,0.037402,-0.108701,-0.077397,0.512146
0.026543,-0.12471,0.492666,-0.133276,0.152648
0.094074,0.276769,-0.114311,0.289208,0.020406
-0.123714,0.04286,-0.181115,-0.068579,0.548107
-0.336718,0.029297,-0.38344,-0.202723,0.010641
-0.252324,0.135216,-0.206373,-0.005233,0.292061
-0.232132,-0.024567,-0.152627,-0.196673,0.404431
0.264503,0.36333,0.045201,0.194779,0.003888
0.209868,0.031215,-0.079154,0.24506,0.377158
-0.263337,0.043595,-0.13539,-0.294981,0.160764
0.192423,0.30958,0.078928,0.158401,0.143267
-0.123974,-0.229625,0.224232,-0.016517,0.322329
0.038223,0.039562,0.091541,0.011606,0.757687
0.0425,-0.023046,0.068037,-0.014317,0.909516
-0.081042,-0.063722,0.051541,-0.315036,0.455233
-0.11099,0.063523,-0.090409,-0.070742,0.747112
-0.100648,0.204234,0.107185,0.179047,0.273569
-0.133779,-0.049426,-0.054149,-0.240128,0.514288
0.065822,0.007644,0.325373,-0.218708,0.357797
-0.24246,-0.217044,-0.22551,-0.077241,0.21122
0.282972,0.219914,0.0523,-0.110425,0.215958
-0.200516,-0.131651,-0.329203,-0.086275,0.223133
-0.328219,0.221401,-0.071048,-0.057927,0.321756
0.058695,0.095465,-0.153935,-0.2014,0.499431
-0.2709,0.123363,-0.042588,-0.157003,0.351377
-0.062449,-0.152377,-0.102827,-0.091605,0.570087
0.280136,0.148746,0.16272,-0.044717,0.314907
0.403153,-0.242307,0.228513,0.223423,0.111759
0.027562,0.419236,-0.060161,0.192035,0.09984
0.066413,0.157,-0.017196,0.25037,0.325038
0.330698,0.377582,0.082261,0.00968,0.066176
0.270935,0.035361,0.163145,0.338013,0.099
-0.280325,-0.090029,0.376019,0.278207,0.0
-0.093187,-0.029416,-0.031627,-0.080797,0.685588
0.018732,-0.036827,-0.08059,0.036975,0.826116
-0.166488,0.053391,-0.150419,-0.317122,0.216522
-0.059074,0.187622,-0.047227,-0.10888,0.462842
-0.002026,0.031607,0.329154,0.152054,0.416395
-0.022665,0.097247,-0.036906,-0.305623,0.540008
-0.121583,-0.070443,-0.119115,-0.15854,0.447572
0.006919,-0.115159,0.138498,0.106051,0.621318
0.203761,0.421257,0.061681,-0.036781,0.100945
-0.284729,0.343517,-0.285125,-0.152217,0.082024
0.073362,-0.195154,0.208038,0.157972,0.260014
0.028631,0.02614,0.1496,0.071009,0.602447
0.005332,-0.133726,0.076998,0.43733,0.228538
-0.122701,-0.22432,0.5,-0.335688,0.015459
0.196275,-0.138388,0.177817,0.241346,0.112823
-0.243209,0.032902,-0.182641,-0.26926,0.191305
-0.251096,-0.068182,0.358502,-0.15089,0.168205
-0.18391,0.029476,-0.130469,-0.307661,0.274031
-0.135386,-0.123338,-0.086686,-0.230051,0.396392
0.038273,0.035819,0.01627,-0.042916,0.863966
0.016575,-0.023537,-0.058529,0.035293,0.823534
-0.008362,0.103845,-0.032442,0.027363,0.819983
-0.02385,0.105189,0.109993,-0.042145,0.633118
-0.196465,0.095523,-0.13913,-0.286383,0.225383
-0.232224,-0.109534,-0.164873,0.035833,0.50136
-0.211612,0.183848,-0.240025,-0.365301,0.0
-0.060355,-0.126641,0.15947,0.132779,0.456011
-0.19158,-0.03387,-0.194093,-0.172665,0.429357
-0.170517,-0.128028,-0.230901,-0.107052,0.3488
0.183906,-0.255905,0.129512,0.328937,0.0
0.021576,0.25993,0.034937,0.337564,0.336045
-0.058222,0.197322,-0.142034,0.00439,0.545023
-0.14772,-0.022084,-0.174871,-0.136738,0.532521
-0.30027,0.143665,0.096148,-0.303392,0.100952
-0.115187,0.075366,0.025214,-0.052693,0.671275
0.036727,-0.011613,0.054461,-0.06212,0.843319
0.082473,-0.029987,0.158188,-0.300163,0.345745
-0.320907,-0.458699,0.096527,0.091732,0.0
-0.074281,0.108585,-0.16751,-0.139224,0.409425
-0.181452,-0.47897,0.491467,0.308919,0.0
-0.18861,-0.039843,-0.211664,-0.372724,0.177107
-0.140351,0.18082,-0.248494,-0.220777,0.186529
-0.178676,0.228988,-0.195666,-0.207884,0.091776
-0.285828,0.023644,-0.25582,-0.315353,0.05961
0.123752,0.187461,-0.062398,0.021872,0.421114
0.068802,-0.031713,-0.087685,-0.00886,0.727431
-0.266701,0.149353,-0.08869,-0.5,0.000432
0.177079,0.033316,0.034866,0.132882,0.578008
0.164533,0.211381,0.083152,0.253095,0.174114
-0.048099,0.09985,-0.257414,-0.325911,0.312482
0.150097,0.430867,-0.025284,0.289352,0.026359
0.00844,-0.053038,0.020595,0.078741,0.642303
-0.339805,0.096338,-0.319948,-0.135583,0.152511
-0.118083,-0.031402,-0.129486,-0.164456,0.584432
-0.035113,0.025036,-0.03911,-0.032752,0.91435
-0.10413,-0.432428,-0.01468,0.105669,0.084001
0.212845,0.358319,-0.296436,-0.014114,0.004442
0.166979,0.132606,0.073414,-0.073208,0.495947
-0.103785,-0.015319,-0.204117,-0.219053,0.339585
-0.004517,0.097587,-0.037974,0.252691,0.536766
-0.403693,-0.081772,-0.12564,-0.229294,0.109578
-0.148091,0.033623,-0.138037,-0.273393,0.275375
0.01184,0.397172,0.217732,0.025264,0.164299
0.059678,0.078117,0.133302,0.194674,0.516853
-0.076438,-0.136299,0.437108,0.225483,0.03181
0.052768,0.011537,0.13835,0.073452,0.734965
-0.071863,0.090593,-0.287519,-0.111427,0.438934
-0.171041,-0.029721,-0.20124,0.01724,0.578003
-0.250275,0.059355,0.110337,-0.32722,0.268508
-0.205758,-0.126714,0.250074,0.342378,0.0
-0.084041,0.263828,-0.022105,-0.461323,0.0
0.050446,-0.007392,0.497227,-0.09681,0.391085
0.30383,-0.392973,0.251232,0.166465,0.0
0.06924,-0.091932,-0.029299,-0.038457,0.596402
-0.07287,0.010653,-0.124975,-0.050271,0.769729
0.303468,0.330436,0.025476,0.072892,0.064714
0.127856,0.183575,0.153859,0.046426,0.267842
0.5,-0.309855,0.361193,0.222615,0.0
-0.210076,0.184992,-0.328685,-0.112374,0.0
-0.168302,-0.095478,-0.335731,-0.160133,0.29922
0.036649,0.136081,-0.080649,0.343227,0.347523
0.027073,0.3323,0.065474,0.230191,0.20917
-0.242052,0.200646,-0.384717,-0.145465,0.0
-0.032261,0.185878,-0.037356,-0.119422,0.54725
-0.146012,-0.04321,-0.108812,-0.298422,0.416654
-0.277596,0.119042,-0.197669,-0.005067,0.327007
0.024943,0.313317,-0.030696,0.149061,0.340629
0.199762,0.180304,0.054437,-0.050589,0.506568
-0.143014,-0.246597,0.246368,-0.07583,0.1632
0.096593,-0.5,0.154387,0.152522,0.020149
-0.173008,-0.011559,-0.199954,-0.284967,0.31313
0.062243,0.323668,0.090752,0.032391,0.331803
-0.352535,0.009934,-0.131694,-0.016866,0.507032
0.069607,-0.070808,-0.038612,0.067734,0.696714
-0.308107,0.140854,-0.164147,-0.219599,0.138211
-0.009333,0.265359,0.067609,0.122594,0.398704
-0.198924,0.089977,-0.248699,-0.36909,0.069238
0.355024,0.232125,0.484461,0.42979,0.045975
0.213786,0.268706,-0.014815,0.133045,0.186102
0.046568,0.259127,0.046825,-0.115741,0.390324
-0.09206,0.093392,-0.109513,-0.196584,0.3831
-0.270643,0.356196,-0.097082,-0.302101,0.041763
-0.375272,-0.046171,0.172886,0.074287,0.345771
-0.194204,-0.01763,-0.093542,-0.056703,0.644977
-0.142489,0.082114,-0.016792,-0.032881,0.720142
-0.187972,-0.092196,-0.140033,-0.256095,0.276356
-0.00534,0.006758,0.126531,0.049362,0.804943
-0.184009,0.203332,-0.091232,-0.09238,0.342991
0.139304,0.337785,0.083395,0.02863,0.19255
0.206753,0.246557,0.118412,0.054999,0.235828
0.091874,0.239086,0.05298,0.16312,0.374358
0.138137,0.218555,0.166579,0.117686,0.293304
-0.032851,-0.053884,-0.191807,-0.056159,0.663596
0.447212,-0.362013,0.021117,0.5,0.0
0.041354,-0.081948,-0.161102,0.065426,0.640944
0.041553,0.313868,-0.061726,0.268539,0.182695
-0.128849,0.034885,-0.203798,-0.273291,0.361228
0.088182,0.261001,0.019752,0.151448,0.323962
-0.212054,0.131528,-0.161097,-0.138495,0.358582
-0.194428,0.065902,-0.271972,-0.134897,0.283571
-0.057832,-0.245123,-0.152584,0.350603,0.058614
0.000891,-0.027646,-0.356436,-0.175426,0.449791
-0.236045,0.22981,-0.027731,-0.046489,0.269071
-0.021262,-0.071326,-0.00794,0.011101,0.838695
-0.062937,-0.086774,-0.004431,0.000978,0.753235
-0.165883,-0.156634,-0.081009,-0.160677,0.308706
-0.14034,-0.176006,0.255248,0.384232,0.014734
-0.202777,-0.027219,-0.092051,-0.145285,0.581825
0.068814,0.150119,0.003699,-0.046151,0.626047
-0.119699,-0.262884,-0.108121,-0.087028,0.306442
0.057265,0.093939,0.055332,-0.080474,0.65277
-0.140519,0.173313,-0.129485,-0.124192,0.397966
-0.25544,-0.399899,0.486247,-0.482884,0.044237
0.270439,-0.220353,0.427601,0.062861,0.0
0.039001,0.246149,0.244293,0.154973,0.24951
-0.036401,-0.055957,-0.120196,-0.311884,0.437815
0.052363,0.189354,0.074105,0.123072,0.559686
-0.149653,0.069489,-0.173511,-0.074587,0.588199
-0.12772,-0.197145,0.496505,0.381308,0.034803
0.196008,0.151054,0.214615,0.22238,0.137281
0.16742,0.15139,0.117747,-0.009473,0.48381
0.308476,0.234028,0.090421,0.035402,0.24515
-0.01276,0.017083,0.011736,-0.01192,0.9852
-0.091065,0.034983,-0.258172,-0.023721,0.512376
-0.017993,-0.006505,-0.246465,-0.5,0.21745
-0.096439,0.2431,-0.287881,-0.212503,0.047405
0.078857,-0.40878,0.123989,-0.149317,0.033867
-0.214284,-0.047796,-0.11934,-0.270145,0.384939
-0.110672,0.060988,-0.038409,0.015269,0.73492
-0.263152,-0.043381,-0.12473,-0.15101,0.393586
0.112922,0.218189,-0.129289,0.261805,0.157042
0.167797,0.146435,-0.135475,0.137183,0.428621
0.228179,0.056326,0.094979,0.081232,0.508849
-0.157284,0.193947,-0.050313,-0.345332,0.117124
0.192753,0.340272,-0.021066,-0.12912,0.034825
0.100179,-0.090662,0.11744,0.197382,0.442638
0.262804,-0.331953,0.000757,0.31447,0.0
-0.068703,0.145142,-0.288838,-0.07717,0.326312
-0.240837,0.048304,-0.178386,-0.248682,0.241508
0.018041,0.115713,0.5,0.195704,0.072979
-0.238652,-0.124667,-0.352278,-0.074731,0.124742
-0.055098,-0.125287,-0.141577,-0.088578,0.608711
0.187528,0.389494,0.073671,-0.10311,0.029696
-0.084602,-0.447445,0.143944,-0.371122,0.032219
-0.285017,-0.039534,-0.339321,-0.294969,0.032974
-0.256646,0.179891,-0.097239,-0.149687,0.148915
0.111234,0.398764,0.007104,-0.029449,0.33273
-0.382245,-0.059399,-0.114789,-0.104001,0.333638
0.160152,-0.351384,0.278386,0.080833,0.015649
0.045099,0.394995,0.254743,0.078811,0.0
0.125209,-0.235508,0.170308,0.154704,0.206442
0.037065,0.186608,0.054737,0.296294,0.324327
-0.065923,-0.303416,-0.083,-0.181104,0.258104
0.152643,0.176114,0.170957,0.225743,0.312423
0.201204,0.159081,-0.042646,0.106532,0.437369
0.158908,0.084987,-0.008415,0.061951,0.63935
-0.328506,-0.181784,-0.086419,-0.355595,0.0
0.054317,0.007829,0.007814,0.049527,0.830659
2.7e-05,-0.007113,0.010218,0.018621,1.0
0.142676,-0.156808,0.327899,0.154153,0.192829
-0.134698,0.250877,-0.15413,-0.21884,0.137555
-0.084832,-0.203039,0.5,0.303113,0.009212
-0.242759,0.116888,-0.15594,-0.104128,0.291892
-0.236772,0.014099,-0.298204,-0.275148,0.209128
0.436083,-0.088251,0.286098,0.274092,0.0
-0.134061,-0.06078,-0.26591,-0.232843,0.259637
0.351142,-0.023954,-0.011071,0.037201,0.565652
0.080011,-0.074685,0.049611,-0.010866,0.755178
-0.235634,-0.401119,0.127206,0.163293,0.046118
-0.074671,0.124033,-0.040039,0.235848,0.490065
-0.324711,-0.161754,-0.213748,-0.033134,0.083903
-0.190266,0.018279,-0.177467,0.022511,0.650769
0.195699,-0.296619,0.224041,0.193131,0.0
0.250476,0.339929,0.011499,0.218084,0.0
-0.147163,-0.068305,-0.11298,-0.160767,0.416931
0.015846,-0.108545,0.085622,0.164953,0.561894
-0.466152,0.008753,-0.217476,-0.17495,0.151919
-0.134746,0.088435,-0.158278,-0.18637,0.437931
-0.008,0.009355,0.028237,0.053575,0.882266
-0.249902,0.132195,-0.247637,-0.5,0.0
0.135612,0.286756,0.057966,0.010459,0.368983
0.232129,0.121856,-0.081564,0.216935,0.226295
-0.012512,-0.5,0.252069,0.122838,0.0
-0.185545,0.000366,-0.214828,-0.069049,0.527914
-0.070082,-0.037434,-0.203824,-0.28038,0.377371
0.175919,0.244526,0.138737,0.110383,0.187226
0.024877,0.053287,0.125006,0.003041,0.755444
-0.040582,-0.061544,0.032635,0.009799,0.787919
-0.16908,0.261493,-0.12842,0.203096,0.067281
-0.23383,0.186032,-0.349523,-0.318882,0.0
-0.20934,0.093179,-0.115219,-0.177539,0.359018
-0.257409,-0.09829,-0.11899,-0.194444,0.338739
0.208476,-0.300865,0.194482,0.179801,0.0
0.075161,0.211164,0.056749,-0.0123,0.591697
-0.140677,0.010981,-0.074968,-0.07467,0.713509
-0.225808,0.049019,-0.222411,0.027515,0.409359
-0.184993,0.050622,-0.227284,-0.334672,0.224949
-0.196678,0.048144,-0.299897,-0.014098,0.499327
0.132923,0.012568,0.093771,0.14295,0.643961
-0.082677,-0.481864,-0.174109,0.117957,0.0
0.291204,-0.329482,-0.097053,0.357994,0.003381
-0.099695,0.366451,0.056657,0.005381,0.253996
0.020472,-0.054602,-0.040991,-0.062926,0.82584
-0.158277,0.042104,-0.10134,-0.316406,0.412477
-0.265544,-0.5,0.31316,0.238845,0.10673
-0.089161,0.422226,-0.036903,-0.48233,0.0
-0.067101,-0.094524,-0.093063,-0.03075,0.659549
-0.169051,0.014343,-0.084634,-0.184705,0.454922
-0.335255,-0.372363,0.5,0.280243,0.111204
-0.203242,-0.328354,0.424808,0.137096,0.0
-0.150927,-0.002195,-0.019032,-0.142961,0.758019
-0.380155,-0.008164,-0.329217,-0.11474,0.097408
-0.148618,-0.130127,-0.23032,-0.154229,0.257321
0.068716,0.125314,0.205134,0.044446,0.481032
0.179073,0.260525,0.140939,0.134052,0.14759
-0.125941,-0.215958,0.221075,0.129439,0.187609
0.268067,-0.281591,0.220379,0.354103,0.0
-0.279569,-0.086592,-0.192676,-0.340829,0.066445
-0.246968,0.067755,-0.303657,-0.072154,0.262617
-0.298,-0.067895,-0.142523,-0.128439,0.365513
-0.273307,-0.412336,0.218696,0.257689,0.018538
0.051139,0.071158,-0.16007,0.28534,0.394686
0.335013,-0.361845,0.363054,0.070132,0.061823
-0.224065,-0.082718,-0.046143,-0.129445,0.463799
-0.291204,0.258203,-0.24592,-0.134003,0.057297
-0.261339,0.066404,-0.239528,-0.141487,0.256241
-0.095869,0.453228,0.006399,-0.107271,0.175114
0.032939,-0.307771,0.432407,0.155396,0.0
-0.233766,0.158456,-0.064597,-0.020875,0.436234
0.185912,0.217141,-0.170886,0.042635,0.32786
-0.011644,-0.063069,-0.036997,-0.018381,0.820667
0.046822,0.013932,-0.021914,0.020101,0.880057
-0.365984,0.040595,-0.28016,-0.308726,0.0
-0.162343,0.442523,-0.240373,-0.184584,0.021435
-0.156085,0.10219,-0.196378,-0.156458,0.40992
-0.233345,0.096626,-0.073266,-0.189201,0.331735
-0.013385,0.067107,0.068211,0.083897,0.7235
0.268666,-0.003623,0.358849,-0.093928,0.291416
0.067487,0.210206,0.025508,0.110643,0.538009
0.113841,0.170307,0.208166,0.183029,0.131643
-0.254052,-0.137392,-0.167501,-0.258893,0.168116
0.172294,-0.253355,0.095719,0.158034,0.247611
-0.010527,0.026002,-0.108382,0.04552,0.731655
-0.124464,-0.03629,-0.126728,-0.160532,0.507724
-0.02377,0.031525,0.064379,0.014344,0.798626
-0.098624,-0.125744,-0.276761,-0.163154,0.231055
-0.270762,-0.158678,-0.196289,-0.053763,0.23887
-0.111829,-0.5,0.343124,-0.016573,0.03506
0.243312,0.256289,-0.129828,-0.108165,0.11971
0.072979,0.122743,-0.055086,0.179217,0.553783
-0.232944,0.126894,-0.130164,-0.135648,0.363104
-0.195513,0.036265,0.013428,-0.081962,0.672979
-0.006904,-0.008342,-0.013746,-0.01521,0.886287
0.20282,0.189477,-0.110764,0.17171,0.204708
-0.03158,-0.358955,-0.050544,0.452943,0.058436
0.053102,-0.075307,0.053602,-0.346024,0.512801
0.156916,0.384777,0.142525,0.184863,0.0
0.089279,-0.000315,0.255499,0.0608,0.611674
0.360047,-0.5,0.5,0.044366,0.0
-0.009415,-0.068279,-0.072207,-0.271348,0.592893
-0.213683,-0.092869,-0.212764,-0.190094,0.266099
0.002621,0.089647,-0.203934,-0.1755,0.456462
0.134841,0.223394,-0.02169,0.143726,0.493199
0.062356,0.434163,0.13555,0.196032,0.047015
0.04366,-0.273349,0.435586,0.116441,0.021934
-0.128034,0.033737,-0.134108,-0.19657,0.469398
0.342219,0.164151,0.064134,-0.008343,0.26317
-0.006839,-0.057444,-0.01451,-0.057124,0.869561
-0.218815,0.195131,0.100549,0.072255,0.307303
0.133435,0.128128,0.068182,-0.026628,0.467913
0.142125,0.070504,-0.037629,0.03074,0.696848
-0.41443,0.098278,-0.422315,-0.403555,0.005231
0.10905,-0.5,0.43097,0.253125,0.021486
-0.09608,0.223104,-0.180565,-0.137131,0.227431
-0.187577,0.285756,-0.037588,-0.176594,0.126516
-0.027069,0.067625,-0.437785,0.014063,0.376851
-0.266819,-0.080384,-0.191426,-0.269804,0.118857
0.150664,-0.120376,-0.184459,-0.21781,0.299149
0.040526,0.073251,-0.048241,0.003129,0.818585
0.022173,0.017682,0.08434,-0.1055,0.745302
0.119311,0.359176,0.105017,-0.041373,0.200879
-0.04626,0.107289,-0.260001,-0.20578,0.393002
-0.205272,0.069526,-0.281682,-0.166548,0.241794
0.11763,-0.5,0.5,0.262237,0.017995
0.289328,-0.155178,0.5,-0.075306,0.0
-0.232792,0.171668,-0.073571,-0.167064,0.2609
-0.125391,0.177058,-0.207522,-0.290707,0.111564
0.161708,0.150058,0.116516,0.038667,0.457341
-0.171534,-0.170284,-0.207297,-0.273837,0.093869
0.101612,0.209104,0.080218,0.247381,0.298907
-0.168542,0.051981,-0.154263,-0.161547,0.47161
-0.202543,0.144207,-0.05007,-0.126798,0.31989
0.184669,0.215585,0.169653,0.055111,0.30175
0.199372,0.064733,0.010368,0.265217,0.368579
0.137003,0.150701,0.121608,0.060092,0.482075
-0.083227,0.112182,-0.085787,-0.19926,0.489169
-0.372092,0.004732,-0.2969,-0.232429,0.065365
-0.03152,-0.138889,0.348195,0.187876,0.261541
-0.131062,0.102658,-0.236987,-0.19392,0.241917
0.171154,0.310867,-0.048127,0.046913,0.120274
-0.12578,0.013305,-0.190718,-0.009871,0.677186
-0.071617,-0.306835,-0.027163,0.012131,0.510424
-0.33453,0.073292,-0.196268,0.012075,0.305389
-0.200407,-0.108811,-0.203453,-0.148837,0.266286
-0.08914,0.294455,-0.26895,-0.185249,0.048459
-0.157054,0.033786,-0.192372,-0.095219,0.562828
-0.194499,0.027647,0.161863,0.141557,0.463392
0.174728,-0.150947,0.16508,0.19512,0.234343
0.099208,0.234513,0.14807,0.275574,0.145928
-0.023146,-0.25367,0.206632,0.175505,0.150402
0.067052,0.146653,0.179903,0.1834,0.292161
0.170856,0.12302,0.118895,0.01508,0.561567
-0.019235,0.064202,-0.003171,0.011253,0.888188
-0.189399,0.119202,-0.260875,-0.35412,0.0
0.118434,0.151059,0.165448,0.181826,0.327154
-0.12837,-0.097631,-0.11323,-0.187061,0.486328
-0.070842,-0.005154,-0.22423,-0.056322,0.581641
-0.120909,-0.220621,-0.121317,-0.143274,0.312657
-0.137968,0.037417,0.040347,-0.217461,0.499908
-0.288607,0.0153,0.055031,-0.267061,0.477256
-0.350923,-0.27003,-0.171328,-0.240376,0.0
-0.325833,-0.464261,0.234898,-0.130525,0.0
0.125257,0.293478,-0.080079,0.238024,0.101747
-0.22638,0.038623,-0.283527,-0.084969,0.31736
-0.143941,-0.109587,-0.293304,-0.150333,0.214834
-0.001141,0.205617,0.07102,0.160367,0.473624
-0.039825,-0.01874,0.037991,0.032404,0.90342
-0.315826,0.073638,-0.203561,-0.330317,0.0
0.047689,0.206775,0.165149,0.180163,0.368993
-0.183582,0.256867,-0.22878,-0.308496,0.061804
-0.104762,0.145428,-0.078563,-0.101613,0.542224
0.006207,0.073633,-0.069441,0.090198,0.675528
-0.116309,0.242763,-0.218525,-0.200686,0.137201
0.240719,0.295759,0.030228,0.09509,0.138093
0.111424,0.037135,-0.088015,-0.357203,0.36974
-0.138902,0.21246,-0.129158,-0.110554,0.354626
0.348333,-0.317235,0.5,0.128925,0.047757
0.099607,0.165548,0.093318,0.095868,0.467418
-0.177058,0.098629,-0.085775,-0.266675,0.256701
-0.014914,0.040769,-0.053941,0.043099,0.839042
-0.013135,0.175058,-0.039001,0.104145,0.683174
-0.274526,0.027829,-0.085217,-0.076833,0.632036
0.259572,0.257586,-0.032454,0.089354,0.258927
-0.202154,-0.04681,-0.197763,0.110882,0.437406
-0.133492,0.122663,-0.181843,-0.18248,0.303746
-0.392817,0.025372,-0.21411,-0.102934,0.293492
-0.411289,-0.062815,0.065547,0.051068,0.468617
0.075423,0.202367,-0.108194,0.076873,0.44375
-0.300272,-0.00856,0.325881,-0.078288,0.222696
0.277293,0.023046,0.5,0.24262,0.012328
0.008086,-0.210891,0.38261,0.379572,0.038978
0.312653,-0.134385,0.342607,0.132714,0.0
-0.012426,0.087793,0.155252,0.077039,0.497419
-0.093824,-0.031441,-0.139448,-0.217278,0.541923
0.071365,0.132356,-0.023439,0.049556,0.662842
0.291443,-0.142273,0.115127,0.253703,0.088135
0.152011,0.192921,-0.005171,0.108077,0.466619
-0.109834,-0.017308,-0.207172,-0.285155,0.404943
0.057012,0.402945,0.170597,0.152212,0.000761
-0.007587,0.0091,0.042495,-0.0579,0.863031
0.044608,-0.143802,0.184286,0.255689,0.273642
0.006711,-0.003442,0.005642,-0.017051,1.0
-0.283508,0.183131,-0.032254,-0.226339,0.13831
0.054114,-0.072455,0.023509,-0.045515,0.687782
-0.173201,0.066865,-0.198706,-0.06269,0.412656
-0.033638,0.001519,-0.040704,0.003119,0.890172
0.128565,-0.045968,0.216365,-0.014431,0.549906
-0.082591,0.226071,-0.096942,0.230608,0.257894
-0.301589,0.246371,-0.026386,-0.303159,0.0
-0.318116,-0.045897,-0.304906,-0.147502,0.16333
0.246478,0.132917,0.058528,0.240586,0.303376
-0.06681,0.220121,0.017976,-0.173895,0.418321
-0.034074,-0.305161,0.42092,-0.148673,0.075699
-0.367398,-0.460669,0.308255,0.195737,9.3e-05
-0.002126,0.278811,0.442995,0.190691,0.0
-0.176937,0.116465,-0.09082,-0.318723,0.319933
0.074605,-0.08519,-0.078709,-0.052281,0.669941
0.114957,-0.388924,0.027094,0.037698,0.264165
-0.303481,0.143712,0.005486,-0.176197,0.284073
-0.104913,0.063976,-0.082528,-0.122189,0.609374
0.08952,0.116383,0.022938,0.255894,0.421413
-0.053268,0.5,-0.004352,0.136244,0.0
-0.082333,0.008897,-0.117315,-0.10981,0.626431
-0.176722,0.11928,-0.022452,-0.108406,0.523851
0.153548,-0.334586,0.18794,0.189853,0.0
-0.100961,-0.025061,-0.272817,-0.178167,0.410931
0.007467,0.1358,-0.041568,-0.068724,0.65502
0.5,-0.464216,0.5,0.205176,0.0
-0.059415,0.218931,-0.142166,-0.311375,0.140755
0.094349,0.117761,0.015047,0.096733,0.621382
-0.052989,0.258567,-0.017402,0.109726,0.427176
-0.128241,-0.445309,0.192844,0.21189,0.003577
-0.029797,0.126972,0.027057,-0.111746,0.65577
-0.226256,0.013649,-0.255055,-0.373921,0.118679
0.000392,-0.188418,0.372403,0.272754,0.0961
0.06767,0.044502,0.117458,0.087198,0.634788
0.055111,0.319885,0.154037,-0.049565,0.358833
0.4292,-0.23458,0.5,0.180199,0.022681
-0.001468,0.124903,-0.184883,-0.189044,0.418976
-0.220613,-0.022742,-0.007044,-0.409887,0.383505
-0.209007,0.23948,-0.236381,-0.106,0.035087
-0.059285,0.026686,-0.048013,0.02877,0.865512
-0.178795,0.021557,-0.317942,-0.260632,0.187124
0.298734,-0.143193,0.268338,0.16963,0.118091
-0.280789,0.07164,-0.003748,0.027062,0.6244
0.058365,-0.131767,0.346641,0.062891,0.321637
-0.224716,0.11379,-0.291137,-0.180815,0.111843
0.18196,-0.036581,-0.01015,0.062767,0.645758
-0.117251,0.248044,-0.23479,-0.31454,0.052634
-0.041098,0.5,0.117336,-0.009054,0.00675
0.017396,0.017795,-0.050003,-0.126833,0.809434
0.150583,-0.395104,0.067696,0.097692,0.128482
-0.184444,0.161077,-0.190937,-0.380707,0.0
0.052578,-0.142273,-0.236162,-0.175255,0.35308
-0.110991,0.074507,-0.177403,-0.470728,0.072891
-0.379306,0.043343,-0.049121,-0.283026,0.177675
-0.098756,0.194035,0.057182,0.021801,0.508572
-0.029876,0.195767,-0.147343,-0.212681,0.309656
-0.22347,-0.079549,-0.209735,-0.415133,0.015941
0.033287,0.27473,0.00934,-0.064084,0.357483
0.306016,-0.19596,0.44944,0.404246,0.022242
0.129449,-0.095556,0.5,0.176977,0.112361
-0.155835,0.005064,0.22709,0.268141,0.42122
-0.158861,-0.036527,-0.089546,-0.262563,0.492791
0.267796,0.363587,0.127852,0.015759,0.050004
-0.016502,-0.024769,-0.00497,-0.002233,0.973393
0.098222,0.023536,0.203035,0.254124,0.404759
0.027237,0.244643,-0.033373,0.049471,0.570824
-0.107515,0.185846,0.05578,-0.031979,0.600657
0.114685,0.199417,-0.023028,0.273438,0.30495
-0.198956,0.129353,-0.199534,-0.308368,0.106205
-0.094075,-0.422744,-0.112632,0.194319,0.046058
0.072559,0.209712,0.118545,0.020052,0.414881
-0.077912,-0.033197,-0.073595,-0.357977,0.470511
-0.217219,-0.418502,0.099062,0.077307,0.09163
-0.121689,0.127342,-0.148003,-0.188269,0.389632
-0.19414,0.122089,-0.18011,-0.082665,0.376723
0.080553,0.246425,0.192131,0.02029,0.403545
0.206673,0.029076,0.127471,-0.091478,0.531717
-0.379072,-0.386317,0.200903,0.244371,0.0
-0.247661,0.014756,0.057974,0.107024,0.581354
0.024448,0.007893,0.5,0.108506,0.398855
-0.080754,-0.297575,0.425107,0.232015,0.0
-0.307679,0.093673,0.5,-0.001765,0.030556
-0.090969,-0.292319,0.5,-0.058131,0.0
-0.23231,-0.423543,0.304313,0.15659,0.0
-0.259568,-0.039416,-0.210827,-0.09008,0.362634
0.028492,0.242683,-0.180423,0.04509,0.317429
-0.334035,0.121356,-0.19865,-0.172935,0.12297
0.038914,0.311244,0.035767,0.199228,0.261646
0.44661,-0.349965,0.225495,0.09402,0.0
0.197163,0.270896,0.198478,0.288607,0.0
-0.086916,0.080294,-0.3639,-0.308696,0.24416
-0.181365,0.101174,-0.28454,-0.35013,0.045547
-0.22577,-0.108926,0.042333,-0.22779,0.407999
0.224793,-0.132626,0.5,0.165424,0.004481
-0.215324,-0.02281,-0.052048,-0.067143,0.786689
0.283638,-0.388034,0.5,0.375102,0.0
0.097261,-0.234938,0.083848,0.373347,0.029548
-0.034305,-0.4628,0.170417,0.132053,0.002197
-0.072068,0.076385,-0.161693,-0.154302,0.501511
-0.252586,0.124586,0.060559,-0.386282,0.078805
0.139571,0.257584,-0.011507,0.218753,0.248746
-0.027774,0.208763,0.023127,0.310482,0.296132
-0.014262,-0.020813,-0.120956,-0.223932,0.538032
0.007433,-0.022979,0.285699,0.218989,0.498678
-0.029298,-0.397867,0.364435,0.253607,0.009992
-0.369599,0.150765,-0.354608,-0.220604,0.0
-0.139605,0.028727,-0.17407,-0.209214,0.503664
0.198923,-0.32563,0.186105,-0.090924,0.019029
-0.1996,-0.0656,0.08577,-0.472442,0.177537
-0.199562,-0.003641,-0.168084,-0.19332,0.366553
0.048971,0.203306,0.059985,0.210957,0.399626
-0.022027,-0.003499,-0.072439,-0.057947,0.83909
-0.154955,0.095521,-0.134028,-0.117009,0.441608
0.115166,-0.141887,0.22945,0.498926,0.002711
0.077628,-0.319809,0.409218,0.004257,0.014235
-0.190915,0.04642,-0.211128,-0.457785,0.060147
-0.097628,-0.079804,-0.323476,-0.078121,0.301108
-0.022843,-0.098925,-0.004231,-0.023996,0.654915
-0.353439,0.161133,-0.042603,-0.155413,0.260487
-0.256836,0.0121,-0.149252,-0.09481,0.48139
-0.007923,-0.116861,-0.13754,-0.160178,0.493822
-0.290374,-0.003768,-0.273567,-0.130479,0.312458
0.004527,-0.033382,0.014249,-0.039719,0.907979
-0.313572,0.104367,0.038287,-0.159297,0.394584
-0.346366,-0.160114,0.258803,0.5,0.069063
-0.146304,0.106001,-0.365689,-0.446685,0.023787
0.079598,0.280134,0.11222,-0.05896,0.30017
-0.142366,-0.053417,0.037324,0.048511,0.720802
0.396907,-0.15369,0.05845,0.182009,0.146686
0.042999,0.191266,-0.189594,0.016888,0.374804
-0.016079,-0.042146,0.5,0.076266,0.340435
-0.156472,0.288918,-0.200335,-0.285028,0.0
-0.018188,-0.066448,-0.07611,0.059337,0.728342
-0.224701,-0.046634,0.076344,0.204504,0.449483
0.011559,-0.023905,0.041067,-0.069843,0.818495
-0.190496,-0.094482,-0.213289,-0.12128,0.26673
0.037743,0.083387,-0.031113,0.022959,0.835282
-0.214837,-0.153107,-0.126637,-0.177835,0.221183
-0.188709,0.263725,-0.014222,-0.101531,0.325961
-0.004842,-0.008793,-0.088712,0.211431,0.657856
-0.209732,0.029679,-0.187018,-0.136602,0.381798
-0.132031,0.204789,-0.292816,-0.083378,0.23193
0.011975,0.133894,0.071545,0.032651,0.605073
-0.254219,-0.083108,-0.179509,-0.1344,0.236684
0.121522,0.042805,0.0098,-0.004567,0.803189
0.249859,-0.066277,0.247259,0.121371,0.345785
-0.066561,0.069809,0.060411,-0.124268,0.656072
-0.117963,0.082435,-0.127443,-0.139288,0.499286
-0.242533,-0.088141,0.441013,0.5,0.005968
-0.100749,0.175792,-0.080486,-0.0202,0.455051
-0.467117,0.190594,0.277226,-0.010947,0.059108
-0.371424,-0.190185,-0.106958,0.328521,0.0
-0.242934,0.267444,-0.325673,-0.055531,0.028404
0.208812,-0.157216,0.364435,0.008447,0.2445
-0.167708,-0.038125,0.196964,0.123022,0.476446
-0.175879,0.013986,-0.120011,-0.191959,0.435918
0.050415,0.055067,-0.075823,-0.007533,0.761007
-0.04594,-0.403907,0.13985,0.342863,0.014062
-0.095978,0.123055,-0.161757,-0.117559,0.446958
-0.073033,0.383348,-0.005484,0.122617,0.179833
-0.169826,-0.265188,0.263258,0.044132,0.037382
-0.099432,-0.148168,-0.249124,-0.230714,0.188624
0.013379,0.219513,-0.336342,-0.283162,0.063309
0.160268,0.149175,0.10878,0.113783,0.475541
-0.029854,0.00728,0.048187,0.060876,0.798997
-0.260913,0.163319,-0.230185,-0.162714,0.188841
0.237691,0.254369,0.091601,0.081298,0.18123
-0.200739,-0.5,0.051176,0.270215,0.0
0.036141,0.164203,0.043896,0.200342,0.422419
-0.149038,0.003699,0.011375,-0.440497,0.411042
0.141275,0.301056,0.203089,0.176695,0.0
-0.067359,0.128871,-0.096735,0.240116,0.355633
-0.109805,-0.089428,-0.101649,-0.412376,0.190034
0.025232,-0.032304,0.026178,0.025195,0.848372
-0.058504,-0.234995,0.24499,0.062986,0.18428
-0.001041,0.092643,-0.03159,-0.019301,0.866603
0.200745,0.259141,0.244295,0.128227,0.0
-0.001321,0.001008,0.002064,-0.013217,0.972217
-0.273107,0.152595,0.119575,-0.049261,0.241934
-0.246142,0.04495,-0.045102,-0.434596,0.228685
0.099064,0.156322,0.070665,0.029964,0.525801
-0.205461,0.243954,-0.026663,-0.226299,0.215741
0.159772,0.197401,0.068958,-0.129674,0.417878
0.176666,0.37296,0.029899,0.075699,0.202835
-0.197039,0.076035,-0.200423,0.004956,0.437828
0.132942,0.261106,0.103999,0.022036,0.339453
-0.049175,0.091602,-0.11794,-0.107278,0.682833
-0.062155,0.177331,-0.257526,-0.309372,0.020531
-0.266583,0.120648,0.002156,-0.255211,0.276309
-0.34475,0.150431,-0.187463,-0.218019,0.06683
0.082948,0.266145,0.136258,0.155566,0.216152
0.191961,0.420019,0.027862,0.168985,0.0
0.265824,-0.196252,0.135088,0.081657,0.230643
0.176937,0.068409,0.005916,0.232097,0.423213
0.159696,0.355912,0.114968,0.080555,0.100525
0.111224,0.266321,0.128105,0.062728,0.268969
-0.099081,0.016602,-0.162193,-0.169663,0.503733
0.048651,0.166862,0.128552,0.248012,0.412448
0.04887,0.304882,0.06976,0.087976,0.329848
0.261456,0.058372,0.486558,0.020629,0.086402
0.05826,0.095847,-0.435032,-0.076933,0.275485
-0.172155,0.130045,-0.314922,-0.238611,0.196387
-0.108091,0.042092,-0.212712,-0.24619,0.277056
0.171272,-0.169415,0.325067,0.101812,0.163846
0.001562,-0.10004,-0.077543,-0.070521,0.619702
-0.007258,0.010274,-0.163178,0.088613,0.728705
0.06227,0.284293,-0.035373,0.076064,0.433318
-0.072099,0.042322,0.016038,-0.309766,0.501291
-0.096547,-0.11347,-0.108977,-0.066156,0.563883
-0.244741,-0.048844,-0.437482,-0.095051,0.152231
0.038029,0.066094,0.200422,0.096885,0.544868
0.082036,0.193705,0.162266,0.008391,0.429902
0.127595,0.172916,0.190453,0.082932,0.329039
-0.314218,-0.057933,-0.010267,0.028415,0.60889
0.053865,0.247111,0.176354,0.110736,0.339534
0.168539,0.198155,0.08674,0.086665,0.35964
0.181202,0.276137,0.097821,0.162078,0.068016
0.036267,0.037268,0.01237,0.041963,0.906157
0.016613,-0.036302,-0.122919,-0.11001,0.774988
-0.15657,0.014251,-0.106529,0.092367,0.664136
0.028328,-0.010116,-0.090303,-0.049405,0.8344
0.09127,0.315755,0.045185,0.115967,0.205853
-0.215104,-0.5,-0.211464,0.5,0.0
-0.023441,-0.021523,-0.047392,-0.043434,0.814496
0.133412,0.1493,0.057189,-0.026013,0.521951
-0.006036,-0.039043,-0.066141,-0.004524,0.888393
0.045544,-0.018469,0.360987,-0.068795,0.493713
0.075258,0.148082,-0.161856,0.083204,0.407438
-0.091324,0.09557,-0.154589,-0.116182,0.492515
-0.016544,0.058162,-0.069972,-0.01372,0.806828
-0.082899,0.058909,-0.180923,-0.342746,0.272935
-0.280238,0.004261,-0.116782,-0.158818,0.479814
-0.25834,0.235572,-0.218327,-0.196347,0.0
0.005877,-0.169262,0.402076,-0.050619,0.26299
-0.215227,0.018957,-0.235423,-0.143568,0.340828
0.299125,-0.267918,0.055904,0.171995,0.138112
0.02984,0.297868,0.05494,-0.036242,0.471916
0.051961,0.103834,0.013185,0.147807,0.653223
-0.102815,0.015589,0.046341,0.00892,0.778893
-0.155836,-0.070329,-0.5,-0.283498,0.0
-0.10314,-0.00369,-0.189094,-0.270879,0.441276
0.146309,0.229226,-0.04208,0.10045,0.309402
-0.206023,0.158911,-0.199052,-0.225741,0.070937
-0.179587,0.10264,-0.109221,-0.061641,0.452036
-0.171638,-0.068703,-0.106521,-0.145107,0.427119
-0.226313,-0.5,0.5,0.036434,0.0
-0.117483,0.256337,0.081225,0.257864,0.213058
0.29611,0.309162,0.043186,0.078789,0.138231
-0.178547,-0.151817,-0.041682,-0.312254,0.21847
0.115744,0.165271,0.080446,0.206219,0.480385
0.099128,0.223412,0.032663,0.067524,0.531874
-0.338957,0.180359,-0.284333,-0.164493,0.0
-0.062182,0.063866,-0.228247,-0.297912,0.348258
0.176534,0.353952,0.100938,0.321298,0.004109
-0.20455,0.135791,0.132922,-0.371737,0.15958
0.067002,0.135551,0.047053,0.083231,0.543209
-0.02674,0.04794,-0.020539,-0.031079,0.894708
0.047731,0.04986,0.075598,0.065247,0.756751
0.494592,-0.291984,0.190071,-0.117911,0.0
-0.235717,0.199886,-0.162902,-0.239428,0.0
-0.187322,-0.004993,-0.298148,-0.073468,0.374726
0.27745,-0.295517,0.462459,0.455576,0.004682
0.039887,-0.487214,0.432142,0.275608,0.009146
-0.058581,0.204061,-0.328227,-0.002455,0.185305
0.045198,0.197703,-0.071303,0.088562,0.519371
0.308473,-0.412967,0.404904,-0.036331,0.0
-0.131976,-0.13701,-0.125538,-0.133046,0.412442
0.134375,0.244683,0.011685,0.21178,0.238505
0.070566,-0.008369,0.361857,0.380675,0.1922
0.02069,-0.06671,0.036063,-0.062936,0.779074
-0.35084,-0.195572,-0.135601,-0.121309,0.081051
0.167616,-0.311405,0.483571,0.5,0.008274
-0.272046,-0.012992,-0.041502,-0.200584,0.375093
-0.198486,0.073446,-0.000103,-0.171846,0.533973
-0.484763,0.087676,-0.247681,-0.272729,0.082189
0.450359,-0.5,0.089659,-0.063103,0.0
0.006215,-0.0457,-0.044632,-0.012038,0.874373
-0.11412,0.141601,-0.109961,-0.316407,0.332512
0.020669,0.230222,0.148972,0.199408,0.291863
-0.095452,0.225421,-0.115047,-0.219708,0.183763
-0.216668,0.022778,-0.120788,-0.054593,0.540279
-0.155096,0.235508,-0.232389,-0.098663,0.159193
-0.154409,-0.140231,-0.172898,-0.278702,0.238372
-0.15575,0.115102,-0.211914,-0.071902,0.3649
-0.049657,0.243552,-0.009537,0.144944,0.380244
0.294182,0.353863,0.037772,-0.153463,0.0
0.067002,0.393693,-0.140521,0.032101,0.139828
-0.373697,-0.013485,-0.193116,-0.276952,0.205578
-0.278342,-0.012136,-0.214951,-0.285672,0.223641
-0.119149,-0.122712,0.462704,0.381686,0.0
-0.052006,-0.145318,0.181821,0.127243,0.461831
-0.15847,0.025187,-0.427255,-0.122393,0.403857
-0.2377,-0.168251,-0.313519,-0.051114,0.150949
-0.174817,0.027114,-0.191805,-0.067789,0.461276
0.334311,-0.327,0.281061,-0.006193,0.0
-0.291364,-0.453563,-0.018716,0.108641,0.0
-0.190973,0.10145,-0.149279,-0.125408,0.433112
-0.0337,-0.012874,0.011233,0.089369,0.816199
-0.135219,0.031272,-0.083367,-0.234152,0.549993
0.023858,-0.204708,0.24755,0.040347,0.408621
0.047141,0.269673,0.053903,0.06781,0.447895
0.200284,-0.011933,0.426784,0.232447,0.097052
-0.283662,-0.042771,-0.077094,-0.231337,0.371768
-0.144807,0.236284,-0.091992,-0.426645,0.0
-0.099512,0.033475,-0.231563,-0.273281,0.42765
0.019189,0.244736,0.042169,-0.045943,0.576891
0.022211,0.050541,-0.254419,-0.171348,0.506931
-0.225868,0.11462,-0.089407,-0.211159,0.291751
0.284681,-0.306624,0.312882,0.036748,0.0
0.137345,-0.466324,0.254029,-0.028903,0.00383
0.258411,-0.190729,-0.182375,0.025554,0.261364
-0.081726,0.210584,-0.32433,-0.287832,0.0
-0.049047,-0.213105,-0.209639,-0.206969,0.228406
0.261436,-0.187628,0.208932,-0.184831,0.106811
0.081081,0.289025,0.136047,0.348846,0.0
-0.026424,0.09612,-0.27134,-0.12604,0.462416
-0.221447,-0.033599,-0.139922,-0.094795,0.498959
-0.031717,0.090233,-0.044235,0.008023,0.879094
0.189181,-0.018197,0.171101,0.142661,0.470082
-0.197961,0.044182,-0.197834,-0.051233,0.526891
0.127925,0.212177,-0.03473,0.165898,0.398245
0.5,-0.368674,-0.016626,0.276166,0.0
-0.053862,-0.005511,-0.012033,0.053005,0.858561
-0.084829,-0.021928,-0.103803,0.133972,0.605163
-0.049949,-0.003084,0.019926,-0.042829,0.81097
0.013603,-0.3378,0.5,0.492346,0.072009
0.140232,-0.484532,0.018939,-0.058113,0.048751
-0.303375,0.348629,0.200434,-0.159306,0.0
-0.08327,0.038353,-0.028013,-0.090935,0.721905
-0.154481,0.159087,0.019577,-0.043213,0.614446
-0.14789,-0.5,0.363801,0.360564,0.024611
-0.083172,0.03819,-0.012009,-0.232036,0.57985
0.155308,-0.128098,-0.159429,0.274975,0.214001
-0.204044,0.145443,-0.180319,-0.385289,0.0
-0.227451,-0.018921,-0.073669,-0.118715,0.610883
0.050456,0.0094,0.034653,0.03419,0.861503
-0.192381,0.113187,-0.336228,-0.240272,0.001687
0.120369,0.414753,0.080553,0.04724,0.197302
-0.065551,-0.5,0.062519,0.5,0.125947
-0.377775,0.145455,-0.114115,-0.270089,0.059579
0.041446,-0.050431,-0.031872,0.223287,0.720644
-0.083582,-0.472629,0.148679,0.046679,0.0
0.036506,0.011573,-0.024925,0.019583,0.932836
0.326634,-0.44557,0.302914,0.005367,0.0
-0.111769,-0.172203,0.139551,0.20008,0.283774
0.097328,0.046515,-0.06517,0.107061,0.674807
-0.336706,0.136235,-0.090091,-0.255704,0.155987
-0.142116,0.086245,-0.318446,-0.307281,0.121268
-0.229672,0.016036,-0.158924,-0.147338,0.49059
-0.417977,-0.430204,0.458428,0.125855,0.047959
0.040323,0.06765,-0.028142,-0.017622,0.845383
0.100645,-0.466373,0.128717,-0.078259,0.027995
-0.301467,-0.08217,-0.31931,-0.342432,0.015402
-0.002328,0.166759,-0.290569,-0.11171,0.375012
-0.351147,0.076273,-0.045397,-0.218873,0.300281
-0.138711,-0.046178,-0.174261,-0.254469,0.425833
-0.053171,0.013897,-0.055184,-0.032139,0.8726
0.120285,0.270774,0.035949,0.15758,0.224266
0.016048,0.162436,-0.179716,-0.347342,0.305663
0.052167,-0.018261,0.068258,-0.025105,0.870213
-0.182798,-0.081871,-0.229847,-0.176493,0.316063
-0.377068,-0.010678,0.3646,0.245676,0.0
-0.095204,0.046602,-0.037473,-0.134517,0.604116
-0.196787,0.262902,-0.195855,-0.200073,0.079711
-0.067779,0.015181,0.069952,0.218959,0.643825
-0.254612,-0.118174,-0.110012,0.013932,0.394945
0.162351,0.079004,0.042767,0.261476,0.411294
-0.191432,-0.017236,0.022847,-0.311537,0.456389
-0.021447,0.194307,0.082363,0.123639,0.410667
-0.297197,0.016596,0.007318,-0.193781,0.46172
0.262418,0.311834,0.069175,0.14641,0.129334
0.220599,0.322169,0.139587,0.281198,0.0
-0.058267,-0.022272,-0.004929,-0.026004,0.920871
-0.312639,0.086074,-0.165168,-0.275506,0.044922
-0.486378,0.035705,-0.012756,-0.136769,0.317327
-0.163053,0.17184,-0.225503,-0.194563,0.187107
0.133307,0.067164,0.168679,0.056493,0.571886
-0.102611,0.016712,0.087512,-0.458109,0.309558
-0.053686,-0.05467,0.020984,-0.032985,0.85074
0.187508,0.281644,0.150384,0.095651,0.118193
-0.304732,0.088784,-0.050716,-0.156385,0.463609
0.013723,0.012208,-0.266826,-0.361208,0.368628
0.02079,0.166963,-0.00918,-0.024938,0.669391
-0.206126,0.187609,-0.215829,-0.197943,0.051418
0.137179,0.242691,-0.032221,0.272693,0.181618
0.00951,-0.116268,0.257912,0.17115,0.459538
-0.412036,0.135943,-0.033343,-0.290829,0.0
0.067612,-0.5,0.320884,0.00994,0.0
-0.051668,-0.00957,-0.017649,0.06191,0.885843
0.379223,-0.230766,0.179417,0.089893,0.0
-0.013524,0.071399,-0.026939,0.047925,0.778865
-0.123454,0.046828,-0.076597,-0.178872,0.470978
-0.269002,-0.0361,-0.024102,0.032764,0.614588
-0.150541,0.140891,-0.140634,-0.283494,0.22297
-0.198959,-0.013166,0.243069,0.360011,0.10229
-0.179045,0.034064,-0.140173,-0.131373,0.456434
-0.081259,0.193618,-0.043818,-0.127048,0.428572
-0.173397,0.132434,-0.135172,-0.22538,0.299439
0.005796,-0.292811,0.379236,0.107013,0.122967
0.097019,0.299867,0.09251,0.052707,0.389829
-0.105078,-0.057314,-0.161708,-0.108568,0.480526
-0.102223,-0.043737,-0.070957,0.033995,0.774732
-0.295063,-0.265549,0.428773,0.181937,0.0
0.487044,0.096748,0.370329,0.188371,0.0
0.027698,0.098736,-0.099519,0.038163,0.675719
0.054234,0.184606,0.131825,0.12265,0.483258
-0.138621,0.088749,-0.198274,-0.395701,0.135369
0.142339,0.21114,0.097128,-0.137224,0.290332
0.5,-0.347824,0.093132,0.448783,0.0
-0.095488,-0.002291,-0.068534,0.415917,0.390005
-0.059799,0.219988,0.007986,0.335996,0.312811
-0.264016,0.047888,-0.288385,-0.050493,0.369698
0.273855,0.301203,0.126614,0.082338,0.104712
-0.141096,-0.028922,-0.182615,0.066616,0.526126
0.110269,-0.389941,0.267845,-0.095841,0.004523
-0.014934,0.053936,-0.045494,-0.058513,0.868068
-0.080478,-0.5,0.170454,-0.082043,0.023711
-0.158839,0.094473,-0.402146,-0.193052,0.106746
0.257508,-0.220476,0.083054,-0.113405,0.2422
0.014237,-0.019801,0.18961,0.220322,0.447161
-0.041894,-0.010257,-0.053345,0.041392,0.817276
-0.056714,0.119592,-0.187267,-0.327667,0.25612
0.148797,0.23476,-0.03495,0.43563,0.0
-0.247185,0.229465,-0.295446,-0.325093,0.0
0.275458,-0.098862,0.31075,-0.19961,0.005298
-0.341987,0.147591,-0.205667,0.008482,0.309715
-0.419426,-0.08279,-0.028932,-0.139619,0.210961
-0.151609,0.216527,-0.079786,-0.037136,0.461555
0.114768,0.165675,-0.010046,0.188091,0.379536
-0.061747,0.012549,-0.234722,-0.41259,0.368519
0.094735,0.144402,0.130486,0.205393,0.369949
0.068692,0.209995,0.103231,0.270809,0.259734
0.06701,0.351623,-0.008345,0.162891,0.203315
0.20234,0.231216,-0.064205,0.169929,0.215591
-0.019049,-0.045087,0.031419,-0.00988,0.915812
0.029807,0.180775,0.01118,0.062,0.58896
-0.186332,-0.097834,-0.078174,-0.099286,0.578609
0.121507,0.32755,-0.015092,0.170793,0.291378
0.04273,-0.05875,-0.008795,-0.031748,0.775
-0.172733,-0.009869,0.259689,0.067384,0.472243
-0.064902,0.045449,0.122269,0.023827,0.643117
-0.180056,0.032008,-0.060507,-0.265147,0.343713
0.155677,0.249192,0.069052,0.161635,0.23548
-0.270806,0.005876,-0.180125,0.011527,0.568489
-0.26461,0.090618,-0.174292,-0.094612,0.317524
-0.177996,0.054707,-0.142712,-0.366586,0.225053
-0.082435,-0.31886,0.5,-0.080322,0.0
-0.371346,0.022803,0.364588,0.144718,0.072098
-0.104132,0.230091,0.049046,0.07589,0.430646
-0.165437,-0.00589,-0.138356,-0.192964,0.433041
-0.006104,0.114997,-0.041562,0.084328,0.707175
0.049614,0.029248,0.290448,0.141521,0.454472
-0.108637,0.261621,0.111013,0.199175,0.117365
-0.164941,-0.153919,0.240279,-0.148256,0.23271
-0.173305,-0.359345,0.116119,0.321115,0.083621
0.048431,0.324095,0.051183,0.213943,0.26763
-0.168865,0.186144,-0.053096,0.008817,0.566443
0.140508,0.335028,0.07346,0.052312,0.213062
0.253081,0.410504,0.028392,0.353544,0.0
-0.124338,0.11197,-0.110772,-0.280576,0.345641
-0.260945,0.007466,-0.12169,-0.2129,0.376165
-0.002592,0.201225,-0.213873,-0.003435,0.3995
0.313497,-0.322217,0.37993,0.200352,0.0
-0.112621,0.110919,0.156473,-0.070867,0.569498
0.161443,-0.024442,0.331914,0.103743,0.407761
-0.153447,0.165483,-0.115609,-0.440867,0.109185
0.01424,-0.049858,-0.052622,-0.025217,0.878771
-0.064325,-0.046573,-0.012585,0.065369,0.86115
-0.219305,0.214937,-0.271564,-0.100408,0.102397
0.129329,-7.1e-05,0.010714,0.194917,0.62523
0.081141,-0.024431,0.190376,0.004766,0.77176
-0.052739,0.232369,0.125468,0.237235,0.195696
0.150935,0.150979,0.105484,0.02368,0.508356
0.139863,-0.247764,0.18086,0.198803,0.167673
0.385545,-0.034197,0.125677,0.137763,0.181894
-0.222115,0.001875,-0.235762,-0.001508,0.605342
-0.195839,0.238629,0.06275,0.26824,0.198575
-0.112382,-0.013727,0.057294,0.003054,0.865418
-0.094019,-0.092439,-0.007223,-0.006075,0.742303
-0.226642,0.197294,-0.10346,-0.306484,0.05262
-0.252737,-0.266593,-0.151003,-0.291378,0.0
0.146547,0.276753,0.221209,0.139338,0.05336
0.271418,-0.322312,0.35553,0.034229,0.0
0.185284,0.241142,0.256574,0.154172,0.047681
-0.04935,-0.357503,-0.062073,0.00382,0.320912
-0.147316,-0.092374,-0.226784,-0.05615,0.388798
-0.178793,-0.221875,0.296282,0.101406,0.162395
0.21546,-0.392833,-0.22022,-0.083908,0.0
0.047567,0.166222,0.145547,0.133112,0.440021
0.371857,-0.5,0.041295,0.305624,0.095198
-0.18079,0.053378,-0.076402,-0.162685,0.544044
0.194302,0.028041,0.128324,0.1623,0.493959
-0.043892,0.024636,-0.031029,0.03931,0.729875
0.034384,-0.034062,-0.093511,0.086189,0.733023
-0.138363,0.094813,-0.199791,-0.0726,0.385343
0.05334,0.034867,0.014207,0.019431,0.830602
-0.281812,0.04504,0.009511,-0.218514,0.442611
-0.217344,-0.083632,-0.011589,-0.206772,0.50315
0.118317,-0.13674,0.180429,-0.007435,0.49369
-0.217981,-0.047392,-0.006875,-0.117043,0.616855
0.251255,0.133185,-0.118777,0.145755,0.378367
-0.01726,0.090405,0.025965,-0.209377,0.560362
-0.012046,-0.229586,0.303409,0.234175,0.166757
-0.186351,-0.026996,-0.220548,-0.16613,0.348537
0.455636,0.172546,0.060647,0.019058,0.217161
0.030407,-0.454391,-0.13984,0.272075,0.030701
0.098772,0.348732,-0.007098,0.024183,0.419777
-0.287896,-0.0082,-0.17086,-0.493698,0.041126
0.068804,0.219681,0.094156,0.143423,0.519625
0.279583,0.093704,-0.017527,0.204389,0.389929
-0.423925,0.067196,-0.086698,0.062702,0.275823
0.010537,-0.080192,-0.022449,-0.035893,0.884472
0.026863,0.298742,0.061985,0.063708,0.46743
-0.098019,-0.204527,0.162192,0.060157,0.36698
-0.25017,-0.000374,0.403374,-0.093638,0.337041
0.187689,-0.096634,0.340072,-0.022755,0.312125
-0.286356,0.094178,-0.20725,-0.157482,0.269092
-0.272653,-0.090611,0.013994,-0.291533,0.300883
0.036622,-0.028967,-0.003682,0.005247,0.855946
-0.295522,-0.151428,0.353602,0.269205,0.009673
-0.453953,-0.002535,-0.324722,-0.223415,0.01608
0.229767,0.038133,0.131219,0.001756,0.529456
-0.10545,0.324494,-0.279816,-0.124073,0.0
0.16804,0.330605,0.184176,0.159858,0.0
-0.174835,-0.176065,-0.185461,-0.330924,0.120773
-0.296193,0.141693,-0.07134,-0.033374,0.471337
0.177289,0.161037,-0.251087,0.273553,0.065602
-0.193409,-0.252434,0.12554,0.249621,0.015602
0.068842,0.080709,-0.047895,0.121317,0.656938
-0.236148,0.212516,-0.107731,-0.19774,0.159822
0.105482,0.353751,0.058106,0.188492,0.108528
-0.118104,-0.227185,0.14559,0.032556,0.339688
0.145972,0.322767,0.068863,0.060285,0.230707
0.203464,0.152382,0.09694,0.343337,0.122349
0.016858,0.351108,-0.022201,0.071576,0.319888
-0.314606,0.078759,-0.135361,-0.19795,0.298504
-0.15806,0.105302,-0.11636,-0.266945,0.236552
-0.02986,-0.054911,-0.009064,-0.07532,0.875836
-0.240825,-0.037104,-0.370223,-0.12928,0.304001
-0.169289,0.041798,-0.138604,-0.101888,0.560097
-0.188139,-0.294062,0.21924,0.5,0.006216
-0.125887,0.072757,-0.260276,-0.178603,0.313594
-0.24643,-0.098408,0.198251,0.10859,0.315998
0.09928,0.214622,0.132845,0.100271,0.337941
-0.262758,0.089804,-0.173327,-0.280868,0.036582
-0.101348,0.271737,-0.092232,-0.256328,0.169841
-0.147006,0.220033,-0.136995,-0.326823,0.054002
-0.008298,0.5,0.290519,0.170214,0.005157
-0.189588,-0.048401,-0.274136,0.141859,0.258673
-0.000351,0.017977,0.016592,0.064101,0.88657
-0.207621,-0.439562,0.150066,0.189234,0.078112
0.09271,0.165975,-0.065182,0.329692,0.24591
-0.097557,-0.03215,-0.225918,-0.251281,0.437598
-0.363141,-0.007423,-0.051536,-0.25374,0.328937
-0.097433,-0.204836,-0.245099,-0.235155,0.192241
-0.165993,-0.212377,0.27746,0.105868,0.146748
-0.116037,-0.068438,-0.184595,-0.113501,0.600505
-0.037251,-0.072159,-0.19137,-0.199621,0.46767
0.212397,0.231843,0.011948,-0.052789,0.421818
-0.232377,0.108927,-0.081705,-0.134753,0.335429
-0.139017,0.001925,0.063161,-0.291699,0.573913
0.044174,-0.436423,0.382151,-0.340222,0.025626
0.074982,0.435435,-0.023587,0.092369,0.11576
-0.145282,-0.011184,-0.000549,0.140517,0.67357
-0.138883,0.003223,-0.223545,-0.173454,0.321519
-0.032786,-0.108415,-0.036236,0.077493,0.596395
-0.067598,0.019344,0.379759,0.420418,0.17143
0.140965,-0.191452,0.132755,0.266062,0.205549
0.01082,0.00815,0.026933,-0.062798,0.862551
-0.137771,0.20432,-0.026694,-0.129558,0.487914
-0.362135,0.274668,-0.115055,-0.087912,0.016981
-0.259815,0.206601,-0.188129,-0.24005,0.0
-0.060841,0.209213,-0.040711,-0.309222,0.224682
-0.043615,0.042181,-0.205809,-0.165524,0.638949
0.132907,-0.149402,0.5,0.304214,0.0
-0.119371,0.174365,-0.104026,-0.11837,0.402021
0.054906,-0.490075,0.491969,0.34306,0.049069
-0.340579,-0.17652,0.169419,0.066531,0.190001
0.103673,0.023278,0.017501,0.083619,0.733529
-0.272289,0.079652,-0.054387,-0.192145,0.294916
0.080931,-0.110837,0.133048,-0.003511,0.582626
0.140044,-0.292488,0.5,0.471176,0.0
0.092993,0.267743,-0.022765,0.093278,0.38719
-0.189845,0.214781,-0.153281,-0.243799,0.121151
-0.126878,0.00946,-0.145471,-0.073916,0.662348
-0.110264,0.106825,-0.011119,0.077218,0.526857
0.162057,0.121641,0.035056,0.03862,0.566515
-0.019812,0.482074,-1.2e-05,0.124754,0.096261
0.050392,0.28421,0.15903,0.342574,0.0
-0.083614,-0.317129,0.077799,0.334941,0.024067
0.433686,-0.251771,-0.016556,-0.00544,0.121945
-0.100508,0.258192,-0.065572,0.190553,0.293962
-0.280283,-0.114188,-0.104839,0.244352,0.235644
-0.229225,0.292192,-0.12618,-0.196556,0.0
0.013921,-0.288731,0.230826,-0.036382,0.390308
-0.164295,-0.157996,-0.086562,-0.248743,0.191556
0.187157,-0.142618,0.232662,0.316169,0.047647
0.047583,0.073733,0.052075,0.062461,0.718194
0.033971,0.14986,-0.081547,-0.035938,0.576755
-0.370976,0.268476,-0.210497,-0.030249,0.048872
0.179056,0.348906,0.056959,0.258508,0.0
0.07827,0.014842,0.035062,-0.016613,0.778854
-0.176442,-0.070333,-0.253624,-0.141121,0.372716
0.196177,0.090545,0.5,0.057648,0.128878
0.042025,0.041949,-0.013658,0.135681,0.802056
-0.060246,-0.082767,0.058594,0.031382,0.685165
0.112957,0.245519,-0.162561,0.002064,0.410726
-0.069963,0.05782,0.036232,-0.216367,0.642336
-0.055147,-0.147831,0.203017,0.148488,0.283369
-0.100757,-0.06896,0.365215,0.269413,0.243756
0.111014,-0.326769,0.223485,0.081521,0.079015
-0.085404,-0.227756,0.115956,0.308302,0.191372
0.037108,0.00483,0.095486,-0.091909,0.809843
-0.177513,-0.030811,0.223179,0.298724,0.191796
-0.234256,-0.144264,-0.303905,-0.243712,0.0
-0.077309,0.254883,0.049069,-0.033813,0.502548
-0.088791,0.114924,0.291786,0.343554,0.189513
-0.242758,0.018009,-0.15917,-0.357871,0.258724
0.002678,0.292073,0.090295,0.321229,0.163375
-0.065852,0.228338,-0.067957,-0.353666,0.084964
-0.147591,-0.126426,-0.26445,-0.016986,0.326488
-0.141496,0.169395,-0.129314,-0.288441,0.1875
-0.218863,0.141883,0.031425,-0.274553,0.297736
0.300254,0.256856,0.156924,0.131532,0.009632
-0.086736,0.017716,-0.151191,-0.163445,0.573434
-0.011613,-0.055195,0.175617,0.212829,0.506239
0.036589,0.367233,-0.001698,0.010201,0.390289
-0.142136,-0.046854,-0.036697,-0.027153,0.792599
-0.275888,0.166106,-0.03508,-0.414761,0.027926
-0.225138,0.194454,-0.036952,-0.081163,0.453523
-0.33612,0.157663,-0.254571,-0.095593,0.110227
-0.264674,-0.091597,-0.073973,-0.301226,0.261801
-0.421411,0.133024,-0.206668,-0.22088,0.0
-0.366158,0.049965,0.009791,0.34941,0.291816
-0.026765,0.228893,0.242659,0.119745,0.251947
-0.009302,0.058321,0.056841,-0.009004,0.715211
0.049488,-0.313122,0.353146,0.323361,0.028186
-0.134767,-0.129867,-0.130616,-0.188843,0.380655
-0.116485,0.091973,-0.279504,-0.174959,0.221632
-0.222577,-0.083634,0.343144,0.238712,0.0864
0.227835,-0.132021,0.219187,0.116348,0.215894
-0.183561,-0.027953,0.038556,-0.173468,0.525198
0.320529,-0.5,-0.224384,-0.146243,0.0
-0.114941,-0.039593,-0.095051,-0.059991,0.678717
0.366856,-0.110245,0.402943,-0.067347,0.040355
0.192993,-0.092082,0.218103,0.076771,0.351546
-0.057371,0.019669,-0.286689,-0.135332,0.49336
0.416434,-0.404519,0.15201,0.337924,0.027612
0.045664,0.133771,0.042313,0.100084,0.624998
-0.166008,0.348711,-0.168236,-0.17539,0.035283
-0.188932,-0.016627,-0.262892,-0.034067,0.492928
0.26064,0.263273,-0.081543,-0.245934,0.015403
0.431666,-0.427884,0.266101,0.202298,0.01995
0.346586,0.127516,0.066245,0.24189,0.077304
0.013517,-0.136327,0.334044,0.123027,0.297587
-0.287542,-0.377055,0.137098,0.344818,0.056488
-0.125412,-0.039851,-0.209548,-0.309402,0.303054
-0.136599,0.153685,-0.297227,0.067415,0.234791
0.000779,0.292364,0.025523,-0.083347,0.39459
-0.195664,0.038705,-0.286206,-0.294271,0.144511
-0.149059,-0.027642,-0.18266,-0.222376,0.44926
0.145787,0.189533,0.09359,0.101029,0.399701
-0.021863,0.051827,-0.000175,-0.031112,0.869938
0.129367,0.070333,0.067276,0.195396,0.499023
0.433723,-0.006147,0.5,0.461004,0.0
0.046314,-0.02295,-0.064045,-0.020829,0.857787
0.191156,0.004255,-0.038601,0.007151,0.802977
0.068327,-0.164771,0.182123,0.174128,0.301741
-0.060663,0.001685,-0.039113,0.025495,0.899863
0.305185,-0.185348,0.128864,0.229579,0.041251
-0.5,-0.219288,0.424594,0.12704,0.0
0.335602,-0.271158,0.253849,0.061877,0.029333
0.115943,0.135633,0.5,0.327982,0.0
-0.019078,0.023194,-0.026136,-0.032873,0.817882
-0.08841,0.054101,-0.149947,-0.419102,0.242577
0.18057,0.233291,0.024808,0.09724,0.330892
-0.326619,0.014702,0.033831,-0.265298,0.32054
-0.215095,0.084486,-0.009639,-0.080324,0.641272
0.228382,0.220121,0.136853,0.092845,0.111689
0.038867,-0.172532,0.260889,0.264364,0.12345
-0.295746,0.124348,-0.241999,-0.096372,0.209396
0.110825,0.11096,0.033688,0.018414,0.698561
0.231977,0.270957,0.065338,0.075056,0.240168
-0.252614,-0.042501,-0.103232,-0.150509,0.479589
0.040137,0.06394,-0.051602,-0.00594,0.781984
-0.102477,0.108694,-0.328075,-0.211707,0.213043
0.032123,-0.0099,0.035081,-0.002139,0.903531
0.194918,-0.442409,0.283425,0.167984,0.0
0.266006,0.026068,-0.067293,0.150681,0.531815
-0.182323,-0.041871,-0.253477,-0.083989,0.437734
0.105982,0.255911,0.160865,0.193047,0.073611
0.212859,-0.173417,-0.0497,0.38791,0.117713
-0.174386,-0.127141,-0.041448,-0.176898,0.443315
0.165156,0.388336,-0.065634,-0.214029,0.029092
-0.05199,0.051342,0.064172,-0.033551,0.76505
-0.215459,0.020116,-0.135747,-0.117076,0.511962
-0.18102,0.055637,-0.075479,-0.157807,0.432326
0.06813,0.24123,-0.042861,0.030439,0.609279
0.5,-0.349378,0.363354,0.065479,0.0
0.11489,0.049536,0.096117,0.255131,0.505485
0.102282,-0.080784,-0.058212,0.309579,0.419537
0.161897,0.202688,0.076967,-0.066439,0.454347
0.116475,0.232983,-0.047419,0.224246,0.221407
0.324335,-0.377231,0.5,0.346965,0.057793
-0.146634,-0.180218,0.120645,0.029027,0.450301
-0.141662,0.050808,0.050981,-0.352604,0.378468
-0.122072,0.157258,-0.275995,-0.045154,0.327221
-0.037158,0.1226,-0.035304,-0.021919,0.702405
-0.200208,0.058062,-0.202237,-0.237778,0.263378
0.093306,0.243688,0.098414,0.162916,0.262843
0.026574,0.03154,0.027136,-0.010403,0.860793
0.197984,-0.054398,-0.031984,0.16868,0.466532
-0.200837,-0.368732,0.188526,0.373846,0.026083
0.189025,-0.146597,-0.007327,0.006421,0.56668
0.034036,-0.341175,-0.03204,-0.021816,0.485485
-0.325714,0.126249,-0.188836,-0.29181,0.086643
-0.345834,0.185193,-0.105798,-0.398992,0.017681
-0.061122,0.027383,-0.319,-0.147059,0.375485
-0.054827,-0.024788,-0.010333,-0.150062,0.791187
-0.326246,-0.014818,-0.241445,-0.150907,0.349842
0.097971,0.081898,0.079223,-0.017329,0.655462
-0.070953,0.038956,-0.234602,-0.303384,0.379644
0.023303,0.341729,0.192919,0.126633,0.14536
-0.090546,-0.032371,0.17735,0.23684,0.600738
-0.172929,-0.5,0.370763,0.177646,0.017035
-0.036137,-0.034958,0.127819,0.141198,0.68738
0.101897,-0.455977,0.193997,-0.342979,0.072988
-0.092857,0.030168,-0.439699,-0.22162,0.181244
0.034165,-0.096916,-0.097313,-0.091837,0.684859
-0.17318,-0.5,0.267138,0.091937,0.0
-0.101769,-0.086498,-0.001984,0.373977,0.438119
-0.322714,0.094612,-0.225221,-0.221081,0.176285
-0.249621,0.03854,-0.122883,-0.152124,0.449932
0.042927,0.123481,-0.169626,-0.326555,0.29194
0.076686,0.205413,0.116653,-0.064982,0.471349
0.013406,0.324219,0.180426,0.148669,0.281304
-0.226103,0.135338,-0.120576,-0.132711,0.269775
-0.025578,0.220336,0.083944,-0.015123,0.472168
-0.1038,-0.302712,-0.066021,0.5,0.0
-0.140717,-0.129293,-0.029827,-0.227353,0.463069
0.028663,0.089017,0.168864,0.234079,0.507536
-0.102746,-0.002415,-0.108402,-0.152113,0.659306
-0.259414,0.004348,-0.116826,-0.128012,0.409522
-0.360286,-0.168798,-0.159652,-0.212972,0.0
0.076072,0.353581,0.013857,0.210979,0.184814
-0.161467,0.156419,0.000236,-0.107029,0.520011
-0.073154,0.0247,-0.011946,-0.260872,0.623803
-0.024494,-0.000269,0.198532,0.190297,0.563179
-0.023826,-0.208032,0.345018,-0.006742,0.293271
-0.032799,0.047858,-0.196317,-0.276558,0.440612
-0.371682,-0.072011,-0.162105,-0.121984,0.268519
0.018564,0.181965,0.099714,0.174615,0.46466
-0.039519,0.132142,0.120936,0.21041,0.489268
-0.041019,0.208299,-0.265011,-0.064099,0.379657
-0.237789,0.003598,0.038352,-0.110105,0.4907
0.055284,0.223271,0.009816,0.09807,0.41167
0.047762,0.096366,0.055413,0.087654,0.713557
-0.067691,-0.014409,-0.133799,-0.366834,0.442846
0.021449,-0.007018,0.015229,0.048415,0.956291
0.049164,0.360508,0.046472,0.23977,0.140884
-0.156226,0.117022,-0.076549,-0.341249,0.26631
0.5,-0.350376,0.332981,-0.046158,0.012048
-0.257465,0.154217,-0.059829,-0.254384,0.142614
-0.188212,-0.5,0.397058,0.128438,0.0
-0.190522,0.260932,0.058117,-0.061411,0.252573
-0.29783,0.412854,-0.097145,-0.056162,0.101332
0.263654,0.112482,-0.004909,0.5,0.099248
-0.219748,0.286748,-0.146069,-0.366546,0.022968
-0.37215,0.375266,-0.244011,-0.156597,0.044495
0.150151,0.32977,0.274025,0.0267,0.131966
0.016277,-0.087636,0.050316,-0.03981,0.826107
-0.153223,-0.132328,-0.208165,-0.319236,0.136663
0.103272,0.006595,0.002586,0.064639,0.803206
0.15836,0.221648,0.056135,-0.138298,0.368596
0.099363,0.158423,0.310714,0.141725,0.129471
0.192589,-0.496809,0.491471,0.368727,0.087952
-0.09939,0.139601,-0.290527,-0.283333,0.152724
-0.169035,0.181418,-0.244025,-0.331625,0.0
0.056486,0.329474,0.18298,0.251792,0.068153
-0.013963,0.013213,-0.041999,-0.019316,0.890335
-0.270548,0.023641,0.027802,-0.293134,0.408729
-0.11486,-0.297293,-0.088262,0.085138,0.215588
0.049959,-0.172722,-0.192266,-0.265613,0.211858
-0.196092,-0.226136,0.40307,0.091304,0.117349
0.074918,0.32679,0.189258,0.130587,0.102841
0.156844,-0.330404,0.22682,0.352545,0.0
0.229478,0.257912,0.046554,0.12893,0.162688
-0.164846,0.058552,-0.036737,-0.059332,0.649537
-0.184991,-0.054329,-0.106502,-0.29584,0.286439
0.072991,0.201023,-0.009549,0.074247,0.518902
0.028451,0.012997,-0.088028,0.087632,0.836794
0.112784,0.244437,0.101477,-0.026961,0.394771
0.49074,-0.168322,0.380041,-0.005823,0.005165
-0.043209,0.213308,0.053996,-0.211723,0.382149
-0.348647,0.17694,-0.064417,-0.150457,0.122436
0.002221,0.099378,-0.077694,-0.083957,0.690736
-0.207667,-0.342216,0.378804,-0.058075,0.012431
-0.243325,0.015548,-0.129339,-0.154595,0.47825
-0.001483,0.264194,-0.06362,-0.311693,0.280514
0.085271,0.214361,0.10104,-0.042979,0.371876
-0.285739,0.148329,-0.382097,-0.138411,0.0
0.135034,0.145694,0.063607,0.029934,0.578869
-0.0579,-0.030217,0.01514,0.015136,0.840676
-0.262413,0.006783,-0.2004,-0.148367,0.323049
-0.151791,0.127886,-0.285928,-0.231666,0.182409
-0.278109,-0.023946,-0.127388,-0.325892,0.231323
-0.493585,-0.167697,-0.056766,0.180557,0.0
0.246543,-0.171647,0.102472,0.210866,0.218224
0.463302,0.050581,0.313905,0.077063,0.09994
-0.5,0.125992,0.141075,-0.001212,0.242729
0.000831,0.053498,0.395696,0.134524,0.351111
-0.279213,-0.326835,0.186078,-0.029954,0.0
-0.103468,0.036836,0.237136,0.239035,0.367796
0.031842,-0.123921,0.263043,0.097814,0.365018
-0.237754,0.055297,-0.067388,-0.372734,0.182547
-0.000967,0.036677,0.035303,0.006195,0.91784
0.012995,-0.163336,0.175184,0.248964,0.265648
-0.256861,-0.164231,0.329705,0.227221,0.0
0.192448,0.081485,-0.149843,0.080563,0.44844
-0.023835,-0.421654,0.5,0.307887,0.0
0.072782,0.08663,-0.021013,0.077697,0.770939
-0.256232,-0.205252,-0.140247,-0.299427,0.000123
0.164458,-0.396524,0.144252,-0.014944,0.122191
-0.102847,0.109247,-0.164096,-0.09231,0.57448
-0.227408,0.117421,-0.125113,-0.263681,0.199773
-0.211227,0.101742,-0.071071,-0.274456,0.276098
-0.0494,0.194541,-0.126775,-0.431877,0.013896
-0.205921,0.224251,-0.221497,-0.151736,0.089975
-0.159637,-0.17164,0.021884,-0.315527,0.214036
-0.032639,0.169097,-0.124879,0.115508,0.497082
0.108999,-0.341169,0.132287,-0.311477,0.047642
-0.005708,0.044565,-0.001416,-0.01564,0.874118
-0.241398,0.377755,-0.144284,-0.176827,0.076777
-0.329804,0.090573,-0.23726,-0.056972,0.308693
0.032316,-0.08506,-0.028484,0.015497,0.799042
-0.185493,0.252779,-0.154235,-0.291472,0.045291
0.047066,0.315978,0.129599,-0.056017,0.302275
-0.126787,0.003107,0.044547,-0.102304,0.650954
0.290606,0.179472,-0.002699,0.170289,0.280912
-0.026259,-0.0379,-0.037377,-0.08801,0.839395
-0.321352,-0.007562,-0.195496,-0.244462,0.221743
-0.164155,-0.082151,-0.136858,-0.085202,0.521233
0.082693,0.314873,0.087422,0.024165,0.398998
-0.004588,0.124841,-0.017656,0.004819,0.786239
0.195852,0.222405,0.071057,0.070644,0.424172
0.109613,0.229123,0.145495,0.159897,0.243716
0.103708,-0.019771,-0.125625,0.002847,0.781976
-0.260613,-0.057825,0.371236,0.5,0.007051
0.045136,0.398619,-0.155067,0.192611,0.025421
0.243436,0.164651,-0.035673,0.035201,0.548984
0.124039,-0.322493,0.277654,-0.056417,0.0
-0.211729,0.104231,-0.200592,-0.10375,0.392419
0.24824,-0.184406,0.5,-0.061001,0.078106
0.175272,0.230669,-0.013156,-0.273295,0.165826
0.101083,0.173735,0.097979,-0.031975,0.501626
0.199077,0.32752,0.032445,0.030974,0.219586
-0.143355,0.038434,-0.049634,-0.142343,0.676888
0.353273,-0.350395,0.5,0.215523,0.037259
-0.00018,0.044248,0.006088,0.003164,0.923109
-0.225512,-0.081104,-0.185003,-0.188139,0.223807
-0.002866,0.107581,-0.205702,-0.182448,0.439835
0.007714,0.030008,-0.201389,-0.357138,0.394982
0.047998,0.110794,-0.121915,0.014418,0.579265
-0.110359,0.070476,-0.1905,-0.137333,0.397731
-0.1845,0.100574,-0.071044,-0.216717,0.421338
-0.182225,-0.028587,-0.291541,-0.173586,0.2886
-0.322176,0.095416,-0.139178,-0.083056,0.363261
0.13782,0.001271,0.162505,0.5,0.171193
0.022792,-0.155508,-0.102164,0.227157,0.365066
0.052142,0.071606,0.130435,-0.077992,0.684323
0.050032,0.01496,0.129543,0.095942,0.731836
-0.087611,0.057618,0.072579,0.004626,0.796617
0.060908,0.217981,0.044981,0.23891,0.325625
-0.101669,-0.034745,-0.082065,0.030051,0.727955
-0.283411,-0.02727,-0.262596,-0.056753,0.353875
-0.009959,0.001728,0.062469,0.196337,0.63236
-0.194581,-0.111194,-0.412165,-0.228443,0.0
0.042819,0.044585,0.054243,-0.053305,0.669445
0.119229,-0.11583,0.5,0.330339,0.0
-0.137964,0.021003,-0.211159,-0.241282,0.464871
-0.034138,-0.022238,0.393358,0.287169,0.335898
-0.274316,-0.019002,-0.008653,-0.269881,0.41548
-0.262908,-0.111749,-0.167089,0.110909,0.48485
0.011295,0.049421,-0.252682,-0.372692,0.240838
-0.158131,0.03208,-0.113548,-0.206836,0.446598
0.022326,0.021223,0.018933,0.080773,0.923345
-0.217172,-0.07608,-0.152996,-0.242166,0.246033
-0.020807,0.192007,-0.030132,-0.061854,0.554296
0.165736,0.075799,0.054386,0.118829,0.550641
0.123943,0.219296,0.063366,-0.000749,0.50237
0.183048,0.241877,0.112105,-0.088328,0.265924
-0.000388,0.262859,-0.023514,0.157715,0.434522
-0.169818,0.09211,-0.272358,-0.274841,0.09689
0.5,0.146468,0.344777,0.348421,0.081043
0.09568,-0.013451,-0.020614,-0.012419,0.890319
-0.004324,-0.036606,0.079678,0.117925,0.755267
0.194495,0.161412,0.056633,-0.127761,0.259427
0.317661,0.028838,0.340596,0.244347,0.084969
0.025262,0.135773,0.186878,0.247753,0.359953
-0.365273,-0.135398,-0.107336,-0.281818,0.018435
-0.498145,-0.082614,0.5,0.294239,0.0
0.197844,-0.208503,0.128847,0.084264,0.261153
0.00694,0.076052,0.5,0.18425,0.181201
-0.351487,-0.177628,0.5,0.120083,0.0
-0.010879,-0.042841,-0.046195,0.046362,0.841562
-0.029585,-0.004162,-0.062895,0.029277,0.830428
-0.188159,0.352485,-0.089525,-0.234433,0.02569
-0.20704,0.167236,-0.109825,0.122573,0.303069
-0.195403,0.001689,-0.018069,-0.097211,0.723224
-0.118916,-0.025143,-0.1353,-0.089866,0.664444
-0.003085,-0.022206,-0.025772,0.018999,0.933149
-0.246506,-0.152184,-0.187314,-0.206046,0.093319
-0.145065,0.208509,-0.169805,-0.26932,0.058103
0.105387,-0.319802,0.09299,0.092207,0.184229
0.18333,0.335647,0.148119,0.079383,0.163965
0.131831,-0.405516,0.083267,-0.152416,0.013963
-0.207089,0.241392,-0.084634,0.019069,0.364728
-0.238732,-0.019882,-0.17346,-0.015475,0.568581
0.055555,-0.5,0.248589,0.326387,0.053347
0.022401,-0.028622,0.031757,0.053644,0.836332
-0.093691,-0.106279,-0.233025,-0.355924,0.002804
-0.489179,-0.09842,0.181999,-0.028605,0.140207
0.190708,-0.003453,-0.024451,0.158249,0.713329
0.183737,0.144908,-0.022144,-0.022394,0.58036
0.235431,0.118652,-0.087654,0.262829,0.261686
0.143571,0.080148,0.133146,0.113287,0.400358
-0.020128,0.370158,0.12098,0.113929,0.248268
0.018004,0.185462,-0.063131,0.026612,0.609662
-0.413362,0.033782,-0.080975,-0.284469,0.208366
-0.135368,-0.029922,-0.187075,-0.210774,0.307934
0.079419,0.211004,0.097626,0.12018,0.433904
0.156096,0.179416,0.047143,0.171738,0.299263
-0.207093,-0.130898,-0.237443,-0.466307,0.0
-0.066621,0.228325,-0.251823,-0.455609,0.040044
-0.306475,0.054791,-0.241524,0.06556,0.304176
-0.257477,0.116312,-0.160061,-0.28812,0.107064
0.095008,0.181748,0.180318,0.130872,0.371251
0.118163,0.009563,0.094285,0.129985,0.586224
-0.080451,0.165021,-0.170919,-0.19163,0.214237
-0.016513,-0.5,0.405885,-0.025582,0.0
-0.243662,0.036119,-0.033809,-0.240548,0.392712
-0.217494,-0.024318,-0.234241,-0.177921,0.371868
-0.203947,0.221246,-0.229135,-0.332063,0.018292
0.23444,0.298742,0.025769,0.291346,0.049067
0.244045,-0.269544,0.492764,0.210717,0.013087
0.003691,0.110098,-0.263682,-0.086053,0.420832
0.038542,-0.04276,0.031299,0.024693,0.773232
-0.176895,0.025208,-0.246966,-0.168964,0.342521
-0.190753,0.051727,-0.173333,-0.033039,0.459607
0.052108,0.232728,0.068541,0.177223,0.326263
-0.196344,0.088195,-0.144861,-0.380868,0.196675
-0.197041,-0.026922,-0.022274,-0.226882,0.486945
0.222602,-0.024409,-0.099735,0.152587,0.468516
-0.022866,-0.181208,0.117871,0.5,0.076792
-0.163981,0.346304,-0.117,-0.317235,0.0
-0.006648,-0.028351,0.002987,0.006337,0.941272
-0.202394,-0.051507,0.5,-0.03591,0.294283
-0.172271,-0.266631,0.5,-0.079246,0.0
-0.319769,0.145673,-0.232181,-0.17414,0.015412
-0.315964,-0.210949,0.427063,0.412014,0.0
0.18839,0.301416,0.048923,0.07755,0.291631
-0.082674,-0.409145,0.0306,0.217986,0.021307
0.134179,0.223635,0.009421,-0.035194,0.4261
0.246722,-0.01418,0.042561,-0.04696,0.672883
0.105831,0.19741,0.042853,0.002738,0.497601
-0.185841,0.129954,-0.18818,-0.455366,0.0
-0.170541,0.105734,-0.072295,-0.144433,0.490165
-0.473059,0.092537,-0.186805,-0.160401,0.063528
0.117114,0.230613,0.178882,-0.101827,0.187128
-0.194403,0.189408,-0.019315,0.069129,0.377079
-0.060638,-0.133103,-0.27692,-0.265259,0.312005
-0.156488,-0.067837,-0.061984,-0.5,0.168331
0.256046,-0.409879,0.287367,0.127225,0.006859
-0.357856,-0.345961,0.246501,-0.011181,0.051892
0.06889,0.217617,0.133603,0.11514,0.341431
-0.243096,0.22734,-0.146987,-0.078474,0.118181
-0.456268,0.021439,-0.285605,-0.104926,0.042799
-0.320479,-0.308299,-0.067085,-0.200789,0.0
0.067997,0.259484,0.007516,-0.125816,0.446844
-0.280505,-0.439593,0.450031,0.121269,0.0
-0.145979,-0.140878,0.122783,-0.078103,0.448195
0.17449,0.181909,0.131831,-0.109494,0.332742
0.064528,0.275481,0.105586,0.446861,0.027452
-0.219584,-0.015633,0.013078,-0.133008,0.559335
-0.10311,0.063381,0.03359,0.114488,0.610739
-0.217804,0.157028,-0.070537,-0.266241,0.229303
0.067444,0.290377,0.120926,-0.027342,0.361405
-0.361021,-0.076231,-0.274754,-0.115427,0.191718
0.160812,0.023867,0.01506,0.252421,0.53489
-0.208738,0.15859,-0.139514,-0.290252,0.089086
-0.213244,0.169289,-0.01108,-0.155464,0.271277
0.100831,0.167962,0.014909,0.127802,0.531363
0.11655,0.211339,0.0605,0.220492,0.284004
0.167605,-0.5,0.5,-0.297727,0.0
-0.192085,0.029732,0.130027,-0.014376,0.609097
0.233069,-0.153208,-0.143564,0.365016,0.062929
-0.213412,0.008776,-0.023105,-0.311913,0.41623
-0.104985,0.258209,-0.245493,-0.060357,0.14076
0.253098,-0.12179,0.282331,0.050077,0.26813
-0.107397,0.215902,-0.343739,-0.266539,0.021694
0.414783,-0.036298,0.281892,0.177265,0.098926
0.108495,-0.040235,-0.047736,0.10393,0.675875
-0.172672,0.187685,-0.276325,-0.070669,0.212655
0.105106,0.240311,-0.051444,-0.057185,0.417027
-0.148799,-0.006511,-0.159618,-0.222089,0.537312
0.264006,0.086003,0.137342,0.08202,0.409942
0.208999,-0.441251,0.206495,-0.265482,0.007734
0.081076,-0.342412,0.302462,0.019606,0.064332
-0.248026,0.185064,0.35854,0.370444,0.014851
-0.107129,0.055871,-0.271505,-0.420576,0.126483
0.047233,-0.145451,0.198691,0.5,0.080468
0.110331,0.012975,0.300604,-0.109155,0.407229
-0.162295,-0.066974,0.032498,-0.290831,0.439857
-0.036535,0.327327,0.324839,0.218288,0.0
-0.130366,0.024291,-0.2578,-0.129016,0.444736
-0.283203,0.102677,-0.211233,-0.224991,0.118289
-0.04355,-0.212856,0.486611,0.320018,0.0
-0.120305,-0.089496,-0.216269,-0.226129,0.236375
-0.207385,-0.011253,-0.142838,-0.287688,0.408973
0.034024,-0.16312,0.247033,0.217747,0.282457
-0.371557,-0.041078,-0.185921,-0.109959,0.373756
0.085523,0.087644,-0.097026,0.153881,0.457887
-0.093377,0.12095,-0.149953,-0.217297,0.37629
-0.143164,0.026044,-0.126164,-0.342294,0.291371
0.122339,0.112744,-0.041205,-0.004275,0.674997
0.156029,0.287949,-0.03571,0.171963,0.293846
-0.31501,-0.140106,-0.126489,-0.215385,0.121524
-0.388672,-0.048144,-0.026363,0.126656,0.349562
0.163017,0.211639,0.139991,-0.041713,0.43738
-0.089982,0.110145,-0.270847,-0.343419,0.11913
-0.12498,0.230254,-0.074725,-0.33286,0.153597
0.08824,0.034018,0.186902,0.361182,0.42529
-0.17483,0.079313,-0.360441,-0.195989,0.084982
-0.027129,-0.177021,0.363821,-0.100172,0.266322
0.139079,0.376036,0.041583,0.15918,0.124008
0.038586,-0.029542,-0.313574,-0.069901,0.542833
-0.172101,0.120258,-0.237306,-0.044885,0.299491
-0.184268,0.003016,-0.234853,-0.305884,0.181207
-0.20664,-0.117194,-0.094308,-0.213905,0.40565
0.271355,0.23528,0.185794,0.152836,0.087349
0.5,-0.329238,0.324776,0.088493,0.0
-0.036222,-0.030678,-0.108,-0.21377,0.585285
0.076926,0.108305,-0.102379,0.099852,0.553783
-0.116873,0.114418,-0.203227,-0.371688,0.069746
0.226402,0.248676,0.162753,0.135707,0.107262
-0.246193,0.153274,-0.248976,-0.278979,0.070611
-0.336288,-0.050858,-0.201427,-0.075675,0.313229
-0.060324,0.084033,-0.007361,-0.05349,0.724887
-0.247807,0.142518,-0.021871,-0.332127,0.17904
-0.023856,-0.183677,-0.161759,-0.120999,0.47621
-0.056422,0.232514,0.06542,-0.252351,0.316378
-0.126519,-0.20749,0.439709,0.173909,0.079349
0.213999,0.200323,-0.025432,-0.057442,0.419929
0.118376,0.30307,0.151875,0.164056,0.088188
0.5,-0.147445,-0.060179,0.20494,0.094263
-0.249414,0.055303,-0.095251,-0.158422,0.343353
0.303346,0.126466,-0.008374,0.193658,0.306424
0.000236,-0.011198,-0.031282,0.00894,0.934163
-0.263485,0.181778,-0.161999,-0.025575,0.293984
-0.340626,-0.25719,-0.330074,-0.244833,0.0
-0.231709,-0.332113,0.5,-0.031795,0.018292
-0.122315,-0.19554,0.232303,0.043331,0.32157
0.21585,0.085841,-0.016197,0.276681,0.337398
-0.17538,-0.1068,-0.27115,-0.144827,0.312193
-0.223573,0.074593,-0.047188,-0.205134,0.408241
-0.269313,-0.159822,-0.369024,-0.418267,0.048196
0.052988,0.254924,0.105424,-0.033011,0.452899
-0.020709,0.065154,-0.211036,-0.298888,0.371043
0.096868,0.111499,0.052384,0.240028,0.446267
0.002774,-0.01752,-0.044785,-0.009101,0.888835
-0.28575,-0.280663,0.367828,-0.052479,0.047114
-0.27874,-0.107682,0.450777,-0.034491,0.111534
0.081777,0.1586,0.046904,0.354123,0.262772
0.438256,-0.108957,0.018991,0.318335,0.027353
-0.5,0.059309,0.460673,0.399948,0.0
-0.17962,0.106264,-0.335194,-0.140368,0.193938
-0.084838,-0.327355,0.195543,-0.154776,0.000435
-0.287756,0.15375,-0.142065,-0.300459,0.0
-0.119501,0.24371,-0.06724,-0.216654,0.242516
0.277295,0.339451,0.097736,0.012841,0.016184
0.035449,-0.069732,-0.066903,0.014436,0.816123
0.017887,-0.071693,0.030358,0.037639,0.77277
0.155178,0.327694,0.010335,0.102587,0.252965
-0.177487,0.153749,-0.057749,-0.179279,0.417028
-0.225498,0.058839,-0.182631,-0.200752,0.313868
-0.006933,-0.197008,-0.003854,0.245545,0.405449
-0.226798,0.135376,-0.157008,-0.249994,0.255657
0.166481,0.254883,0.150696,0.077666,0.178195
0.113671,0.355259,0.196875,0.029183,0.166009
0.178656,-0.5,0.295629,0.246409,0.066218
0.272005,-0.335249,0.460617,0.273769,0.101164
0.092415,0.213036,0.088993,0.040745,0.54681
-0.328554,0.017812,-0.203954,-0.170629,0.312096
-0.291733,0.074278,-0.194967,0.019591,0.3417
0.3801,-0.184272,0.058908,0.081994,0.222061
0.018415,0.318502,0.055163,-0.022687,0.481297
-0.030398,-0.049476,-0.011769,0.078999,0.815751
-0.012885,-0.00284,-0.010199,-0.045917,0.938195
0.143271,0.317843,0.025328,0.24351,0.045569
-0.43112,-0.317892,-0.012901,0.010352,0.046154
0.047651,-0.011566,0.077224,0.05064,0.857541
-0.255289,-0.143738,-0.265712,-0.28281,0.0
-0.306357,-0.151219,0.357425,0.133091,0.0
-0.365242,0.027231,-0.314623,-0.138036,0.163492
0.057834,-0.018415,-0.029619,-0.018537,0.930005
0.5,-0.444317,-0.08213,-0.044298,0.059304
0.101445,0.074803,-0.123466,-0.269329,0.452015
-0.100665,0.099834,-0.213363,-0.065078,0.475113
-0.253627,0.10467,0.012634,-0.302349,0.37848
-0.001942,0.032318,-0.114242,0.09364,0.707
0.282714,-0.417588,0.157375,-0.313128,0.0
-0.073153,-0.073268,-0.225731,-0.255495,0.302585
-0.137163,-0.308813,0.5,0.0252,0.0
0.247183,0.166961,0.097873,-0.012792,0.361144
0.22724,-0.055116,0.274201,-0.022129,0.388435
-0.154331,-0.133526,-0.097937,-0.36431,0.250572
-0.129155,0.304575,0.168186,0.344433,0.0
-0.186092,0.020592,-0.229263,-0.236219,0.365796
0.319524,0.226317,0.141971,0.10627,0.032823
0.115865,-0.354914,0.117289,0.0048,0.233585
0.205275,0.131742,0.155024,0.046235,0.309977
-0.208436,0.264274,-0.120218,-0.197467,0.065314
-0.104061,-0.064369,-0.229729,-0.19912,0.43898
-0.255113,-0.5,0.415488,-0.009797,0.020573
-0.108265,-0.028179,-0.131136,-0.305026,0.498832
-0.249447,0.156054,-0.094653,-0.060015,0.408343
-0.238487,0.308416,-0.20209,-0.205971,0.0
-0.002499,-0.020026,0.008817,0.072231,0.836006
0.488497,-0.069414,0.138629,-0.077432,0.24185
0.239508,0.248526,-0.027516,0.118932,0.311382
-0.007919,0.396822,0.418251,0.002823,0.0
-0.131488,-0.084591,-0.196102,-0.22533,0.413151
0.194729,0.123715,0.032071,0.20708,0.401144
0.056811,0.086423,-0.033024,-0.081721,0.646339
0.14894,0.404761,-0.045463,0.21921,0.005261
0.044712,0.163318,0.129436,0.083894,0.568194
0.024549,-0.5,0.140012,0.37877,0.0
-0.157321,0.054685,-0.193019,-0.032257,0.514008
-0.16862,0.12455,-0.145025,-0.338284,0.234904
-0.059227,-0.161833,0.120247,-0.064875,0.572278
-0.002677,-0.097119,0.183668,0.439752,0.239939
0.18367,-0.291629,0.41352,0.118616,0.0
0.19243,0.003311,0.044501,0.138432,0.715914
0.037361,0.078386,-0.021294,0.28007,0.613148
0.5,-0.287208,0.127991,0.339094,0.0
0.228874,-0.154366,0.202279,0.298932,0.046456
0.367689,-0.061456,0.352823,0.205565,0.0
-0.130284,0.21991,-0.130267,-0.145334,0.33063
0.056876,0.33264,0.117986,0.062169,0.350672
-0.050205,0.198362,-0.016515,-0.052875,0.53785
0.218434,-0.092807,0.001962,0.271975,0.445662
0.034993,-0.022877,0.024874,-0.042541,0.893982
-0.11859,0.242744,-0.10421,-0.456223,0.0
-0.008556,0.045834,-0.028131,0.030265,0.967576
0.5,-0.244973,0.322122,-0.170387,0.0
0.093914,0.280579,0.007632,-0.05235,0.413815
-0.017463,0.120948,0.121014,0.123784,0.478091
-0.019822,-0.034765,-0.285233,-0.113288,0.519737
-0.167007,0.032394,-0.15087,-0.163831,0.51068
-0.049477,-0.045483,-0.020479,-0.015015,0.861463
-0.113571,0.13976,-0.065224,-0.120719,0.480508
-0.168625,0.013798,-0.224786,-0.134949,0.433874
-0.066643,0.201384,-0.383102,-0.208426,0.0
-0.338112,-0.399319,0.20185,0.101675,0.023183
-0.139545,-0.020443,-0.028338,-0.144922,0.652744
-0.047504,0.122186,-0.20037,-0.23663,0.316559
-0.042731,-0.000917,-0.106168,-0.036241,0.931779
-0.036737,-0.477793,0.24595,0.383248,0.0
-0.23371,0.105947,-0.149991,-0.210996,0.247985
-0.106427,0.204907,-0.007618,-0.271461,0.322138
-0.240146,-0.028229,-0.204619,-0.20744,0.350835
0.125976,0.086676,0.003132,0.100472,0.591922
-0.147955,0.141777,-0.074006,-0.199959,0.378877
0.25226,0.264284,0.088189,0.264318,0.06961
-0.299759,0.108669,-0.207882,-0.351163,0.0
0.084639,0.037125,0.297931,0.014695,0.587253
-0.164001,0.090395,-0.165967,-0.346016,0.240217
-0.115161,0.25997,-0.099494,-0.258739,0.139718
-0.002188,0.061473,-0.006649,-0.042312,0.932892
-0.178742,0.102127,-0.108204,-0.350988,0.143014
-0.18243,0.059095,-0.062254,-0.052014,0.653389
-0.075268,0.068276,-0.015593,-0.263846,0.488181
-0.247879,-0.010689,-0.121734,-0.228211,0.474384
0.082648,0.080786,0.037985,-0.460008,0.289286
-0.132239,0.056187,-0.107141,-0.068881,0.634952
-0.178751,-0.15595,-0.088573,-0.246571,0.292482
-0.10138,-0.317544,-0.12971,-0.242945,0.047665
0.305532,-0.138185,0.442567,0.184462,0.025572
-0.219374,0.235651,-0.086809,-0.127038,0.219601
0.078428,0.001321,-0.01308,-0.042668,0.914576
0.050739,0.294384,-0.008491,0.089162,0.458475
0.067047,-0.048103,0.285643,0.040368,0.674824
-0.203055,-0.211316,0.250969,2.2e-05,0.195221
-0.080406,0.065485,-0.057502,-0.211474,0.539915
-0.219364,0.032723,-0.337112,-0.275795,0.132232
-0.266642,0.141338,-0.119447,-0.384075,0.031382
-0.176394,0.029586,-0.222298,-0.06229,0.526315
0.052928,-0.015485,-0.039963,-0.088277,0.834629
-0.200941,-0.093941,-0.182583,-0.357444,0.124955
-0.27831,0.158078,-0.230626,-0.068938,0.170523
0.040112,0.214913,0.084517,0.162397,0.493311
0.025468,-0.004241,-0.048771,-0.007528,0.931498
-0.14363,-0.002811,-0.318771,-0.071757,0.517353
0.164933,0.215938,0.125581,0.076813,0.372582
0.029479,0.064665,0.206702,0.27794,0.307993
0.103281,0.181133,0.014351,0.176673,0.387437
-0.022492,-0.016452,-0.152074,-0.214534,0.628682
-0.034595,0.146216,-0.022242,-0.11821,0.687676
0.188524,0.210742,0.025529,0.124774,0.2941
0.007592,0.083051,0.245914,0.145063,0.478778
-0.003175,-0.141306,0.091428,0.183384,0.450298
0.039082,0.033942,0.061682,-0.083635,0.736607
-0.047485,-0.080879,-0.272126,-0.175419,0.455994
0.053587,-0.284685,0.141719,-0.264582,0.171327
0.057298,-0.014832,-0.076716,-0.034871,0.811573
0.180686,-0.28706,0.28665,0.209105,0.067642
-0.115833,-0.104282,0.29517,0.5,0.090853
0.206114,0.196127,0.009961,0.069909,0.467979
-0.14123,-0.062748,-0.285327,-0.337144,0.230575
0.068472,0.135659,0.022338,0.185422,0.593981
-0.246922,0.185987,0.152904,0.409902,0.037018
0.117891,-0.22985,0.252754,0.086963,0.175826
-0.215626,-0.043375,-0.270828,-0.357355,0.100703
0.044292,-0.205001,-0.046201,-0.221466,0.408198
0.230024,-0.332269,0.00371,0.079744,0.146037
-0.301566,0.308026,-0.117232,-0.147306,0.0
-0.081958,0.041924,0.011652,0.015745,0.766394
0.0484,-0.211848,0.406769,0.258399,0.0
0.181977,0.161005,-0.019133,0.348359,0.246703
-0.150879,-0.065855,-0.143593,-0.108284,0.386577
0.096711,0.16692,0.11534,0.238136,0.227838
0.218093,-0.288638,0.214571,0.259531,0.0
0.004215,-0.18751,-0.044084,-0.274029,0.507204
0.153862,0.162804,0.070801,0.132286,0.383715
-0.104347,-0.067925,0.40624,0.5,0.0
-0.016574,-0.024442,-0.015344,-0.105075,0.901863
-0.0445,-0.288796,-0.00821,0.308495,0.262933
0.033387,0.247742,0.12296,0.141275,0.348382
-0.27091,-0.05663,-0.188366,-0.37228,0.040856
0.079506,0.271656,0.016587,0.050523,0.424294
-0.210612,-0.017242,-0.174104,-0.162706,0.470041
-0.268943,-0.172918,0.47668,0.148757,0.037342
0.108755,0.095301,-0.089143,0.294137,0.335063
0.071229,0.112033,0.10733,0.039286,0.649704
-0.177265,0.125576,0.42753,0.5,0.001363
0.153767,-0.5,0.386334,0.24068,0.071729
0.136476,0.263087,-0.015753,0.133346,0.313474
-0.154177,-0.034499,-0.169476,-0.145097,0.377715
-0.171349,0.295379,-0.371045,-0.130298,0.043908
-0.310265,0.053788,-0.136343,-0.06644,0.413211
0.09092,0.385149,-0.043133,0.232722,0.002192
-0.211579,0.053215,-0.107012,-0.188043,0.38049
0.003784,-0.5,0.262342,-0.084284,0.046868
-0.114438,0.1939,-0.134884,-0.161486,0.207276
0.022033,-0.157083,0.302465,0.389546,0.036271
-0.087578,0.137388,0.159198,0.152085,0.418201
0.311369,0.334514,0.138404,0.05073,0.007842
-0.045899,0.367419,-0.00759,0.420404,0.0
-0.156834,0.079162,-0.202853,-0.24634,0.312888
0.040329,-0.125237,0.232936,0.082641,0.55002
0.215599,-0.429747,0.204262,0.019207,0.074299
0.065384,0.083349,-0.079082,0.110416,0.594621
0.224209,-0.496433,0.353301,0.391012,0.0
0.222582,-0.232906,-0.112425,0.072003,0.232852
-0.223323,0.0799,-0.097882,-0.028951,0.594101
0.296742,0.110468,0.5,0.344375,0.0
0.173815,0.302292,0.102228,0.069239,0.227713
0.091327,0.004424,0.044861,-0.007498,0.833982
-0.119735,0.102494,0.106859,-0.467932,0.188332
0.094197,0.5,0.050713,0.223163,0.0
0.095272,0.095331,0.118168,0.24197,0.380395
-0.125421,0.19046,-0.180269,-0.162507,0.217515
-0.110143,0.095129,-0.265358,-0.295295,0.168671
-0.224138,0.055873,-0.287594,-0.465764,0.0
0.079771,-0.175875,0.00925,0.103784,0.518471
-0.217616,0.184109,-0.224077,-0.158123,0.112089
0.239288,-0.266885,0.5,0.32677,0.0
-0.30464,0.086794,0.5,0.023459,0.0
0.203834,0.093935,0.451128,-0.077775,0.115819
0.095007,0.300276,0.052539,0.164924,0.265101
-0.133218,-0.032285,-0.242427,0.025184,0.580351
-0.379521,-0.109061,0.351918,0.172283,0.039763
-0.33025,0.145633,-0.294817,-0.130361,0.019862
0.082104,0.359812,0.126062,0.090691,0.182264
-0.090391,-0.352795,0.137946,0.5,0.0
0.050984,-0.03019,-0.165455,-0.199844,0.531589
-0.244709,0.004729,0.007574,0.134254,0.630896
0.13187,0.5,-0.073814,0.052103,0.004265
-0.18547,0.267648,-0.28715,-0.169302,0.016232
0.167969,0.17513,-0.101305,0.127215,0.354012
-0.094321,-0.086356,-0.137263,-0.135882,0.511228
0.344534,0.172819,0.459417,0.058111,0.027358
-0.205516,0.132424,-0.215887,-0.101584,0.300341
-0.189419,-0.070418,-0.003267,-0.278951,0.427588
-0.203285,-0.082965,-0.145739,-0.235138,0.24138
0.235589,-0.5,0.5,0.353775,0.001016
0.288989,-0.204981,0.256562,-0.139796,0.0
0.189121,0.091522,-0.026397,0.5,0.144829
0.096378,0.179893,0.212113,0.081038,0.339647
0.064487,-0.094981,0.139464,-0.211209,0.414144
-0.167882,0.143682,-0.310199,-0.224831,0.164151
-0.106634,-0.480559,0.27532,0.225707,0.0
-0.201714,0.263084,0.04017,-0.223042,0.162821
-0.256197,0.303876,-0.156181,-0.186337,0.005824
-0.124347,-0.031305,-0.125382,-0.281855,0.441465
-0.170097,0.02744,-0.228098,-0.239798,0.256381
0.275568,-0.222835,0.5,0.273683,0.0
0.014155,0.103017,0.108438,-0.031911,0.645066
-0.268979,0.107394,-0.11484,-0.218969,0.300164
-0.138742,-0.5,0.173833,0.260339,0.132151
-0.102779,0.043707,-0.241929,-0.363294,0.287529
-0.238538,0.10518,-0.231132,-0.230506,0.13047
-0.034964,-0.303893,0.102678,0.2314,0.279755
0.327876,-0.282656,-0.02489,0.5,0.051921
-0.14941,-0.273738,-0.123473,0.035282,0.299808
0.042687,-0.090806,-0.086473,-0.079657,0.72853
0.160184,0.293624,0.203167,0.218314,0.0
0.160368,0.365884,0.075581,0.064874,0.182513
0.037042,0.07102,-0.058297,-0.098151,0.711338
0.02314,0.337685,-0.215758,-0.253998,0.012935
-0.405178,-0.039174,-0.194812,-0.35365,0.026692
-0.165449,0.238567,-0.362416,0.078976,0.062966
0.210359,0.184025,0.02495,-0.268503,0.255102
-0.157052,-0.155385,-0.365403,-0.014402,0.21989
0.303128,0.267508,0.174145,0.215586,0.024627
-0.210935,-0.011197,0.098016,-0.005117,0.660734
0.247185,0.344485,0.067981,0.033712,0.100905
0.209912,0.059149,0.005609,0.19229,0.511958
0.054791,-0.003336,0.015872,-0.035713,0.874924
-0.058719,-0.09345,-0.001369,0.043399,0.728775
-0.16682,0.091378,-0.162118,-0.097037,0.471366
0.061781,-0.12786,-0.15154,-0.267581,0.33142
0.021962,0.085576,0.109403,0.156162,0.591241
-0.207908,-0.454884,0.101785,0.139469,0.0
0.090399,0.285441,-0.1305,-0.5,0.0
0.06464,0.123566,0.319872,0.001473,0.387647
-0.364634,0.040496,-0.210826,-0.129988,0.197227
-0.327686,-0.079328,-0.073255,-0.35379,0.103233
0.086101,0.17428,0.220108,0.226471,0.204215
0.021098,0.218047,0.239058,0.113019,0.305039
-0.041616,-0.038013,0.005139,-0.075536,0.858852
-0.106824,-0.273335,0.5,0.208873,0.056195
-0.196172,-0.09583,-0.402793,-0.16739,0.09995
-0.22934,0.187351,-0.009287,-0.365432,0.217692
-0.187001,0.16033,-0.204762,-0.06139,0.341491
-0.094202,0.03872,-0.086594,-0.268601,0.514751
-0.221175,0.171959,-0.036724,-0.212327,0.301985
-0.112109,0.028758,-0.039914,-0.081284,0.765445
0.064513,-0.037685,-0.103245,-0.23533,0.66558
0.078272,0.263703,-0.118239,-0.000716,0.390205
-0.157444,-0.014958,-0.199979,-0.23637,0.406405
-0.369781,-0.00693,-0.066866,-0.297882,0.115351
-0.046328,-0.029797,0.236712,0.117235,0.62716
-0.192974,0.220336,-0.196111,-0.398581,0.037808
-0.008454,0.076725,0.016572,0.227779,0.668159
-0.316026,0.227217,-0.290615,-0.184393,0.0
0.392073,-0.357692,0.442743,0.40139,0.023962
0.065226,0.226791,-0.058806,0.093288,0.506672
-0.122883,0.070118,0.021526,-0.068486,0.642425
-0.033551,0.173076,0.121287,0.489982,0.110837
-0.326344,0.189496,-0.104777,-0.249228,0.172726
-0.256051,0.133363,-0.070264,-0.237422,0.228772
-0.125685,0.03186,-0.137275,-0.131346,0.585337
-0.140301,-0.106718,-0.26515,-0.199677,0.301041
-0.078841,-0.212556,-0.104507,0.207215,0.33079
0.064541,-0.382129,0.465227,0.456308,0.0
-0.176248,-0.110255,0.0836,-0.196412,0.409558
-0.044741,0.121446,-0.309232,-0.045479,0.444173
-0.143655,0.141313,0.017343,-0.094622,0.616719
-0.032132,0.037538,0.000221,4.1e-05,0.942205
0.173657,0.213302,0.173099,-0.001504,0.302077
0.140628,-0.5,0.5,0.415967,0.08219
0.084284,-0.262709,0.179036,0.186767,0.118187
-0.182269,-0.232546,-0.151428,-0.203092,0.062457
0.009284,-0.015462,0.080673,-0.035716,0.742481
0.149971,0.108546,-0.116628,0.095242,0.431048
-0.213489,0.177621,-0.245377,-0.337816,0.042889
-0.048013,0.199841,0.196023,0.008281,0.471755
0.064632,0.138964,-0.092529,-0.259474,0.349409
0.439355,-0.161373,0.348318,0.266096,0.0
-0.097947,-0.032273,-0.189274,-0.39466,0.226235
-0.249893,0.233427,0.073795,-0.177623,0.166476
-0.077759,-0.07876,-0.206465,-0.19801,0.474376
-0.005004,-0.011116,-0.010947,0.047249,0.816334
-0.096151,0.022932,0.068671,-0.332427,0.494012
0.144529,0.106414,-0.017522,-0.039846,0.546191
-0.173244,-0.087556,-0.134093,-0.198091,0.291585
0.218017,-0.136243,0.196082,0.21828,0.181575
0.049952,-0.419633,0.5,0.051979,0.0
0.083059,0.180572,0.119959,0.175133,0.330271
-0.282676,-0.100011,0.5,-0.022157,0.00187
-0.138803,0.182296,-0.06307,0.007355,0.558528
0.253292,-0.5,0.147684,0.358407,0.0
-0.167138,0.07025,-0.026022,-0.351607,0.421011
-0.124242,0.211329,-0.149218,-0.001457,0.452206
0.024876,-0.12154,-0.219864,-0.239293,0.356788
-0.131537,0.022827,0.046187,0.428959,0.283721
-0.271057,0.100662,-0.171602,0.048132,0.34512
-0.081275,0.068226,0.005457,-0.012222,0.748849
-0.045565,-0.309319,0.337773,0.257753,0.0
0.037929,-0.030158,0.09403,0.052111,0.788846
0.064192,0.007149,-0.034415,-0.005776,0.871203
0.055419,-0.5,0.233935,0.254247,0.0
0.000353,0.001764,0.065898,0.00347,0.883118
-0.155621,-0.348194,0.147515,-0.06969,0.110462
-0.122134,0.029008,-0.193032,0.053236,0.589908
-0.301005,0.012789,0.014282,-0.200743,0.51493
0.02784,-0.000724,-0.077763,0.116255,0.718821
-0.150362,0.141086,-0.145877,-0.456906,0.062297
0.017304,-0.5,0.347912,0.18603,0.0
0.15149,0.279486,0.073362,0.051285,0.325003
-0.044396,-0.028633,-0.042103,0.011743,0.860421
0.214341,-0.103233,0.285364,-0.195492,0.209331
0.124542,0.259373,0.004551,0.098568,0.399592
0.113621,0.218889,-0.047752,-0.048996,0.398127
-0.109954,-0.026152,0.101318,-0.032509,0.665892
-0.338217,-0.052371,-0.146946,-0.324064,0.124581
-0.269435,-0.038098,-0.315019,-0.206364,0.176524
-0.031712,-0.438014,0.170019,-0.5,0.045786
-0.004283,0.028226,-0.025459,-0.061466,0.886729
-0.193109,0.113459,-0.220187,-0.097446,0.315443
-0.276501,-0.111584,-0.226136,-0.077012,0.292256
0.280965,-0.011722,0.416651,0.463094,0.023265
-0.057308,-0.092553,0.171705,-0.018089,0.615448
0.018438,0.112891,0.023648,-0.113467,0.63012
0.029291,0.113655,0.008671,-0.110978,0.681263
-0.104988,0.118424,-0.149004,-0.205761,0.417764
0.399703,-0.348571,0.454577,0.119123,0.0
-0.075349,0.198339,0.048475,0.004561,0.478879
-0.159225,0.165339,-0.189182,-0.36255,0.009712
-0.159915,-0.001034,-0.204184,-0.152167,0.43288
-0.018809,-0.000431,-0.034232,-0.197093,0.701716
-0.306443,-0.157236,-0.262972,-0.022823,0.238833
-0.169284,0.140334,-0.03503,-0.160961,0.510295
-0.363091,0.095356,-0.167297,-0.347158,0.020592
-0.197748,-0.125317,-0.217736,0.026027,0.357611
0.44728,-0.415122,0.211832,0.257776,0.0
0.060852,0.074146,-0.05619,0.042814,0.747057
-0.273362,0.007798,-0.154905,-0.196215,0.366643
-0.093685,0.048107,-0.162983,-0.20816,0.537973
-0.141153,-0.183976,-0.196434,-0.324781,0.065029
-0.296483,0.069974,-0.351869,0.115167,0.190896
0.207244,0.08998,0.198653,0.024921,0.470124
0.172516,-0.177895,0.450074,0.123089,0.035525
0.039028,0.029146,-0.05317,-0.012295,0.900244
0.5,0.054106,-0.188305,0.189763,0.068634
-0.036129,0.043645,-0.277841,-0.062244,0.553253
-0.212767,0.03559,-0.278915,-0.29452,0.239164
0.169615,0.268545,0.035926,0.058769,0.257307
0.071531,0.038326,0.071184,-0.023541,0.733125
0.172879,0.169989,0.144145,0.262584,0.181531
0.035943,0.193888,-0.087791,0.075219,0.554788
-0.177198,-0.095293,-0.103765,-0.258583,0.322403
-0.040211,0.028059,-0.061745,0.022883,0.810382
0.182492,0.094253,0.348933,0.191005,0.119797
-0.158062,0.059506,-0.311359,-0.376931,0.05839
0.094164,0.447282,0.098595,-0.123325,0.0
0.242002,-0.341375,-0.157171,0.161799,0.049182
-0.21761,0.244631,-0.170495,-0.299846,0.0
0.254275,0.068974,0.108297,-0.068351,0.449283
0.102616,-0.490679,0.226084,0.159247,0.008958
0.109078,0.07157,0.120381,0.042394,0.553796
-0.0493,-0.129777,-0.016688,-0.040898,0.747355
0.024336,-0.157579,0.5,0.448838,0.069894
-0.164768,-0.03196,0.04382,0.275548,0.47107
-0.286205,-0.00923,-0.127965,-0.178679,0.45011
-0.307569,0.023649,0.013105,-0.282202,0.366526
-0.205338,0.117765,-0.001283,0.001392,0.567566
-0.245056,-0.148141,-0.196669,-0.215467,0.140674
-0.305881,-0.059478,-0.115663,-0.384616,0.104302
-0.101787,0.032031,-0.021461,-0.078347,0.817457
0.039044,-0.052939,-0.05879,-0.063039,0.758067
-0.083885,-0.020783,-0.015461,0.051915,0.758455
0.183666,0.231008,-0.160301,-0.072602,0.18308
0.250125,-0.181661,0.128196,0.337069,0.0
0.009194,0.12832,0.007669,0.150281,0.685912
0.087208,0.195137,0.099863,0.13315,0.350182
0.165832,-0.2695,0.372971,0.232886,0.060441
-0.202097,0.119408,-0.28496,-0.046621,0.283232
-0.038543,-0.204924,0.329328,0.049601,0.326999
-0.115667,0.083994,-0.133644,-0.13395,0.495033
0.010485,-0.060633,0.007382,0.095846,0.789889
0.175303,0.5,-0.060293,0.112121,0.0
0.015573,-0.044877,-0.005879,-0.017284,0.955549
-0.116006,0.200253,-0.222149,-0.152651,0.205033
-0.104222,0.048413,-0.240412,-0.016841,0.630662
-0.001649,-0.003579,0.07153,-0.012631,0.968151
0.105491,-0.292974,0.440995,0.342836,0.031931
0.042265,-0.022573,0.045454,-0.028731,0.777367
0.160332,0.076568,0.239728,0.194647,0.269308
0.296589,0.266595,0.209039,0.196159,0.0
0.271261,0.166138,-0.043668,-0.127772,0.276239
-0.197041,0.055023,-0.064369,-0.121072,0.491044
-0.076063,-0.179418,-0.242807,-0.076504,0.373096
0.31157,0.111597,0.5,0.213785,0.0
0.430409,-0.5,0.475297,0.110588,0.0
-0.260592,0.09296,-0.189955,-0.143716,0.310975
-0.062099,0.079687,0.193877,-0.009501,0.583803
-0.098056,0.350546,0.129798,0.166559,0.080421
-0.1714,0.160169,-0.055315,0.060022,0.515181
-0.080437,-0.116095,-0.149341,-0.170298,0.467434
0.138913,0.172799,-0.028519,0.164945,0.392337
0.16023,-0.248687,0.492883,0.125483,0.0
0.01722,0.100522,-0.109187,-0.318109,0.494971
0.256702,0.080892,-0.021666,0.016499,0.536902
-0.195451,0.256293,-0.066324,-0.263423,0.086696
0.271715,0.029618,0.20026,0.158624,0.288667
0.008919,-0.017444,-0.042742,-0.033079,0.87639
-0.042051,0.400963,0.117302,0.206347,0.01136
-0.101252,0.176485,-0.098401,-0.22577,0.299283
-0.364355,0.037471,-0.202497,-0.429096,0.004879
-0.075513,0.176595,-0.152317,-0.263451,0.271222
-0.170787,0.188761,-0.121203,-0.455618,0.002449
0.131662,0.086674,0.124237,0.036464,0.622792
-0.240272,0.021934,-0.230959,-0.212874,0.200548
0.184508,-0.008172,0.263084,0.327062,0.194985
0.100295,0.158012,0.100154,0.160277,0.422788
-0.073569,0.115903,0.002935,-0.288657,0.493131
0.032286,0.2032,0.113133,0.108292,0.51921
0.065742,-0.176728,-0.237727,-0.231283,0.258406
-0.204528,-0.044864,-0.170224,-0.304831,0.303133
-0.160221,-0.054022,-0.180325,-0.406734,0.20665
-0.013635,-0.084957,0.0898,-0.025072,0.781136
-0.08636,0.144661,-0.241908,-0.229558,0.260515
-0.080414,0.112288,-0.29027,-0.208697,0.271188
-0.135745,-0.015559,-0.21901,-0.194353,0.462884
-0.170582,0.187519,-0.078136,-0.134247,0.293777
-0.121274,0.067459,-0.269588,-0.131343,0.429589
-0.228619,-0.0074,-0.24604,-0.309088,0.18474
-0.324135,0.012227,-0.03066,-0.184255,0.463982
0.189582,0.12486,0.07129,-0.077403,0.501911
0.089591,0.229193,0.134915,-0.016025,0.428149
0.087313,0.228967,-0.107008,0.140675,0.231167
-0.293833,-0.16669,0.027469,-0.120107,0.319263
-0.271523,0.021607,-0.197797,-0.069877,0.417738
-0.077195,0.075104,-0.21922,-0.227123,0.184557
-0.297201,0.118209,-0.2275,-0.169807,0.129279
0.203281,0.198534,0.036577,0.334036,0.133051
0.069427,0.441478,0.159472,0.090734,0.014506
0.239578,0.163115,-0.104534,0.187983,0.144344
-0.142031,0.109883,-0.107999,-0.307767,0.264359
0.252325,-0.060998,0.192473,0.326386,0.113761
0.043029,0.063435,-0.041531,0.03265,0.78813
0.06592,-0.03653,0.057004,0.005991,0.864477
0.068915,0.284785,0.08418,-0.025927,0.396084
0.146245,0.107593,-0.143252,0.142449,0.419463
-0.397062,0.095945,-0.284996,-0.371805,0.0
-0.147512,-0.045166,-0.099659,-0.186203,0.498957
-0.212921,0.011402,-0.25085,-0.315909,0.231562
-0.247385,-0.07447,-0.141782,-0.344421,0.205602
0.0893,0.487633,-0.046477,0.201032,0.0
-0.061069,0.220071,0.124028,0.055289,0.507675
0.143506,0.238561,0.054135,0.117908,0.348517
-0.197123,-0.093604,-0.07233,-0.076115,0.476819
-0.322882,0.0383,-0.394547,-0.313631,0.0
0.314641,0.010161,-0.004381,-0.084589,0.631621
-0.38141,-0.069377,-0.097254,-0.338632,0.008186
-0.02996,0.075143,0.158151,0.16233,0.545757
-0.353321,0.280835,0.145909,-0.180622,0.0
-0.475562,0.040856,-0.189297,-0.174725,0.076593
0.034726,0.024602,-0.020451,-0.142561,0.80919
-0.175349,-0.000899,-0.37923,-0.321623,0.094722
-0.207514,0.153898,-0.213237,-0.088146,0.156583
0.239384,0.313055,0.155189,-0.007836,0.11718
-0.16868,-0.5,0.211326,0.150279,0.033688
0.19322,0.296176,0.107884,0.119903,0.149288
-0.31103,0.222689,-0.21959,-0.321519,0.067802
0.186188,0.1789,0.048025,0.016237,0.431259
0.103866,-0.096834,0.063581,0.098433,0.609405
0.159324,0.272887,-0.052352,0.19881,0.208793
-0.149442,-0.154732,-0.197129,-0.206499,0.198671
-0.31118,0.128442,-0.128609,-0.214463,0.117818
-0.246453,-0.467403,0.436596,0.254759,0.0
0.174542,0.17778,0.100177,0.140551,0.392508
0.145078,0.231366,-0.027412,0.026268,0.436218
-0.134013,-0.123652,0.43647,0.5,0.063866
-0.079825,0.017519,-0.106782,-0.387942,0.486649
-0.032888,-0.006574,-0.051295,0.004603,0.915016
-0.160758,-0.008188,-0.159733,-0.097974,0.589746
-0.039618,0.17471,0.005107,-0.232662,0.457029
0.172944,-0.166626,0.324896,0.112031,0.078926
-0.018853,0.193312,-0.047461,0.079586,0.516668
0.203582,0.070226,0.074427,0.120004,0.491108
0.029715,-0.036132,0.191099,0.277331,0.476296
0.022541,0.140797,0.5,0.123195,0.138881
-0.2405,0.151745,-0.064939,-0.281362,0.242693
-0.306909,-0.23262,-0.413013,-0.347126,0.003301
-0.121734,0.09035,-0.200719,-0.247242,0.315265
-0.243481,0.111094,-0.17581,-0.072184,0.355143
-0.278624,0.007033,-0.29578,-0.143115,0.220475
0.217869,0.004692,0.016587,0.017197,0.761699
-0.11075,0.058997,0.007137,0.089307,0.778235
-0.160322,-0.00587,-0.03409,-0.118771,0.602876
-0.094576,0.130779,-0.024731,-0.263452,0.410114
-0.085235,0.08264,-0.157148,-0.014155,0.634095
-0.204572,-0.108416,-0.066252,-0.114415,0.484202
0.283516,-0.279276,0.022921,-0.277996,0.0
-0.140486,0.100541,-0.067221,-0.218612,0.451446
0.392956,-0.01248,0.336734,0.170792,0.037675
0.005598,0.427678,0.086952,0.107244,0.194988
-0.049139,0.195583,0.243167,0.261907,0.199446
0.210027,0.255715,-0.136002,0.304076,0.025085
-0.209217,0.034353,-0.215072,-0.243264,0.277459
0.085777,0.105353,0.045113,0.142159,0.683407
-0.220625,0.080407,0.394961,-0.234224,0.020801
-0.158854,0.0971,-0.056569,-0.114286,0.548891
0.156407,-0.337169,0.335309,-0.0973,0.0
-0.073615,0.080923,-0.12968,-0.314586,0.414186
0.324224,0.141263,0.461183,-0.117058,0.0
0.016844,0.025414,0.02606,0.007778,0.87985
0.366098,-0.131411,0.330388,0.382057,0.0
-0.058452,0.168832,-0.153201,-0.049643,0.428263
0.03509,-0.005244,-0.046199,-0.030427,0.894789
-0.099299,0.157979,-0.00103,-0.287645,0.430739
-0.24236,-0.000798,-0.281842,-0.334182,0.196624
0.069315,0.098501,0.333562,0.237317,0.220508
-0.245869,-0.264759,-0.204742,0.5,0.030562
0.077419,0.366333,0.08283,0.134731,0.107869
0.375303,0.025686,0.162118,0.094062,0.398302
0.151914,0.384475,0.131311,0.258389,0.060798
-0.036159,-0.5,0.204305,0.46039,0.0
-0.062882,0.183793,-0.086716,0.092461,0.450293
0.087405,0.258259,0.104716,0.043458,0.421808
-0.044983,-0.044489,-0.092809,-0.059614,0.693865
0.061231,-0.102692,0.164373,0.197054,0.438528
-0.270069,-0.121203,-0.094105,-0.264333,0.201919
-0.140799,-0.126383,0.012011,-0.139044,0.514381
-0.12113,0.136599,-0.070546,-0.178561,0.376553
-0.061446,-0.137702,0.378556,-0.138607,0.229384
0.028785,-0.062675,-0.049808,-0.014677,0.83712
-0.136643,0.173365,0.133396,0.078348,0.374271
0.04616,0.286769,0.203519,0.17466,0.212904
-0.264505,0.053032,-0.073288,-0.022619,0.604398
-0.058221,-0.340583,-0.088344,0.000805,0.432951
0.157085,-0.109908,0.254228,0.337957,0.13974
-0.110533,0.18869,-0.330683,-0.357908,0.029934
0.133804,-0.027278,0.163688,0.101205,0.547335
-0.19913,-0.215834,-0.012111,0.057273,0.367932
-0.003918,0.011315,0.101899,-0.033609,0.822481
-0.092802,0.235593,-0.142395,-0.164558,0.296637
0.046401,-0.203729,0.046403,0.253719,0.338945
-0.414434,-0.017718,-0.042815,-0.270652,0.300184
0.329813,0.299206,0.079731,0.143415,0.030258
0.017323,0.057321,0.256482,0.122449,0.447052
-0.271288,0.198662,-0.207638,-0.270891,0.0
-0.162949,0.019617,-0.119645,-0.04674,0.635864
0.025338,0.024764,0.115651,0.147625,0.574355
0.11225,0.290598,0.098291,0.40045,0.014187
0.03097,-0.038223,-0.044328,0.006455,0.868341
-0.159529,0.076748,-0.186348,-0.207283,0.368109
0.16269,-0.366284,0.283082,0.18785,0.008882
-0.145427,0.173171,-0.016492,-0.309739,0.369582
0.140518,0.082804,0.07396,-0.064695,0.527879
0.05561,0.185132,-0.097907,-0.013137,0.527294
-0.256086,0.140917,-0.22416,-0.393764,0.0
-0.309647,-0.153715,-0.158768,-0.221882,0.044738
0.016914,0.163545,-0.058934,-0.036821,0.6673
0.158021,0.180605,0.042811,0.117346,0.391987
0.230358,0.19779,-0.015569,0.227042,0.265546
0.097408,0.092974,0.080624,0.196554,0.488607
-0.13401,-0.079431,-0.163511,-0.220837,0.312641
-0.270481,0.183218,-0.131054,-0.149487,0.135472
-0.294194,-0.011995,0.054396,-0.217464,0.460778
-0.105797,0.117056,-0.134324,-0.326357,0.235882
0.093282,0.41984,0.08225,0.23713,0.039459
0.01934,0.026698,0.05069,0.003014,0.838207
-0.158933,0.070475,-0.087751,-0.123517,0.536501
-0.020521,0.221524,0.038406,0.164781,0.418571
-0.209926,0.080039,-0.150234,-0.115578,0.383681
0.203454,0.248251,0.163395,0.203684,0.11652
0.110244,0.231504,0.047381,0.027851,0.509953
-0.008274,0.019798,0.048423,-0.024004,0.957062
0.008316,0.213072,-0.233411,0.316516,0.153435
0.207818,0.30894,0.140195,0.04947,0.184967
0.050677,0.125652,-0.064686,-0.05165,0.631306
-0.078503,-0.043032,-0.061237,0.020573,0.727893
0.016369,-0.097234,0.03084,0.040906,0.857206
0.008101,-0.095841,0.10424,0.052363,0.682478
-0.069401,0.3412,-0.148424,-0.111957,0.225976
-0.203666,0.250434,-0.051475,-0.207669,0.16259
-0.060224,-0.072127,0.001986,-0.010729,0.839729
-0.249012,0.002124,-0.078044,-0.142563,0.529134
-0.091345,-0.5,0.5,0.1589,0.0
-0.021971,0.222958,0.055682,0.164009,0.430596
-0.216444,-0.2649,-0.257129,-0.340555,0.0
0.027176,0.444192,0.176829,0.123615,0.0
-0.09447,-0.299274,0.271637,0.04066,0.14838
0.120777,0.169827,0.088412,0.037951,0.442455
-0.298518,0.236722,-0.213369,-0.328271,0.0
0.389603,-0.322601,0.235544,-0.022655,0.0
-0.318952,0.152179,-0.262572,-0.099868,0.071708
-0.044937,0.128474,-0.299651,-0.023489,0.44964
-0.280422,-0.227,0.341858,0.26194,0.0
-0.077863,-0.262685,0.205498,0.110297,0.198837
0.007838,0.059471,-0.046336,-0.159464,0.672744
-0.11008,-0.023625,0.023166,-0.32893,0.486867
0.201531,0.271356,-0.00078,0.100238,0.38681
-0.253201,-0.280018,-0.156763,-0.307518,0.0
0.020454,0.308735,-0.037095,0.00992,0.478863
0.005985,0.071421,0.009372,0.00902,0.890332
-0.049643,0.018791,-0.132485,-0.41817,0.448558
-0.312359,0.100505,-0.112338,-0.182268,0.344354
-0.18418,0.231042,-0.047512,-0.136967,0.213391
-0.201723,0.163155,-0.23268,-0.200337,0.061566
-0.154796,-0.5,0.290464,0.193367,0.015521
-0.039338,0.152202,-0.314214,-0.17555,0.200652
0.5,-0.454026,0.26382,0.284785,0.016003
0.052501,0.064303,-0.023302,0.133233,0.716765
0.119429,0.090807,0.088074,0.140258,0.466198
0.366518,-0.166543,0.269067,-0.015092,0.075485
0.239118,0.372677,0.388012,-0.023265,0.0
-0.330067,-0.013775,-0.166742,-0.056032,0.420682
0.450532,-0.145601,0.071926,0.279129,0.031363
-0.373684,-0.091335,-0.045215,0.054211,0.364545
-0.133064,-0.099095,-0.082901,-0.093808,0.60001
0.059692,-0.394532,0.5,0.406711,0.0
0.101265,0.130379,-0.197149,-0.089939,0.358815
0.429649,0.2389,0.5,0.260195,0.0
-0.091653,-0.387737,0.379843,-0.15393,0.033262
-0.191627,0.190654,-0.208822,-0.271559,0.050504
0.100729,0.195281,-0.022119,0.000418,0.551072
0.106161,0.245915,-0.066578,0.093892,0.362609
0.219493,0.006626,-0.027973,0.031891,0.775955
-0.210434,0.113434,-0.097604,-0.077362,0.470442
-0.047204,0.062016,-0.046901,-0.038251,0.784826
0.061835,-0.235618,0.235286,-0.207758,0.124017
-0.046679,-0.025946,0.031917,-0.089074,0.800217
0.202206,0.172348,0.192186,0.282541,0.025085
-0.191688,-0.001835,-0.129648,-0.291578,0.294339
-0.099138,-0.169636,0.5,0.425923,0.0
0.121085,0.211477,0.104294,0.311534,0.12441
0.163696,0.253448,0.336877,0.113083,0.056942
-0.261583,0.120273,-0.022389,-0.161246,0.37565
-0.316024,-0.009499,-0.012691,-0.254258,0.449559
0.252975,0.233187,0.069818,0.331954,0.0
0.019715,0.141225,0.296664,-0.030305,0.500743
-0.04802,0.196533,0.110519,0.070321,0.426213
-0.234835,0.05478,-0.052531,-0.148829,0.486568
-0.367216,-0.039072,-0.149145,-0.167242,0.252895
-0.261679,-0.014136,-0.269172,-0.428558,0.090867
-0.056838,-0.387797,0.481348,0.10761,0.040357
-0.221885,0.143266,-0.253769,-0.084189,0.216393
-0.178305,0.069553,0.184537,0.111033,0.446014
-0.079371,-0.081605,0.045579,0.309312,0.452339
0.074864,0.222757,-0.186729,0.420326,0.04786
0.435118,-0.028597,0.402345,0.053753,0.110906
-0.111885,-0.197086,0.339623,0.127846,0.151141
-0.148855,-0.232898,-0.194906,-0.153088,0.109772
-0.266594,0.028254,-0.190686,-0.221319,0.266137
0.022229,0.07346,0.26582,0.105554,0.490889
0.00739,-0.06025,0.011203,0.080346,0.834063
0.053785,0.070405,-0.158289,-0.221957,0.422245
-0.194807,0.074643,-0.147998,0.121579,0.397851
-0.056184,-0.075542,-0.191056,-0.0897,0.546801
0.121245,0.124937,0.042093,0.119934,0.469992
0.155964,0.19473,-0.038278,0.197726,0.311372
-0.081926,0.198617,-0.169351,0.228952,0.20712
-0.115388,-0.437672,0.339739,-0.084321,0.0
-0.158,-0.069998,-0.203259,-0.151457,0.405394
-0.151417,-0.044281,0.033642,-0.089589,0.692326
0.044985,-0.036487,-0.002474,-0.076197,0.782284
0.335152,-0.422646,0.190427,-0.078029,0.022401
0.116299,0.20037,-0.020587,-0.240625,0.396024
0.000541,0.01941,0.03639,-0.027539,0.945886
-0.074152,0.045397,0.217687,-0.009663,0.66144
-0.032705,0.109392,0.017925,-0.258497,0.580506
-0.031392,0.003949,0.017194,-0.015175,1.0
-0.081852,0.044786,-0.252773,-0.210274,0.433333
0.062824,-0.125412,0.5,0.103667,0.155474
-0.08518,-0.121414,0.228586,-0.041971,0.484312
0.004032,-0.047774,0.031482,-0.038681,0.778207
-0.275943,-0.08855,0.010963,-0.079699,0.43483
-0.002958,-0.053798,0.003935,-0.052534,0.905784
0.266353,0.080249,-0.052098,0.043638,0.513289
-0.269749,-0.111317,-0.063559,-0.279496,0.227667
0.215024,0.260006,0.020474,0.103091,0.242707
-0.068699,0.020849,-0.051262,0.013568,0.781057
0.128263,-0.298975,0.175881,0.278336,0.044546
-0.129227,0.054099,-0.19689,-0.215949,0.304471
-0.352833,-0.21495,0.201642,0.275297,0.017037
-0.11784,-0.048022,-0.332863,-0.20913,0.230127
0.019244,-0.021405,-0.009137,-0.058524,0.848497
-0.116416,-0.016575,-0.159781,-0.148687,0.589281
-0.259881,0.138327,-0.334466,-0.162023,0.039328
-0.135002,0.130474,-0.176473,-0.223574,0.189089
-0.23163,-0.0368,-0.143579,-0.207071,0.397296
0.180588,0.01705,-0.026755,-0.003722,0.859881
-0.018258,-0.036763,-0.02952,-0.059308,0.90179
0.171165,0.05659,-0.007989,0.004407,0.627785
0.150203,0.291321,0.114222,0.210185,0.123403
0.179313,-0.265298,0.0343,0.149187,0.182947
0.109147,0.358014,0.060257,-0.069715,0.274808
-0.078245,-0.038109,0.021585,0.115632,0.691718
-0.212892,0.180696,-0.061754,-0.28302,0.103901
-0.030615,-0.22903,0.483554,-0.203254,0.0
0.062389,0.053887,0.460715,0.154926,0.234755
-0.147173,0.139753,-0.141863,-0.076542,0.487132
-0.35764,-0.16698,-0.070451,-0.145226,0.27539
-0.210708,0.24483,-0.2535,-0.065288,0.130313
-0.144843,0.101461,-0.060263,-0.011912,0.577379
-0.330733,0.071215,-0.179305,-0.175295,0.084611
-0.191937,-0.016243,-0.092723,-0.428601,0.290892
0.115184,0.337973,0.196652,0.232172,0.005744
-0.106638,0.01596,0.028447,0.101657,0.789903
0.157476,0.335181,-0.048218,0.047667,0.178143
0.024228,0.143644,-0.012601,0.119418,0.642009
0.076344,0.134635,0.002039,0.0953,0.680071
-0.227913,-0.262458,0.476713,0.5,0.0
-0.041379,0.11523,-0.005046,0.066204,0.713173
-0.022223,0.084661,-0.197202,-0.051805,0.610959
-0.011921,-0.288118,0.260341,0.5,0.0
-0.007265,-0.003204,-0.038799,-0.184021,0.763244
-0.014231,0.032954,-0.074078,-0.063248,0.866239
-0.064517,-0.356455,0.221659,0.167727,0.0
-0.327714,0.190583,-0.282511,-0.17373,0.0
-0.079871,0.159813,0.111473,-0.051638,0.538169
0.23524,0.210016,0.01401,0.16507,0.29534
-0.213961,0.31874,-0.263912,-0.161285,0.062367
0.08923,0.187087,0.056766,0.100119,0.499892
-0.202753,-0.059205,-0.107064,-0.098258,0.480103
-0.205396,0.03394,-0.200561,-0.229574,0.274393
0.099116,0.09212,0.088959,0.193545,0.558166
-0.004398,-0.057306,0.045192,-0.020943,0.866638
0.180383,-0.029482,0.048377,-0.075172,0.625134
-0.257948,0.253252,-0.161766,-0.088227,0.106414
0.142766,-0.197859,0.318718,0.403564,0.001047
0.072874,-0.062577,-0.07941,0.012509,0.724204
0.036059,0.332092,0.017472,0.098641,0.379447
-0.43012,-0.156529,0.5,0.092993,0.013028
-0.015532,-0.062796,0.101421,-0.061157,0.723293
-0.152735,0.055595,-0.258265,-0.288184,0.248756
0.102127,0.133608,0.233146,0.191691,0.280105
-0.02474,0.017621,-0.087036,-0.119671,0.713533
0.134668,0.312925,0.096561,-0.033675,0.275567
0.093531,-0.399612,-0.155362,0.203865,0.0
0.091355,0.027903,0.089906,0.183239,0.663232
-0.077049,-0.039877,0.182593,0.047789,0.729333
-0.023395,0.312372,-0.040657,0.170338,0.433846
0.027774,-0.034856,-0.029626,-0.005383,0.786257
0.5,-0.289447,-0.016927,0.5,0.0
0.062875,0.248186,0.203274,0.1217,0.283916
0.022631,0.036732,-0.035383,-0.01093,0.873754
-0.350565,0.156282,-0.410579,0.068168,0.022404
-0.260572,0.056855,-0.041958,-0.266432,0.389401
-0.322377,-0.36903,0.473465,0.040003,0.006969
0.0936,-0.359711,0.265799,0.309636,0.011604
0.025268,0.155711,-0.20838,-0.110259,0.428116
-0.025891,0.068054,-0.049631,-0.034613,0.721239
-0.022091,0.099192,-0.218224,-0.26543,0.371033
0.05759,0.371706,0.011331,0.164512,0.168926
0.025062,-0.030974,0.052004,-0.045501,0.886314
-0.20841,-0.039424,-0.071233,-0.224562,0.524942
-0.175579,-0.108284,0.014028,-0.023119,0.521512
0.223342,0.237092,0.283791,0.121361,0.0
-0.004222,-0.05694,0.046734,0.062524,0.842243
-0.010798,-0.008207,-0.028719,0.02416,0.903526
-0.21062,0.114504,-0.251016,-0.396925,0.0
0.03728,0.229091,-0.060624,0.016727,0.563556
0.004955,-0.05762,0.050359,0.267405,0.637073
0.5,-0.219591,0.203431,0.051723,0.0188
-0.189849,0.057393,0.252582,-0.191285,0.186554
0.111715,0.109027,0.137878,0.161937,0.400549
-0.035769,-0.004469,0.067175,0.000889,0.954533
-0.1372,0.052415,-0.088685,0.00222,0.759129
-0.237715,-0.346834,0.251224,-0.006979,0.0
-0.21067,0.071155,-0.041603,-0.007735,0.624922
-0.175882,0.141144,-0.232447,-0.256123,0.027145
-0.216177,0.15903,-0.085369,-0.031046,0.468916
-0.309075,0.044774,-0.065788,-0.400219,0.158223
-0.103318,0.008809,-0.31418,-0.273166,0.317244
0.130655,0.19343,0.034085,-0.103514,0.514873
-0.066104,0.246116,0.105657,-0.093301,0.344766
0.227564,0.323261,0.034471,0.19067,0.08086
-0.043122,0.059387,-0.175951,-0.158038,0.635516
-0.15757,0.261619,-0.128511,-0.229115,0.012662
-0.012116,0.146703,0.135037,-0.03304,0.670783
-0.087885,0.06187,-0.150875,-0.23629,0.478174
-0.118874,-0.5,-0.011333,0.160211,0.0
0.104476,0.059873,0.136694,0.155437,0.476264
0.003596,0.203117,-0.145035,0.383362,0.194126
-0.068698,-0.220596,0.5,0.197985,0.0
-0.106067,0.039515,-0.006839,-0.15331,0.642057
0.472445,-0.018504,-0.047396,0.5,0.020749
0.022017,-0.053244,0.030312,0.022561,0.862265
-0.202145,-0.493978,0.162656,0.207057,0.055758
-0.051893,0.068232,0.058635,0.002442,0.756562
-0.027759,-0.011724,0.081855,-0.086819,0.848688
-0.086445,-0.114766,-0.174433,-0.180664,0.438799
-0.050065,-0.09036,-0.261408,-0.25849,0.277238
-0.054222,0.019691,-0.18483,-0.115138,0.606359
0.055281,-0.05804,0.099838,0.151743,0.615483
-0.304763,0.017228,-0.157636,-0.294248,0.201979
-0.283565,0.224542,-0.167694,-0.288527,0.0
-0.339999,-0.04339,0.080928,0.265023,0.308508
-0.262671,0.035477,-0.068858,-0.269649,0.281462
0.147,0.361071,0.002325,0.011539,0.317498
0.166075,0.248032,-0.04993,0.025033,0.454555
-0.261975,-0.163808,-0.199446,-0.072524,0.205876
-0.111231,-0.056873,-0.213212,-0.084637,0.462491
-0.141505,-0.072911,-0.263407,-0.171763,0.342673
-0.016882,0.040855,0.038793,0.13909,0.801408
0.035883,0.124131,0.005791,-0.053631,0.726587
-0.305738,0.107741,-0.261034,-0.108212,0.232141
0.172201,-0.365776,0.063876,-0.143667,0.050009
0.042726,0.231332,0.182477,0.11256,0.336246
-0.065919,0.004599,-0.241823,-0.098249,0.625361
-0.122814,0.251637,-0.091824,-0.293609,0.156941
-0.163871,-0.286749,-0.188328,-0.1887,0.07604
-0.014675,-0.225794,0.052237,0.04425,0.44593
0.181333,-0.433906,0.067202,0.377855,0.034349
0.081682,0.196558,0.053556,0.129547,0.418929
-0.069444,-0.5,0.442164,0.050782,0.0
0.068796,0.089051,-0.051937,0.13906,0.640911
-0.307809,0.139233,0.028348,-0.183585,0.288496
0.098564,0.060626,0.033582,0.293975,0.423307
0.161782,0.143588,0.119998,0.108316,0.449841
-0.081364,-0.111793,0.5,0.5,0.0
-0.009268,0.15762,0.025329,0.134862,0.589882
0.023606,0.302705,-0.095368,0.137667,0.345126
0.306863,-0.312768,0.267156,0.169055,0.0
-0.318218,0.027351,0.022341,-0.056344,0.564401
0.032551,-0.294316,-0.061915,-0.014474,0.366765
0.142124,0.309072,0.014944,0.104858,0.189825
0.220172,0.30903,0.029887,0.125823,0.138437
-0.099641,0.070478,-0.145364,-0.327139,0.327387
-0.259404,0.141047,-0.155072,-0.032755,0.315399
-0.217816,0.117793,-0.025283,-0.201876,0.380063
-0.072055,0.051315,0.049367,0.145333,0.619895
-0.109598,-0.167771,-0.205884,-0.340541,0.042567
-0.233352,0.013962,-0.11389,-0.251956,0.28073
0.175004,0.178803,0.148773,0.153191,0.247592
0.138104,0.165514,-0.014028,0.012793,0.526221
0.406262,-0.035516,0.120948,0.5,0.0
-0.032007,0.01611,-0.060252,-0.089815,0.778751
-0.315888,0.002424,-0.047499,-0.057105,0.5908
0.033827,-0.253118,-0.030693,0.398525,0.152145
0.206378,-0.32634,0.184946,0.5,0.076361
0.080489,0.071052,0.117772,0.255121,0.511739
0.044177,-0.043646,0.053685,-0.027598,0.749148
-0.161395,0.047309,-0.191079,-0.045862,0.599
-0.175974,0.108339,0.033829,-0.115573,0.514974
0.314278,-0.303743,0.262588,-0.038427,0.0
-0.272348,0.031215,-0.123321,-0.298278,0.214181
-0.112877,0.112487,-0.338137,0.022235,0.466759
-0.006234,-0.006628,0.066924,-0.05433,0.89087
0.138153,0.405147,0.022816,0.15024,0.145107
0.465676,-0.058565,0.134014,0.252179,0.053292
-0.041885,0.032904,-0.022415,-0.032198,0.909645
0.394393,-0.302593,0.450023,-0.353661,0.112381
-0.060454,0.07606,0.169778,0.134179,0.511645
0.007969,-0.049845,0.049284,-0.003256,0.793635
-0.056295,0.032881,-0.143692,-0.232641,0.524031
0.287366,-0.231432,0.08847,0.5,0.0
0.028944,0.186955,0.068172,0.236268,0.418208
0.022822,0.028483,-0.057605,-0.045357,0.826344
-0.175578,0.170205,-0.186671,-0.131364,0.262163
0.105426,0.197575,0.024513,0.241351,0.306081
-0.054844,-0.188386,0.399262,0.312846,0.0
0.002488,-0.083912,-0.196159,-0.322263,0.33685
0.290532,-0.332955,-0.055898,0.458398,0.0
-0.03637,-0.157489,-0.092983,-0.246268,0.311572
-0.017644,-0.051943,-0.07337,0.019407,0.791026
0.5,0.011702,0.5,-0.027732,0.026359
0.433264,-0.169095,-0.212745,0.111255,0.034265
0.00819,0.239339,0.037753,0.140248,0.402294
0.179905,0.168003,0.044782,0.165776,0.365932
0.015939,0.201646,0.11429,-0.048234,0.455533
0.038273,-0.401166,0.5,-0.024733,0.01539
-0.055055,0.109865,0.177724,-0.020783,0.588615
0.026362,-0.25117,0.062343,0.051904,0.411933
-0.19024,-0.092584,0.030347,-0.24146,0.353161
-0.087245,0.079463,-0.228505,-0.398857,0.234618
0.078422,0.164989,0.115368,0.10387,0.339263
-0.315381,0.304185,-0.240067,-0.210684,0.020863
-0.238312,0.037605,-0.18544,-0.163973,0.315509
-0.151271,-0.129299,-0.218122,-0.113177,0.305764
-0.188791,0.02112,-0.024598,-0.160343,0.568018
0.361659,-0.243026,-0.068664,-0.025025,0.186054
0.225395,-0.341986,0.5,0.256657,0.024516
0.5,0.023388,0.124917,0.071846,0.320528
0.06576,0.009601,0.191519,0.125328,0.582137
0.004126,0.269756,-0.262373,-0.212348,0.126185
0.037817,0.030877,-0.070948,-0.048181,0.816682
0.216416,0.441709,0.199298,-0.084044,0.0
0.155456,-0.39591,0.342591,0.409422,0.004847
0.007396,-0.258553,0.039241,0.014906,0.571341
0.088185,-0.153224,0.046932,0.084199,0.489015
-0.044693,0.111158,-0.053385,-0.2731,0.489857
-0.240951,0.187157,0.40731,0.329383,0.0
0.076466,0.181569,0.246017,0.010344,0.457858
0.019658,-0.007723,-0.020507,0.014264,0.986189
-0.070002,-0.109407,0.016412,-0.35745,0.449802
0.054922,0.410778,-0.014877,-0.145711,0.180817
0.156556,0.100775,0.066175,-0.043715,0.493273
-0.014062,0.334484,0.174165,0.063657,0.278628
0.153901,-0.100838,0.177916,0.069183,0.516559
-0.170116,0.362286,-0.039332,0.184824,0.135718
0.254082,-0.35974,0.291743,-0.105411,0.0
0.125043,0.1929,0.189332,0.152774,0.266344
-0.011641,0.144633,-0.337888,-0.28762,0.278777
-0.356579,-0.0809,0.287265,0.208268,0.0
0.295837,0.195242,0.208434,0.162804,0.010835
0.079157,0.229597,0.149196,0.20884,0.278158
-0.280854,0.19914,0.068138,-0.334893,0.0
-0.139807,-0.022046,-0.237244,-0.138121,0.438872
0.073467,0.08888,0.17362,0.161589,0.428127
0.235171,0.262386,-0.039424,0.000997,0.284791
-0.126769,-0.027259,-0.055505,-0.242041,0.652427
0.029959,0.095862,0.285335,0.129681,0.347175
0.012502,0.121714,0.077929,0.17329,0.524867
-0.089474,-0.027727,-0.023117,-0.197803,0.674086
-0.343546,0.172257,-0.247897,-0.092219,0.144203
-0.188696,0.069451,-0.205641,-0.166464,0.313831
-0.118573,0.168594,-0.111469,0.052633,0.45454
-0.053929,0.196891,0.02093,0.204593,0.307096
-0.134112,-0.384507,0.358779,0.038971,0.00173
0.135337,0.230745,0.050174,0.033644,0.389302
0.112547,0.163675,-0.047095,0.131682,0.367461
-0.050944,-0.187273,-0.153351,-0.023388,0.553955
-0.167424,-0.5,0.489434,0.248525,0.0
-0.353498,-0.290109,-0.254119,-0.181737,0.008248
-0.178855,0.153968,-0.332387,-0.269706,0.0
-0.286975,0.148168,-0.260926,-0.26772,0.0
-0.034581,0.407458,0.122445,-0.041496,0.155667
0.204894,0.018167,0.119468,0.085044,0.583174
-0.242082,-0.269436,-0.1193,-0.232041,0.0
-0.279785,-0.064779,-0.20076,-0.298883,0.093885
-0.262265,-0.284011,-0.009116,0.20576,0.07151
-0.266198,0.163962,0.033994,-0.105407,0.383516
0.0587,-0.117303,-0.008309,-0.013507,0.699776
-0.028533,0.099823,-0.041095,-0.096859,0.659571
0.03587,0.157368,0.183768,0.153131,0.431648
-0.268124,-0.029407,-0.119627,-0.271144,0.304924
0.058614,0.286509,0.014307,0.073015,0.373301
0.283504,-0.253412,0.044994,0.004556,0.331962
-0.139969,-0.008824,-0.363601,-0.117966,0.336451
0.060047,0.165928,-0.013395,-0.001084,0.710651
-0.337204,0.175408,-0.17188,-0.155936,0.029665
-0.11226,-0.084897,-0.206434,0.071341,0.385809
-0.201395,0.073852,0.02721,-0.101817,0.574776
0.035889,0.113349,0.004842,-0.102901,0.769577
-0.056812,0.317575,-0.333405,0.089854,0.0
-0.179701,0.078158,-0.031313,-0.093755,0.567932
-0.116713,-0.105396,-0.136096,-0.213109,0.400803
-0.093024,-0.031332,-0.180252,-0.242268,0.471472
-0.092807,0.071268,-0.228776,-0.253775,0.3226
0.233032,0.114666,-0.05309,0.022781,0.549927
0.029305,-0.201828,0.389592,0.308778,0.003346
0.101952,-0.249704,0.257542,0.037943,0.143986
-0.336576,0.049073,-0.139967,-0.070707,0.455055
-0.009023,-0.075997,0.01104,-0.04511,0.851371
-0.084472,-0.152336,0.164382,-0.17455,0.337988
0.345972,-0.475227,0.402467,0.168999,0.04571
0.01973,0.106114,-0.027171,0.083216,0.662553
-0.003974,-0.019615,0.004909,-0.087022,0.83908
-0.131318,-0.095564,-0.006746,-0.342334,0.416877
0.218123,0.061567,0.100244,-0.063754,0.54674
0.035088,0.347876,0.102306,0.16508,0.239075
-0.412537,0.052437,-0.153246,-0.317922,0.0
0.153418,0.049515,0.228981,0.236773,0.36903
0.128575,0.246645,0.242339,0.16541,0.11387
-0.143347,-0.058418,0.0554,-0.280709,0.440336
0.440593,0.216515,-0.046314,0.29939,0.0
0.065195,0.153933,0.070648,0.028733,0.580375
-0.124567,0.091701,-0.200797,-0.249402,0.30675
-0.119155,0.101456,-0.096934,-0.351409,0.302887
0.027063,-0.482091,0.256331,0.327974,0.0
0.019724,0.041063,-0.0475,0.003848,0.95754
-0.061751,-0.151423,0.033527,0.401424,0.322897
-0.112911,0.453045,0.044877,0.250364,0.0
-0.036482,-0.028268,0.103538,0.02919,0.76261
-0.236045,-0.078014,-0.170372,-0.088161,0.534793
0.012139,-0.011051,-0.072653,-0.06311,0.802427
-0.19321,0.066351,-0.291483,-0.329575,0.134474
-0.241605,0.056992,-0.314598,-0.313139,0.074395
-0.316794,0.122352,-0.159389,-0.276201,0.053439
0.498043,-0.097133,0.069236,-0.223525,0.033229
-0.095611,-0.006865,0.059938,0.05608,0.740711
-0.045563,-0.068277,0.116747,0.351495,0.314322
0.278396,0.317053,0.012295,0.151504,0.139687
-0.143555,-0.077794,0.05977,0.463323,0.226505
-0.086711,0.45745,0.298458,0.086432,0.034044
0.258551,0.09386,0.24377,-0.06561,0.30589
-0.124476,0.099731,-0.268178,-0.343327,0.0927
-0.157079,-0.005729,-0.100134,-0.252116,0.51723
-0.142396,0.209585,-0.207135,-0.211616,0.087983
-0.053853,0.114545,0.002029,-0.029583,0.678586
-0.162072,0.137917,-0.057754,-0.174038,0.461585
-0.09809,0.225581,-0.054361,-0.214333,0.286482
0.482473,-0.073018,0.133628,-0.075063,0.217929
0.19417,-0.298941,0.19913,-0.126746,0.054077
-0.296347,0.210934,-0.359108,-0.163822,0.113855
-0.258598,-0.247451,-0.054549,0.084116,0.242611
0.281883,0.285721,0.008352,-0.088926,0.316017
0.081253,-0.049549,0.443276,0.191502,0.162557
-0.112882,0.046067,-0.086731,0.031617,0.763387
-0.157862,0.120016,-0.228406,-0.100937,0.28299
-0.30166,-0.094182,-0.227319,-0.138923,0.15683
-0.049549,0.055132,-0.247871,-0.236252,0.381998
0.061563,-0.18414,-0.031208,0.258977,0.396874
0.030917,-0.360247,0.169625,0.418851,0.026938
-0.18336,-0.164047,-0.066233,-0.127271,0.463217
-0.269969,0.102521,-0.251158,-0.344184,0.0
-0.178511,-0.0447,-0.253313,-0.091738,0.404426
0.022848,-0.033314,-0.03145,0.055607,0.847319
-0.333072,0.073498,-0.130586,-0.241236,0.248598
0.017135,0.018569,-0.032446,0.003907,0.784335
-0.114825,0.05369,-0.306851,-0.154825,0.275934
-0.116253,0.09396,-0.207599,-0.148554,0.321956
0.037115,0.255499,0.016859,-0.087157,0.512417
0.168588,0.153463,0.169125,0.11922,0.259616
-0.001984,-0.074858,0.279573,-0.30692,0.341543
-0.5,-0.18303,0.24878,0.04129,0.0
-0.156305,-0.062625,-0.080445,-0.151017,0.481001
0.069581,-0.086248,0.220669,0.305897,0.218098
-0.042766,0.108755,-0.138693,-0.25045,0.380071
0.05782,-0.027653,-0.035073,0.028783,0.836335
-0.26185,0.106604,-0.071402,-0.250372,0.191368
-0.002475,-0.025396,-0.056683,0.006335,0.913476
-0.211867,0.082879,-0.286439,-0.139038,0.276009
-0.112148,0.208968,-0.022292,-0.396098,0.181991
-0.033282,-0.037047,-0.019052,-0.37765,0.479323
-0.069083,0.114319,-0.126712,-0.290139,0.234619
0.028511,0.024285,0.010506,0.022583,0.858662
-0.118563,-0.458167,0.216892,0.045899,0.016298
-0.001771,0.140336,-0.015055,-0.323325,0.384065
0.236598,0.18167,0.061568,0.174898,0.12169
-0.390769,0.004081,-0.194008,-0.038769,0.34841
0.234711,0.339074,0.13315,0.144316,0.049743
-0.211164,0.074628,-0.133528,-0.259306,0.308478
-0.116871,0.038095,-0.06178,-0.187091,0.594378
-0.113582,0.351696,0.156991,0.236144,0.001228
0.068135,-0.128551,-0.136194,0.086138,0.558816
0.063462,0.315694,0.161817,0.201785,0.148742
-0.276209,-0.048041,-0.093897,-0.118477,0.481439
-0.184243,-0.028513,-0.044599,-0.390216,0.383654
0.395694,-0.423119,0.224011,0.020141,0.0
0.5,0.036286,0.358342,-0.074908,0.045588
-0.185059,-0.123435,-0.151146,-0.200659,0.275953
0.085699,0.1607,0.046017,-0.018793,0.616262
-0.075407,0.281497,-0.017452,0.278245,0.287278
-0.140662,0.186424,-0.226733,-0.12626,0.208708
0.030601,0.091665,0.091055,-0.063918,0.757285
-0.096897,0.060381,-0.152445,-0.27878,0.339888
0.145471,0.199157,0.099839,-0.033305,0.46735
0.083444,0.108139,0.442077,0.248715,0.0
-0.009739,0.216545,0.033658,0.073981,0.496716
0.225644,0.139359,0.207358,0.05317,0.306494
0.127554,0.19927,0.062692,0.349658,0.233209
0.298096,-0.236564,0.344314,-0.042276,0.0
-0.092266,0.451458,0.151378,0.020465,0.011593
0.216496,0.142736,0.008319,0.020469,0.60417
-0.215802,0.137304,-0.096883,-0.179585,0.260401
-0.316816,-0.037309,-0.083923,-0.141027,0.359953
0.132945,0.063204,-0.129843,0.045019,0.573555
-0.000642,0.182313,0.136626,0.207447,0.419775
-0.265324,-0.030205,-0.217265,-0.312015,0.145091
-0.366939,0.18797,0.311793,0.174666,0.0
-0.138891,-0.10636,0.274229,0.016153,0.409113
-0.115243,0.226787,-0.168246,-0.330002,0.015785
-0.082611,-0.048916,-0.026678,-0.045357,0.771861
0.028138,0.246859,0.037769,0.025341,0.540129
0.030084,0.065163,0.018727,-0.066497,0.69694
0.146841,0.179546,-0.009439,0.168782,0.37046
-0.205631,-0.056453,0.5,0.17593,0.081746
-0.220708,-0.040026,-0.201216,-0.0544,0.39465
-0.157571,-0.120713,-0.122528,-0.228315,0.299609
-0.296091,0.021234,-0.294839,-0.18006,0.217185
-0.12122,-0.408508,0.180632,0.267902,0.086619
-0.28837,0.115121,-0.068396,-0.039178,0.372741
-0.3173,-0.034466,-0.245839,-0.053107,0.298054
-0.085864,-0.472509,0.227241,-0.124155,0.029753
0.007684,0.284017,-0.285619,-0.248043,0.106607
0.255063,-0.109988,0.217395,-0.094522,0.173793
-0.20439,0.081611,-0.090484,-0.327073,0.291574
0.24894,0.178544,0.030597,0.182356,0.245418
-0.007713,-0.030629,-0.071727,0.163466,0.77076
-0.118916,0.173129,-0.164174,-0.22891,0.204317
0.350415,-0.398174,0.475856,0.5,0.0
0.022011,-0.008771,-0.027787,0.02568,0.856709
0.26745,-0.230042,-0.004233,-0.294216,0.082475
-0.016204,0.063994,0.033608,-0.006497,0.779028
-0.193403,0.066169,-0.110307,-0.127348,0.510209
-0.038052,0.243032,-0.011335,0.049497,0.600692
0.418398,-0.257396,0.120619,0.058156,0.061374
-0.5,-0.213872,0.211506,0.107648,0.089246
0.062052,0.159314,-0.07029,0.041648,0.593828
-0.076896,-0.018367,0.030714,-0.071772,0.836014
-0.251948,0.164396,-0.139224,-0.184938,0.133385
-0.002647,-0.077706,0.5,0.096682,0.324157
0.056565,-0.258653,0.195664,0.08336,0.291138
-0.21547,-0.029281,0.068698,-0.144586,0.495917
-0.276378,-0.161177,-0.097735,-0.271323,0.16908
-0.165406,-0.282635,-0.133106,-0.198366,0.107139
0.094866,0.367061,-0.142917,0.022312,0.135008
-0.23074,0.167628,-0.230627,-0.21606,0.058011
0.255538,0.260533,0.207096,0.009367,0.108221
-0.166973,0.093344,-0.169369,-0.229323,0.225964
-0.277616,-0.315228,0.088893,0.278887,0.002231
0.148284,-0.056842,0.134627,0.428095,0.21994
-0.271705,0.124486,-0.171144,0.111883,0.305286
-0.140359,0.064547,-0.267722,-0.311947,0.178987
-0.215806,0.160838,-0.23745,-0.318943,0.009105
-0.095791,0.233561,0.117763,0.100983,0.357866
0.020484,0.235434,-0.117851,0.074374,0.456551
-0.075632,0.014258,0.104343,-0.001929,0.712428
0.057122,-0.035154,0.065325,0.039603,0.806814
-0.14263,-0.137161,0.33055,0.346757,0.050386
0.311248,-0.080969,-0.020178,0.318726,0.206824
0.389538,-0.5,-0.278613,0.241131,0.0
0.063349,0.022168,-0.006548,-0.084306,0.800372
0.107273,-0.024317,0.064071,0.031965,0.790829
-0.000614,0.261647,-0.06379,0.235664,0.277948
0.050718,0.248222,-0.030728,0.265151,0.430194
0.041064,-0.186725,-0.199903,-0.083334,0.406966
0.315227,-0.066654,0.292275,0.186974,0.147408
-0.191478,-0.004053,-0.28705,-0.160981,0.331964
0.261725,0.333801,-0.06427,-0.023121,0.16884
0.015368,0.028503,-0.008881,-0.090576,0.87104
-0.321264,0.03149,-0.034183,-0.028224,0.610292
0.090526,-0.487017,0.223598,0.252115,0.096496
0.129932,0.077395,0.027042,0.145665,0.593175
-0.201024,0.068706,0.142177,0.257548,0.262938
0.152107,0.337728,-0.008547,0.078735,0.239946
0.139817,0.283308,0.149392,-0.111903,0.2226
0.235798,0.401339,0.059019,0.098301,0.075699
-0.347911,0.050665,-0.245192,-0.245898,0.118546
0.1779,-0.060084,-0.111596,-0.024995,0.622603
-0.094871,0.125673,-0.392731,-0.108253,0.169556
-0.326826,0.116749,-0.112936,-0.307736,0.093841
-0.085971,0.133961,-0.015058,-0.094972,0.624187
0.095095,0.366057,0.106928,0.040221,0.157873
0.004314,-0.000239,-0.018459,0.060154,0.886614
-0.323792,-0.5,0.115731,0.334571,0.0
0.5,-0.058654,0.360954,-0.091475,0.0
-0.105265,0.12378,-0.038641,0.08403,0.552581
0.105574,0.33337,0.327091,0.267332,0.046644
-0.100484,-0.038142,0.007406,-0.031631,0.832861
-0.272085,0.070185,-0.144476,-0.030926,0.480234
0.036417,0.206112,-0.053002,0.001449,0.563376
-0.035294,-0.021179,-0.121295,-0.322178,0.450322
0.350531,0.140279,0.0577,0.162017,0.181144
0.158315,-0.33336,0.127984,0.442346,0.014828
-0.145956,0.142843,-0.174392,-0.264411,0.212827
0.085821,0.202572,0.025975,0.324171,0.280414
0.093234,0.327178,0.031836,0.143973,0.258673
-0.301191,-0.017534,0.051736,-0.077393,0.568479
-0.432727,-0.202425,0.380757,-0.012451,0.002774
-0.163088,-0.070467,0.118917,0.07144,0.524725
-0.16634,0.014736,-0.137987,-0.238156,0.535054
0.035622,-0.007485,-0.068203,0.027187,0.825002
-0.007764,-0.054464,-0.230051,-0.194577,0.516014
-0.113733,-0.048289,0.032336,-0.26753,0.532188
0.131718,0.339279,-0.01601,0.038947,0.27546
-0.222051,0.055997,-0.164413,-0.382287,0.134114
-0.024653,-0.027143,0.31066,0.211343,0.484314
0.47756,-0.051876,0.046498,0.104331,0.345782
-0.130021,-0.064833,-0.279411,0.034027,0.429429
0.096449,0.159107,0.093298,-0.075966,0.603839
-0.298839,0.264887,-0.180766,0.037706,0.0
0.038248,0.129118,0.215662,0.5,0.103739
0.020697,0.362038,0.02863,0.172054,0.252249
0.009997,-0.074267,-0.107994,0.051499,0.651447
-0.228223,0.078699,-0.22209,-0.136466,0.346262
0.5,0.09668,0.5,-0.169452,0.0
-0.139756,0.158174,-0.223038,-0.285849,0.125999
0.109444,-0.452204,0.275574,-0.214931,0.0
-0.390795,-0.001156,-0.034885,-0.213137,0.315111
-0.052187,0.29586,0.14046,0.254293,0.044804
-0.281507,0.110632,0.047049,-0.225068,0.275508
-0.263782,0.139475,0.038265,-0.056582,0.432418
-0.132955,-0.017653,-0.158559,-0.281039,0.302206
0.023552,-0.075059,-0.011053,0.032832,0.795635
-0.155463,0.133445,-0.045701,0.041557,0.548438
-0.039514,0.271483,-0.041298,-0.124553,0.381197
-0.095342,-0.087748,-0.18338,-0.232663,0.343465
-0.125187,0.051483,-0.255733,-0.256404,0.343951
0.154396,0.312724,-0.015532,-0.124299,0.223814
-0.022723,0.053735,0.116013,0.025131,0.758917
-0.346676,0.152509,-0.304375,0.034771,0.060443
-0.149555,0.167526,0.107763,0.067582,0.509734
-0.204506,-0.008782,-0.27138,-0.115378,0.452421
-0.312229,0.139032,0.035713,0.03903,0.451775
0.071287,0.354979,-0.039864,-0.034545,0.184064
0.375565,-0.336538,0.444693,0.371282,0.016698
-0.14657,-0.038089,-0.039655,-0.097454,0.533978
0.043439,-0.060398,-0.083025,-0.390569,0.363053
0.021325,0.029517,0.033939,-0.253332,0.693043
0.173789,0.212379,0.233642,0.107809,0.141578
-0.152951,-0.003333,-0.240868,-0.182981,0.469036
0.161286,0.220618,-0.012622,0.203024,0.271765
0.272465,0.081316,0.190802,-0.007644,0.451244
0.102505,0.150191,0.190253,0.153367,0.338847
-0.02351,-0.097377,0.068215,0.106938,0.649086
-0.11981,-0.020168,-0.192182,-0.464305,0.145211
0.125935,0.18081,0.021091,0.111523,0.53074
0.070225,0.200798,-0.039173,0.050257,0.507516
-0.125741,-0.075916,0.193593,-0.229252,0.435413
-0.255072,0.039084,0.04826,-0.5,0.106986
-0.176031,-0.017484,-0.127262,-0.22402,0.419182
-0.267606,0.129573,-0.284779,-0.320164,0.024039
-0.208488,0.030219,-0.084464,-0.335668,0.325969
-0.259788,0.072569,-0.261731,-0.258702,0.077138
-0.040215,0.00016,-0.00779,-0.077044,0.917567
0.164352,-0.194563,0.413939,0.5,0.0
0.082847,0.344579,0.155838,0.115624,0.167602
0.037195,0.261281,0.108006,-0.041506,0.391766
0.162905,0.177677,0.070379,0.100228,0.404675
0.004261,-0.273057,0.330778,0.23148,0.029261
-0.356762,0.160949,-0.315081,-0.375324,0.002224
-0.238096,0.154062,-0.318314,-0.359789,0.08044
0.062924,0.100226,0.025535,0.041836,0.82386
0.237419,-0.392581,0.250504,0.328687,0.07003
-0.289045,-0.193416,-0.193288,-0.232885,0.015469
-0.250307,-0.076581,-0.300474,-0.170754,0.229346
-0.336793,-0.014204,-0.208636,-0.42227,0.0
0.13459,0.300968,0.140587,0.037496,0.257539
-0.04589,-0.031239,0.09716,0.17845,0.671189
0.165629,-0.015741,0.477864,0.209946,0.02254
-0.24627,0.05201,-0.354904,-0.048523,0.240898
-0.313347,-0.110369,-0.025143,-0.080382,0.271761
-0.050831,0.169266,-0.166639,-0.362479,0.12186
-0.184313,-0.09704,-0.167967,-0.238721,0.264444
-0.026264,0.220269,-0.041376,-0.306154,0.373602
0.279565,0.34406,0.049518,-0.089645,0.097185
0.043477,0.03545,-0.003251,0.04653,0.791877
-0.236075,-0.13319,-0.337402,0.031611,0.103666
-0.004631,-0.13433,-0.207522,-0.178966,0.366449
-0.132691,0.240231,-0.191667,-0.332212,0.0
-0.186387,-0.049826,-0.043357,-0.360478,0.370023
-0.010085,0.156235,-0.139729,0.063196,0.552355
-0.052328,-0.088398,-0.014634,-0.002346,0.755235
-0.16978,-0.47555,-0.096425,0.211616,0.047461
0.090803,0.133173,0.240391,0.106161,0.406189
-0.387298,-0.024038,-0.175218,0.122125,0.220986
-0.070081,-0.054686,-0.27294,-0.055764,0.551612
-0.060027,-0.014908,-0.196294,-0.04374,0.693591
-0.049054,-0.006304,0.487176,0.022861,0.395263
-0.06852,-0.047106,0.017339,0.030199,0.853593
0.256723,0.003636,0.143456,0.207401,0.355164
-0.073675,0.126089,0.015617,0.158177,0.531535
-0.041057,-0.281671,0.5,0.299826,0.024205
-0.019575,-0.006693,-0.147231,-0.098155,0.683986
-0.104165,0.100214,-0.087691,-0.201732,0.326999
0.016793,-0.144012,0.477593,0.027021,0.314648
0.005949,-0.077218,-0.343595,-0.445505,0.069918
-0.101744,0.097047,-0.242015,-0.241403,0.169897
-0.093363,-0.129682,-0.122825,-0.089797,0.499036
-0.168507,-0.002509,-0.097563,-0.331922,0.484213
-0.194196,0.044961,0.31836,0.158227,0.323165
-0.209457,0.16414,-0.03258,-0.242912,0.23545
-0.205288,-0.017776,0.008984,-0.085679,0.651907
-0.136741,0.061965,-0.17831,-0.169155,0.468085
0.018149,0.083892,0.05831,0.189299,0.584916
-0.377383,0.105979,-0.300138,-0.234676,0.026259
0.086182,0.177848,-0.032612,0.092731,0.545151
-0.123773,0.08554,-0.108476,-0.288312,0.317547
0.013549,-0.275353,0.246951,0.153383,0.16041
0.23288,-0.244522,-0.025728,0.155184,0.215635
-0.206641,0.053081,-0.089206,-0.047444,0.596481
0.264675,-0.220988,0.324389,-0.244883,0.0
-0.106059,0.064172,-0.239548,-0.235471,0.312438
-0.203106,-0.01256,-0.118117,-0.122792,0.534018
0.092162,-0.161612,-0.069664,0.203366,0.425146
-0.373259,-0.022677,-0.00925,-0.047969,0.564167
0.213345,0.192845,0.183072,0.30305,0.023751
-0.102444,-0.415054,0.154707,-0.005594,0.120741
-0.198596,-0.015931,-0.063645,-0.096706,0.607159
-0.194099,-0.075377,-0.062359,-0.091762,0.555107
-0.380281,-0.150049,-0.298779,-0.334696,0.024736
-0.132112,0.086981,-0.161042,-0.222751,0.339643
0.195166,0.179182,0.053127,-0.058828,0.499668
0.045633,-0.417504,0.120461,0.171416,0.0
0.194889,-0.020261,0.1923,0.051952,0.556779
0.320587,-0.078944,0.454667,0.402935,0.0
-0.03382,0.010797,-0.028522,-0.045109,0.756996
-0.183891,0.047926,-0.083903,-0.043826,0.680311
0.082213,-0.17837,-0.103489,0.162751,0.412126
0.39338,0.008652,0.41948,0.103617,0.125928
-0.036724,0.020931,0.041571,0.024946,0.962709
0.5,-0.21022,0.5,0.437141,0.0
-0.329666,-0.254372,-0.175629,-0.052779,0.113909
0.013881,0.30361,0.07091,-0.049028,0.399625
-0.104475,-0.146514,-0.218625,-0.204441,0.337077
-0.153925,0.020189,-0.175539,-0.208451,0.47555
0.257843,0.020047,0.055748,0.354118,0.315323
-0.166179,0.011357,-0.155587,-0.238789,0.456223
-0.086271,-0.076524,0.030785,0.1344,0.626313
0.070775,0.101933,-0.110501,0.051162,0.668976
-0.26227,-0.012902,-0.22944,-0.294801,0.259429
0.284101,-0.232912,0.277021,0.068111,0.068323
-0.135186,-0.000414,-0.23475,-0.341658,0.241665
0.242647,-0.061324,-0.072277,0.222528,0.44224
-0.061237,0.189424,-0.145013,-0.097554,0.445831
-0.097705,0.032294,0.5,0.23712,0.101835
-0.059094,-0.333771,0.397963,0.102431,0.013824
0.051303,-0.227577,-0.057635,0.023114,0.542104
0.46123,0.203631,0.298914,0.492187,0.04417
0.12263,0.331879,0.033755,-0.091955,0.250401
0.263148,0.109083,-0.193174,0.224012,0.08482
0.113977,-0.143449,0.494037,0.311797,0.076813
-0.11712,0.078629,0.019937,-0.5,0.225955
-0.17302,-0.02996,0.5,0.071449,0.233725
0.086939,-0.006335,0.146492,0.179501,0.591172
-0.239071,0.134558,-0.159746,-0.080905,0.296783
0.375163,-0.163606,0.218738,0.023965,0.231565
-0.136558,0.117053,-0.161045,-0.046384,0.52127
5.7e-05,0.320553,0.030173,0.171972,0.317251
-0.100626,-0.302327,0.358616,0.04944,0.0
-0.167626,-0.181303,-0.306944,-0.287103,0.0
0.126722,0.271135,0.069917,0.11252,0.335593
0.131648,0.03451,-0.06518,0.135882,0.608675
0.142464,0.233379,0.099123,0.112834,0.260149
0.003095,-5.1e-05,-0.027925,-0.165839,0.825243
-0.022568,0.026138,-0.042489,0.048153,0.857553
-0.185904,0.016718,-0.302923,-0.128649,0.396105
-0.139502,-0.013885,-0.142423,-0.040282,0.628209
0.19644,0.20861,0.143071,0.035836,0.334108
-0.077224,0.342265,0.108758,0.15485,0.147449
0.5,-0.113115,0.040227,-0.258637,0.08789
-0.158971,0.001605,-0.432951,-0.469189,0.087804
-0.126188,0.195142,-0.259967,-0.254265,0.020479
-0.030574,-0.034381,-0.082599,-0.038123,0.773921
0.054702,-0.063982,-0.043285,0.022393,0.797762
-0.065214,0.021413,0.300384,-0.124495,0.480707
-0.199498,-0.02781,-0.292894,-0.167349,0.342548
-0.08296,0.5,-0.024196,0.218496,0.0
-0.429048,-0.307783,0.248337,-0.027671,0.0
0.00465,-0.176989,0.149623,-0.189932,0.391077
0.047253,0.315955,0.057865,0.110623,0.325312
-0.176142,-0.050032,-0.078871,-0.19979,0.552459
-0.241629,0.01946,-0.077098,-0.15703,0.573418
-0.334783,0.025061,-0.08285,-0.147187,0.388688
-0.244154,0.171093,-0.11513,-0.335543,0.124959
0.131647,0.043899,-0.017566,0.064425,0.749023
0.124381,0.201983,0.038668,-0.184131,0.346282
0.002065,-0.061987,-0.206519,-0.133075,0.590075
-0.317801,-0.035679,0.059349,-0.074874,0.458036
-0.099145,-0.125216,-0.227413,-0.198166,0.227501
-0.074361,0.07278,-0.29666,-0.219488,0.358883
-0.270694,0.054033,-0.131987,-0.163804,0.454258
-0.223701,-0.5,-0.038677,0.015888,0.051542
0.062338,-0.019533,-0.033175,0.386482,0.537331
0.026286,-0.238114,0.338358,0.397116,0.054073
0.247975,-0.005161,0.398645,0.008998,0.388582
0.094563,0.256104,0.134247,0.07156,0.276085
0.003784,-0.040833,-0.030185,0.017343,0.889353
-0.389745,0.059767,-0.05472,-0.202047,0.260695
0.496056,-0.216268,0.138227,0.5,0.071806
-0.281976,0.010069,-0.238773,-0.357431,0.042357
-0.332231,0.179864,0.082619,-0.284259,0.047734
-0.295934,-0.088421,0.103867,0.324571,0.244607
0.029924,0.01975,-0.079365,-0.045029,0.778053
-0.156899,0.027151,-0.200414,-0.191976,0.307526
0.127216,0.361867,-0.150784,0.041246,0.075337
-0.267815,0.184655,-0.241624,-0.299991,0.042463
-0.217037,0.062251,-0.116961,-0.195544,0.354006
-0.112439,0.280508,-0.273574,-0.27528,0.0
0.074595,0.323504,0.012674,0.111616,0.313794
0.030104,-0.099232,0.056747,0.033243,0.733222
-0.077416,-0.003696,-0.104332,-0.385496,0.38317
-0.007092,-0.076786,-0.014317,-0.073875,0.807642
-0.152186,0.0034,-0.175099,-0.06988,0.553393
-0.13077,0.236141,-0.033204,-0.221015,0.237888
-0.191864,-0.201988,-0.169549,-0.041086,0.26372
0.215144,0.258116,0.090384,0.267107,0.004829
0.110225,-0.380099,0.173571,0.333804,0.069735
-0.188485,0.297172,0.08578,0.036857,0.169912
-0.153313,-0.210691,0.377095,0.171442,0.0
0.169362,0.184664,0.198247,0.25071,0.145401
-0.174259,0.075037,-0.065512,-0.225666,0.343957
0.5,-0.5,0.259954,0.184541,0.0
0.039557,0.001192,-0.036059,0.025887,0.87269
0.050054,-0.23001,0.194289,0.416141,0.056788
0.278031,-0.285616,0.10402,-0.128021,0.122696
0.263191,-0.222121,0.059288,0.088242,0.275843
-0.180512,-0.194903,-0.253328,-0.189758,0.055698
0.187155,0.044613,-0.062632,-0.14678,0.441668
0.24781,-0.296336,0.477933,0.043802,0.0
-0.038107,-0.032242,0.055144,-0.00942,0.845955
-0.130544,0.32742,-0.042423,-0.337353,0.056311
-0.109315,0.066399,-0.140374,-0.240374,0.496577
0.081688,-0.053199,0.114259,0.070624,0.621826
-0.5,-0.5,-0.204611,0.5,0.0
0.097755,0.179417,0.077012,0.129484,0.454275
0.427704,-0.429631,0.099692,-0.076342,0.0
-0.16753,0.127743,-0.269037,-0.228986,0.243308
-0.083475,-0.25204,0.16743,0.115862,0.32014
-0.155532,0.188322,0.02246,-0.040275,0.385682
-0.000503,0.143064,0.007358,0.155574,0.598059
-0.130388,0.261308,-0.250489,-0.228161,0.038474
-0.247134,-0.426345,0.38507,0.166477,0.0
-0.081786,-0.26863,-0.135266,0.025846,0.400176
0.15405,0.091632,-0.135389,0.143282,0.517511
-0.233526,0.055303,-0.255409,-0.264243,0.135221
-0.169983,0.063366,-0.162751,-0.137438,0.414467
-0.228868,-0.019589,-0.169821,0.136082,0.365522
0.186941,0.093946,0.168483,0.215954,0.330326
-0.214873,-0.048893,-0.107434,-0.385416,0.244661
0.157367,0.077059,0.202416,0.274714,0.235245
-0.108618,-0.287482,-0.163289,-0.005272,0.304827
-0.144797,-0.034936,-0.157014,-0.302438,0.314811
-0.169255,0.058733,-0.200623,-0.250713,0.295007
-0.097506,0.235655,-0.042158,-0.323125,0.192386
-0.373875,-0.086587,-0.037495,-0.281121,0.142325
-0.188788,-0.150527,-0.014865,-0.128977,0.520026
0.342996,0.002948,0.417027,-0.177634,0.135304
-0.032659,0.228499,-0.187352,-0.149298,0.254538
-0.449683,-0.284775,0.267974,0.154745,0.005223
0.125227,0.217345,0.084833,0.061242,0.39614
-0.153109,0.058095,-0.168771,0.031288,0.637947
-0.282541,0.277446,-0.159068,-0.111249,0.049274
0.040653,0.143809,-0.209155,-0.280416,0.239593
-0.200291,0.051429,0.018646,-0.209198,0.505093
-0.368557,0.006188,-0.061001,-0.133477,0.416292
0.320502,-0.434875,0.219139,0.034146,0.0
-0.100507,-0.110825,-0.042383,-0.074542,0.705284
-0.115375,-0.008693,-0.022642,-0.08068,0.736102
-0.088928,0.161571,0.076508,0.037016,0.607105
0.072409,-0.078465,-0.075929,-0.034078,0.7263
-0.000909,0.108934,0.073667,-0.03464,0.787102
-0.005638,-0.063721,-0.175584,-0.277573,0.41157
0.438058,-0.372093,0.131346,0.134956,0.030838
-0.197686,-0.049764,-0.04632,-0.281325,0.376174
-0.298707,0.043611,-0.223402,-0.284631,0.145428
0.173482,0.11462,-0.13962,0.126902,0.391477
9.9e-05,0.06421,-0.097503,-0.338711,0.36258
-0.186619,0.047327,-0.108616,-0.246081,0.431439
-0.018018,-0.023311,-0.000124,0.001281,1.0
0.123979,0.24255,0.13937,-0.104392,0.252241
0.235765,0.242915,0.057428,0.178591,0.213772
-0.179366,0.14098,-0.278739,-0.098954,0.363151
-0.309188,0.168972,-0.188271,-0.337692,0.062726
0.32647,0.080821,-0.069603,-0.011509,0.396448
0.0839,0.196031,0.157292,-0.078774,0.366495
-0.231364,0.061527,-0.212551,-0.251675,0.236132
0.164687,-0.5,0.5,0.31173,0.013494
-0.072376,-0.053548,0.5,-0.027341,0.365159
0.155302,-0.09499,0.276125,0.381968,0.111022
-0.031484,-0.03804,0.053982,-0.040508,0.846662
-0.117582,0.054527,-0.143923,0.015366,0.633033
-0.131484,0.043673,-0.032275,-0.087732,0.64173
-0.082925,0.234712,-0.124044,0.161566,0.254225
0.155554,0.025321,-0.012644,-0.093102,0.641464
-0.371378,-0.070963,-0.105696,-0.153862,0.213278
0.205086,0.255938,-0.218257,0.347816,0.0
-0.050966,0.244344,0.110341,0.175499,0.355182
0.214493,-0.5,0.15263,0.021008,0.015666
-0.013468,-0.0827,-0.047441,0.040835,0.791555
0.41806,-0.073035,0.298002,0.5,0.012061
0.182063,0.183048,-0.03142,-0.054396,0.466801
0.028539,0.29981,-0.006545,0.087452,0.400403
-0.135506,0.184521,0.041268,-0.046991,0.539472
-0.00126,-0.042397,-0.065256,-0.024086,0.900335
-0.323422,-0.184513,-0.192239,-0.251061,0.03027
-0.250134,0.149856,-0.120453,-0.282524,0.106016
-0.271144,-0.025196,0.051811,-0.036825,0.63195
0.081743,-0.046218,-0.033549,0.058001,0.75287
-0.088785,-0.106508,-0.053478,-0.040666,0.651935
-0.210031,0.217139,-0.107288,-0.417656,0.0
-0.236181,0.343736,-0.126878,-0.179361,0.004509
0.207645,0.086638,0.018898,0.015832,0.510278
-0.157692,0.075884,-0.172634,-0.147231,0.394165
-0.063017,0.176674,0.125394,0.151645,0.392089
-0.038712,-0.042184,-0.008744,-0.001348,0.895102
-0.219719,0.045638,-0.217762,-0.312669,0.206085
0.377296,-0.359929,0.030364,0.225553,0.035147
-0.007491,0.465736,0.134913,0.213369,0.007777
-0.166851,0.072645,0.097542,-0.169327,0.523252
0.276928,0.179997,0.025236,0.038198,0.374603
-0.408074,0.043898,-0.111272,0.006549,0.371505
0.063461,0.136852,0.147626,0.275741,0.268724
0.097185,0.203034,0.158142,0.190881,0.298124
-0.202386,0.244757,-0.275383,-0.189708,0.0
0.094579,-0.015884,-0.026897,0.035796,0.929313
-0.019577,-0.089357,-0.131906,-0.013764,0.661961
-0.018379,-0.017239,-0.332115,-0.431353,0.156453
0.23836,-0.059308,0.5,0.206852,0.005107
-0.015259,-0.067227,-0.01018,0.001617,0.879653
0.237877,0.216609,0.112027,-0.119121,0.128861
-0.034611,0.023154,-0.076553,-0.01106,0.94703
0.167134,-0.098917,0.344341,0.5,0.051384
-0.025407,0.045685,0.074628,-0.019604,0.860314
0.01594,-0.338064,0.177572,-0.151454,0.219982
-0.031052,-0.033472,-0.023387,-0.000767,0.90935
0.096073,0.2757,-0.019381,0.144072,0.378036
0.350637,0.022683,0.388266,0.142936,0.150732
0.121779,0.27054,-0.022649,0.236802,0.257654
-0.109403,-0.117929,-0.169742,-0.271427,0.332606
-0.029329,-0.194456,-0.204539,0.179143,0.249965
0.043795,-0.012751,0.083523,0.070538,0.730512
0.119149,0.158023,-0.048586,0.078341,0.534177
-0.205206,0.134529,-0.149967,-0.370197,0.142069
0.324962,0.001612,0.48499,-0.003974,0.185142
-0.317591,0.029248,-0.191573,0.044356,0.450077
0.060267,0.072051,0.08303,-0.008346,0.780363
-0.068641,0.0919,0.061088,0.121054,0.580153
0.045501,-0.064922,0.065621,-0.012457,0.86824
0.126633,-0.49687,0.060254,0.188265,0.012487
-0.087846,-0.068388,0.457526,0.149643,0.274313
0.115685,0.241054,0.173773,0.046852,0.327432
-0.09062,0.022303,0.00561,-0.245439,0.660352
-0.143547,0.095947,-0.077241,-0.285438,0.347635
0.211186,0.122451,-0.014452,0.441053,0.1919
-0.253439,0.278916,-0.158729,-0.149085,0.0
-0.169745,0.058471,-0.30267,-0.252974,0.183497
0.385766,-0.136893,0.45373,0.263663,0.0
0.027671,0.039731,0.060314,-0.251073,0.538264
0.077252,-0.100154,-0.188397,-0.263464,0.304323
0.26283,0.174923,0.102406,0.251707,0.152891
0.129922,-0.034379,-0.02141,0.111228,0.673334
-0.150401,0.018629,-0.157286,-0.28594,0.354295
-0.008504,-0.074297,0.190198,0.5,0.177993
-0.030506,0.135615,-0.023652,-0.221879,0.460608
-0.393014,0.006923,0.455361,-0.027782,0.06339
0.309987,0.170023,0.05998,0.269581,0.214141
-0.312136,-0.080542,-0.250174,-0.239522,0.113619
-0.143456,0.126165,-0.058473,0.138774,0.510125
-0.070132,0.050671,0.077307,0.261897,0.521302
-0.094715,-0.047066,-0.025574,0.002322,0.831122
-0.023422,0.033518,-0.139922,-0.153904,0.643835
-0.476444,-0.179483,0.353134,0.01695,0.0
0.025778,0.126996,-0.10679,0.109538,0.589309
0.107226,0.260887,0.129647,0.019565,0.201607
-0.5,-0.281904,0.181942,0.23915,0.058154
-0.092765,0.158775,-0.143673,-0.02707,0.454769
0.128186,0.273374,-0.122208,0.222445,0.168454
-0.255565,-0.088488,-0.021901,-0.200422,0.40967
-0.072253,-0.5,0.078538,0.086696,0.073576
-0.162349,0.10413,-0.237396,-0.405956,0.004362
-0.125333,0.076542,0.169894,-0.325539,0.302714
-0.279111,-0.183885,-0.091909,-0.243254,0.047806
-0.178246,0.177518,-0.103824,-0.185555,0.2377
-0.089054,0.103368,-0.059178,0.023347,0.651455
0.131644,0.269009,-0.012374,0.148404,0.281573
0.30662,-0.489879,-0.189724,0.092785,0.076125
-0.163561,0.070403,-0.195639,-0.284117,0.270351
-0.331475,0.140024,-0.075841,-0.301068,0.100233
0.033314,0.0099,0.071846,-0.021337,0.900889
0.204195,-0.039043,0.301056,-0.131023,0.297587
-0.039339,0.160324,0.008939,0.124235,0.620124
-0.022183,-0.007376,0.000195,-0.076938,0.918706
0.187934,0.140538,0.116506,-0.015609,0.436937
0.144011,0.452213,-0.010524,0.031503,0.134695
-0.117491,0.062108,-0.080414,-0.244942,0.48877
-0.08717,0.278954,-0.11906,-0.130573,0.207128
0.0208,-0.001507,-0.05411,-0.044355,0.94038
0.102359,0.131482,-0.018089,0.094699,0.569523
0.108699,0.084125,-0.068756,-0.062753,0.643189
-0.249822,-0.100149,-0.056783,-0.158663,0.492225
-0.162126,-0.036655,-0.266864,-0.218775,0.367388
-0.0214,0.138834,-0.150265,0.020892,0.569678
-0.154712,0.047908,-0.10779,-0.268517,0.39218
-0.225681,0.043883,-0.213843,-0.236319,0.237147
-0.014868,-0.001363,-0.009852,0.028205,0.96075
-0.032188,0.240325,0.067959,0.002284,0.615423
-0.010074,-0.038941,-0.036508,-0.05237,0.811885
-0.307462,-0.170759,-0.093104,-0.153454,0.204285
-0.135778,0.02301,-0.174383,-0.315472,0.305451
-0.132875,0.100569,-0.239222,-0.22814,0.314418
-0.106016,0.047969,0.233916,0.08746,0.427484
-0.155299,-0.080114,0.001322,-0.187396,0.528199
0.5,-0.086261,0.296161,-0.190954,0.0
-0.184258,-0.031969,-0.071945,-0.393351,0.350889
-0.094531,0.040418,-0.195365,-0.265581,0.368035
-0.143547,0.157683,-0.110271,-0.429987,0.0
0.047974,-0.014608,-0.021547,-0.028477,0.849666
-0.049208,0.121901,0.004379,-0.497531,0.189997
-0.177494,-0.069187,0.446161,0.308266,0.0
0.172671,0.336768,0.069194,0.077092,0.185429
-0.121378,-0.025409,-0.095609,-0.206719,0.545194
-0.221164,-0.014775,-0.207248,-0.133709,0.343381
0.204555,0.120288,0.060148,-0.020198,0.544269
-0.249868,0.112746,-0.040058,-0.325892,0.247932
-0.088876,0.067505,-0.165032,-0.062382,0.58894
-0.002914,0.097882,0.125499,0.204165,0.552005
0.053797,0.040352,-0.059266,0.008665,0.877943
-0.03144,0.468258,-0.014742,0.164437,0.112337
0.5,-0.447785,0.5,-0.00936,0.058869
-0.024008,-0.275644,0.109951,-0.105634,0.363877
-0.299584,0.173143,-0.169677,-0.255802,0.056139
0.003747,-0.009959,0.039255,-0.068495,0.853506
-0.265376,-0.077578,-0.137293,-0.009673,0.467868
-0.152304,-0.088552,-0.191481,-0.347218,0.180046
-0.165834,-0.073662,-0.321021,-0.171645,0.285968
-0.04476,0.280864,-0.118616,-0.004359,0.395651
-0.223541,-0.027895,0.078042,-0.044449,0.626212
0.15446,0.411494,-0.144171,0.042127,0.0
-0.186914,0.094046,-0.047659,-0.204632,0.38599
0.055107,0.096867,-0.075682,0.344714,0.381483
0.089051,0.315219,-0.012963,0.037745,0.342751
-0.191335,0.229979,-0.156672,-0.239101,0.037673
-0.147601,0.138107,-0.159168,-0.079057,0.424209
0.149337,-0.481905,0.419213,0.5,0.017222
-0.292699,-0.016002,-0.07407,-0.107649,0.399281
0.089398,0.358236,0.259392,-0.099948,0.0
-0.211637,-0.030679,-0.191107,-0.113743,0.465433
-0.436666,0.20376,-0.132139,-0.201524,0.0
-0.238519,0.134188,-0.009256,-0.028588,0.476099
0.001287,-0.060113,-0.056437,-0.037064,0.84836
-0.390719,-0.011614,-0.178503,-0.285592,0.10203
-0.036996,-0.027267,0.024669,0.078818,0.787668
-0.182103,-0.064761,0.5,0.240048,0.025707
-0.151693,0.048962,-0.097058,-0.254987,0.532403
-0.24046,0.081851,-0.125012,-0.325763,0.107968
-0.000651,0.019031,0.04936,0.052732,0.854075
0.027631,0.206029,0.088757,0.169512,0.371975
0.04057,-0.043498,-0.157416,0.015968,0.769033
-0.229022,0.238465,-0.083779,-0.307596,0.034553
0.146655,0.259802,-0.064138,0.185449,0.213541
-0.220125,0.026897,-0.100825,-0.306616,0.352689
-0.294683,-0.108879,-0.149451,-0.209271,0.259053
0.044899,0.286143,0.008866,0.047623,0.430448
0.292019,-0.484119,0.069292,-0.158844,0.078465
-0.153578,-0.5,-0.077285,0.195545,0.0
-0.131133,-0.118252,-0.253928,-0.412639,0.074466
-0.169855,0.042817,-0.172164,-0.371564,0.299443
-0.149889,-0.115217,-0.179644,-0.015045,0.576932
-0.245428,-0.11772,-0.052302,-0.268042,0.228873
0.150439,0.064683,-0.024007,-0.006801,0.639672
0.025126,0.215367,0.11482,0.106834,0.430975
0.186307,0.158749,0.066462,0.074938,0.419774
-0.187241,0.10437,0.105385,-0.25322,0.269099
0.142685,-0.273685,-0.01581,0.01736,0.415905
0.108237,-0.327719,0.412241,0.01372,0.016081
0.172007,0.281371,-0.02032,0.015208,0.354697
0.15063,0.182221,-0.113499,-0.047738,0.394425
-0.158947,-0.08348,0.037435,-0.035295,0.597934
-0.209944,-0.5,0.340388,-0.011554,0.0
-0.075083,0.137039,-0.210214,-0.299391,0.158548
-0.056475,0.117608,-0.184197,0.0092,0.508103
0.345895,-0.366736,0.5,0.175596,0.0
0.024121,0.299854,0.010793,0.091809,0.363255
0.120664,0.353849,0.132724,-0.045863,0.169235
-0.095818,0.262581,-0.011604,-0.275525,0.272318
0.175848,0.172936,0.052265,0.086215,0.42841
0.020214,0.006423,-0.083953,-0.099883,0.66914
-0.080565,0.006109,-0.082274,-0.303691,0.551162
-0.092346,0.086449,-0.13452,-0.088071,0.589948
0.022141,-0.046488,-0.023181,0.011192,0.860806
-0.040888,0.188439,0.06074,-0.003657,0.625376
-0.034401,0.021357,0.050551,-0.153252,0.7478
0.368681,0.042151,-0.262114,0.042818,0.198422
-0.006585,-0.076614,0.052135,0.059014,0.726591
-0.111224,0.043288,0.038569,-0.236693,0.636671
-0.251205,-0.002939,-0.117002,-0.03126,0.59901
-0.210867,0.088816,-0.191303,-0.270742,0.162861
-0.009756,-0.050383,0.153236,0.400056,0.380593
-0.326864,0.048696,-0.12948,-0.222549,0.24436
0.403825,-0.228144,0.014136,0.041493,0.263781
0.230462,0.167442,0.156473,0.135973,0.21065
-0.5,-0.250936,0.118958,0.1292,0.0
-0.172138,-0.094432,-0.17594,-0.325868,0.265369
-0.254359,0.103797,-0.206881,-0.354421,0.040462
-0.0831,0.052946,-0.002943,-0.060176,0.849127
0.362778,0.106036,0.180398,0.220575,0.102162
-0.029788,0.003163,0.01158,0.010885,0.981367
0.060027,0.390354,0.316102,0.214656,0.0
-0.262681,-0.081262,-0.176142,-0.292344,0.103158
-0.299048,0.043446,-0.232034,-0.087333,0.362856
-0.096008,0.094519,-0.212757,-0.159431,0.374805
0.281166,0.286766,0.016265,0.050744,0.196461
0.104688,-0.362342,0.143753,0.5,0.0
-0.062875,-0.129479,-0.335535,-0.198471,0.214386
-0.229347,0.244332,-0.090048,-0.241924,0.001798
-0.230396,0.045229,-0.096862,-0.19045,0.43797
0.134509,-0.280473,0.384069,0.226308,0.0
-0.011667,0.073995,0.058571,-0.026444,0.766326
-0.03647,-0.032264,-0.218284,-0.179819,0.477708
-0.164908,0.046397,-0.147311,-0.246772,0.337186
0.031502,0.054537,0.041647,0.028047,0.797461
-0.032981,-0.016418,-0.066512,-0.065809,0.759192
-0.197621,0.049878,-0.203704,-0.3886,0.143738
0.033238,-0.202255,0.01734,0.179572,0.476868
0.11711,0.215709,0.5,0.024053,0.0
-0.278516,-0.058621,0.016096,-0.189854,0.458347
-0.289218,0.191973,-0.123514,-0.267881,0.0
0.230951,0.232723,0.13193,0.051122,0.2385
-0.212555,0.02604,-0.10397,0.05982,0.566546
-0.298376,-0.072907,-0.134007,-0.052931,0.36408
-0.073059,0.117234,0.042416,0.074461,0.560804
-0.025405,-0.046345,0.038036,0.021908,0.847979
-0.264614,-0.098672,0.157753,0.299226,0.119167
0.056545,0.221606,0.034904,0.001611,0.577246
-0.08389,0.091318,0.026033,0.002377,0.750506
0.005647,0.217666,0.121561,-0.023084,0.516588
0.096127,-0.005535,-0.067016,0.087657,0.725345
0.211797,0.180682,0.185603,0.155317,0.279404
0.231903,0.078675,-0.076479,0.129955,0.444822
-0.0692,0.075545,0.079003,-0.022748,0.739851
-0.213412,0.106478,-0.082683,-0.27829,0.30667
0.007496,0.019515,0.101388,-0.025923,0.791161
-0.292277,-0.140375,-0.137929,-0.153744,0.136706
-0.348233,0.001123,-0.195552,-0.350091,0.122023
-0.174406,0.116032,-0.0373,-0.22354,0.336023
-0.12901,-0.054442,-0.178754,-0.289886,0.295565
0.158849,0.131877,-0.013172,-0.021122,0.630437
0.083904,0.226398,-0.120515,-0.067339,0.399642
-0.304805,-0.270036,0.5,0.5,0.002818
-0.005658,0.28886,0.144464,0.168923,0.303496
0.003739,0.19405,-0.300461,-0.268074,0.231737
0.02744,-0.001857,0.027895,-0.029172,0.876866
-0.361876,-0.450397,0.412529,-0.041872,0.0
0.110175,0.110576,0.228781,0.054919,0.477616
-0.05416,0.008756,0.188702,0.349423,0.449938
-0.299034,0.081947,-0.13909,-0.328304,0.187276
0.061349,-0.043698,0.003367,0.005992,0.866491
-0.270537,-0.026228,-0.222802,-0.254648,0.273478
0.125315,-0.267519,0.170379,0.281056,0.0
-0.281268,-0.131005,-0.085195,-0.291381,0.201942
-0.119124,0.020015,0.00032,-0.044484,0.768426
-0.008483,0.026303,-0.028113,-0.049762,0.89432
0.082968,0.040056,0.04764,-0.002471,0.759851
-0.086813,-0.035068,-0.057635,-0.088398,0.66135
0.128385,-0.168835,0.476075,-0.192492,0.009446
-0.203266,-0.153374,0.239814,-0.019902,0.429804
-0.156455,-0.154796,-0.079497,-0.107804,0.444283
-0.308185,0.059492,-0.173389,-0.12411,0.265998
-0.110894,0.029338,-0.218583,-0.308191,0.377978
-0.2347,0.287167,0.265124,-0.203558,0.0
-0.118402,-0.036949,-0.065722,-0.450027,0.296494
-0.138727,0.029729,-0.128514,-0.346258,0.422466
0.083861,0.14519,-0.101741,0.312482,0.282415
0.142622,0.124387,0.076622,0.025717,0.618792
-0.265082,0.209135,-0.156737,-0.027946,0.310621
-0.259067,-0.5,0.361717,0.099967,0.0
0.02187,0.26866,0.081021,0.255961,0.175779
-0.350399,0.191521,-0.207806,0.029724,0.054656
0.121144,0.066085,0.143021,0.217704,0.306287
-0.163448,0.225671,-0.128323,-0.243484,0.195185
-0.039042,-0.005562,-0.137402,-0.057206,0.731063
-0.144324,0.165255,-0.159909,-0.366748,0.10869
0.094188,0.097683,0.046395,0.257433,0.433735
-0.301239,-0.233711,0.109257,0.059617,0.194716
0.199268,0.364552,0.21485,0.288195,0.0
-0.21748,-0.066384,-0.158157,-0.309815,0.165651
-0.008943,-0.063394,0.024939,0.033457,0.817561
0.128819,-0.302364,0.091003,0.159859,0.119507
-0.203645,-0.015779,0.075191,-0.318107,0.358809
0.026287,0.223977,0.109765,0.079133,0.440567
-0.288439,-0.093098,0.027632,-0.273178,0.206145
0.150386,-0.3758,0.318174,0.326936,0.0
0.30974,-0.034612,0.137921,0.051189,0.463742
-0.318644,0.057893,-0.216265,-0.19567,0.18232
0.177568,0.19865,0.330531,0.218715,0.0
-0.244746,0.250923,-0.328114,-0.111118,0.071291
-0.041199,0.090617,0.321402,0.29708,0.206677
0.01198,0.281356,-0.099386,0.026396,0.502689
-0.156557,0.151481,-0.160236,-0.328172,0.139181
-0.001555,0.090206,0.147814,0.311732,0.418708
0.223795,0.031768,0.11971,0.086321,0.577423
0.5,-0.163622,0.275603,0.271202,0.0
-0.011732,0.245111,0.056067,0.06389,0.464864
-0.150249,-0.11031,-0.19428,-0.302706,0.204633
-0.26374,0.141841,-0.187401,-0.147425,0.147587
-0.368415,-0.012622,0.373351,0.343378,0.019276
-0.225344,0.171538,-0.114405,-0.288111,0.148196
-0.425087,-0.024895,-0.212438,-0.189823,0.110868
0.013538,-0.161418,-0.202811,-0.011218,0.563051
0.029317,0.271294,-0.088586,-0.047262,0.433758
-0.135393,0.122846,-0.221955,-0.399515,0.103436
-0.255987,0.033247,-0.133704,-0.125313,0.425246
-0.048136,-0.34875,0.355519,0.262543,0.026695
-0.215731,-0.058757,-0.227216,-0.036482,0.462229
-0.152294,0.179396,0.418956,0.5,0.0
-0.07521,0.08065,-0.219323,0.05828,0.518275
-0.056419,-0.311784,0.225521,-0.356725,0.0
-0.274022,-0.042783,-0.275475,-0.214838,0.236872
-0.423638,-0.092064,-0.12277,-0.231979,0.016612
-0.18933,-0.086699,-0.069778,-0.393984,0.319027
0.052627,-0.038162,0.101896,0.001047,0.797666
0.162689,0.126021,-0.097776,0.188809,0.299996
-0.242221,0.302749,0.012499,-0.011086,0.210371
0.089006,0.11951,-0.117061,-0.002343,0.614948
-0.007753,-0.020961,-0.028119,-0.035065,0.902121
-0.047759,-0.018214,-0.001863,0.009676,0.934612
-0.260324,0.168479,-0.314689,-0.249106,0.0
-0.139274,-0.047488,-0.305159,-0.077445,0.383825
-0.012172,0.021353,0.123113,-0.005108,0.848028
-0.242201,0.067555,-0.176083,-0.239045,0.192401
0.091614,0.229044,0.0184,0.154079,0.418741
0.215129,-0.125848,-0.20659,-0.165825,0.233576
0.002796,0.059727,-0.101794,0.045182,0.765141
0.145296,0.112185,0.331255,0.000601,0.36615
-0.118899,0.072464,0.034971,0.186052,0.607308
-0.084119,0.052011,-0.197356,-0.197822,0.467442
-0.015965,-0.044354,-0.118116,-0.230808,0.503968
0.133615,0.229056,0.135514,-0.061723,0.327342
0.134766,-0.119452,0.5,0.283644,0.097055
-0.317834,0.052438,0.074956,-0.127122,0.381137
0.182371,-0.262191,-0.190001,0.07299,0.148058
-0.033983,0.0459,-0.057818,0.024192,0.790463
0.104628,0.092972,-0.055689,0.129081,0.562821
-0.119904,0.301253,-0.046581,0.034948,0.316632
-0.029194,-0.471678,0.5,0.355374,0.0
-0.266068,-0.088855,-0.204063,-0.145052,0.225032
-0.054173,0.235338,0.034976,-0.093227,0.384112
0.068858,0.235214,0.077359,0.206894,0.320033
-0.101882,0.118376,-0.212307,-0.109044,0.37388
-0.304447,0.14498,-0.162955,-0.148822,0.118464
0.029178,0.261453,0.081044,0.307548,0.081119
-0.116799,0.025999,0.214892,0.418551,0.227963
-0.223999,-0.020713,-0.239382,-0.16774,0.326357
-0.136512,-0.070966,-0.296944,-0.376461,0.176816
-0.156443,0.292137,-0.270332,-0.246107,0.0
-0.066395,-0.023062,-0.19799,-0.273206,0.373108
0.084199,0.131159,-0.0387,0.247648,0.355922
0.104368,0.143344,0.085656,0.396516,0.200263
0.498872,0.054647,0.124355,-0.041786,0.250076
-0.122185,-0.10744,-0.311003,-0.188768,0.135721
-0.15849,-0.007979,0.074931,-0.270033,0.527268
0.124106,0.387114,0.142815,0.161124,0.0
0.111602,-0.105818,0.32766,-0.297135,0.056423
-0.090482,0.180273,-0.129028,-0.193109,0.387388
0.010408,0.33058,0.073611,0.137988,0.305867
0.068481,-0.041597,-0.007004,-0.019416,0.786206
-0.028363,-0.095465,-0.109594,-0.077828,0.629096
0.154535,0.177228,-0.086153,0.103442,0.33192
-0.228908,0.138827,-0.216108,-0.254484,0.087104
-0.008422,0.054652,0.033704,-0.068627,0.849481
-0.251387,0.116986,0.000792,-0.161765,0.378432
-0.207922,-0.174661,-0.058529,-0.27837,0.315528
0.110331,-0.437891,0.362379,0.255213,0.0
-0.081145,-0.067028,-0.293375,-0.204288,0.332867
-0.205665,0.089312,-0.280108,-0.201074,0.154541
0.133777,-0.031588,0.5,0.092869,0.28814
-0.241619,0.071303,-0.082022,-0.285115,0.256319
-0.184959,-0.064838,-0.030531,-0.373253,0.336694
-0.093031,-0.237884,0.331335,0.312979,0.0124
-0.23435,0.242189,-0.14502,-0.275351,0.0
-0.025833,0.167133,-0.015378,0.257845,0.389492
0.062042,0.139946,-0.179199,-0.258352,0.241904
0.071123,-0.026541,-0.012163,-0.014486,0.973316
0.380883,-0.068286,0.018864,0.010181,0.494703
0.246863,0.052382,0.063501,0.072167,0.586312
0.098995,-0.5,0.5,0.243714,0.028276
-0.009391,0.183247,-0.097872,-0.068273,0.556245
0.029582,-0.469201,0.126777,0.080296,0.114501
0.163504,0.350468,0.006068,0.179676,0.138203
-0.074078,0.151541,-0.034196,-0.375048,0.310201
0.110915,0.258856,0.079481,0.322561,0.0
-0.194071,-0.43936,0.034061,0.314194,0.038738
0.069393,-0.115428,-0.208745,-0.353606,0.181854
0.049012,-0.035646,0.108069,-0.023834,0.796983
0.004496,-0.225189,-0.08301,0.367175,0.226197
-0.005607,0.055214,-0.057305,-0.053554,0.748135
-0.000241,0.140385,-0.009197,-0.214463,0.568669
-0.094914,0.116527,-0.07412,-0.334457,0.243594
-0.25461,-0.157076,-0.306611,-0.254324,0.0
-0.383162,0.044274,-0.282294,-0.136281,0.176892
-0.075549,0.001789,-0.033245,0.001751,0.857328
0.047299,-0.034623,-0.044307,-0.033052,0.843419
0.022609,0.241456,-0.071528,0.09401,0.417825
0.086676,-0.010832,-0.034355,-0.04913,0.85635
-0.116658,-0.00729,-0.324136,-0.165365,0.398942
-0.425676,-0.041015,0.328613,0.347953,0.0
-0.009036,-0.124932,0.273086,0.038727,0.537847
-0.169212,0.283371,-0.345995,-0.224551,0.036625
0.269694,-0.5,0.377839,0.101026,0.0
-0.219457,0.090673,-0.318279,-0.243722,0.173341
-0.124814,0.118923,-0.125208,-0.193405,0.346094
-0.357496,0.276855,-0.178435,0.150837,0.0
-0.413975,0.003564,-0.03927,-0.315285,0.254274
0.022434,0.255964,0.033441,0.122706,0.478867
-0.12637,0.143255,-0.076213,-0.263465,0.328744
0.02965,0.314702,0.09393,-0.008232,0.359832
-0.395602,0.192427,-0.142304,-0.282261,0.0
-0.217968,0.196956,-0.121667,-0.355917,0.092106
-0.119891,0.051764,-0.14068,-0.264763,0.323628
0.391785,0.331678,0.10107,0.197169,0.014067
-0.025875,0.034258,-0.024067,-0.124828,0.791942
0.052765,-0.214323,-0.05802,-0.091194,0.459016
-0.156161,-0.045777,-0.097728,-0.324496,0.318309
-0.081676,0.090169,-0.196277,-0.165382,0.45225
0.455736,-0.102654,0.357317,0.044062,0.0
0.011796,0.22415,0.24764,0.12334,0.262418
0.127307,0.115508,-0.061006,-0.028541,0.573255
0.009882,-0.013005,-0.012334,-0.027978,0.858641
0.181403,0.446094,0.030447,0.050749,0.069093
-0.067496,-0.007393,-0.253829,-0.252916,0.446585
-0.154337,0.204412,-0.240358,-0.306745,0.033034
0.109299,0.192326,0.197739,-0.009566,0.421271
-0.15566,-0.105116,-0.176053,-0.115486,0.474337
0.249209,-0.410794,-0.330624,0.5,0.029643
-0.097837,-0.043208,-0.02566,-0.019023,0.835553
0.30338,0.142364,-0.074409,0.144958,0.220237
0.122186,0.232368,0.226812,0.150854,0.194471
0.124066,0.146888,0.02006,0.288666,0.313409
0.030849,0.363247,-0.064387,0.254462,0.110668
0.050555,0.091385,0.299782,0.077683,0.437098
0.023101,-0.5,0.5,0.112523,0.015793
0.049521,0.28634,0.2653,0.033973,0.187513
-0.151656,0.06678,-0.164538,-0.465533,0.19502
-0.136249,0.172341,-0.22352,-0.107074,0.30129
0.117971,0.262479,0.03445,0.154229,0.319022
-0.354668,0.043154,0.194391,0.047702,0.413661
0.057773,-0.09028,0.471584,0.252277,0.041475
-0.106316,-0.026296,-0.311942,-0.410554,0.147109
0.01603,0.022778,0.172105,0.055526,0.80314
-0.043135,-0.5,0.180665,0.076165,0.0
0.035181,-0.004124,-0.033195,-0.03941,0.861314
-0.169531,0.026014,-0.166823,-0.155768,0.526879
-0.111249,0.112952,0.074841,0.185148,0.520397
-0.025651,0.04471,-0.206449,-0.378489,0.36396
-0.298148,-0.042225,-0.256069,-0.142199,0.3609
0.098623,-0.030056,-0.028688,-0.001204,0.879083
-0.013211,0.101221,-0.146993,-0.234621,0.539803
-0.245479,0.177382,-0.2187,-0.093385,0.170113
0.200595,0.131671,0.078101,0.226898,0.393004
-0.355773,-0.075831,-0.110112,-0.200209,0.275596
0.194965,0.145417,0.160601,-0.038198,0.339915
0.010183,0.008812,0.255286,0.198489,0.514942
-0.116124,-0.004463,-0.081849,-0.253091,0.573326
-0.424285,-0.323858,0.231108,0.418626,0.0
-0.024712,0.093617,0.046393,0.078636,0.776835
-0.183447,0.296657,0.022987,-0.312913,0.071275
0.025037,0.094769,0.171082,0.039814,0.665426
-0.030544,0.025025,0.033207,-0.006458,0.879411
-0.036972,-0.268345,0.088099,-0.041806,0.394432
0.103266,-0.031662,-0.08988,0.003543,0.759268
0.06161,0.337615,-0.003379,0.140186,0.30213
-0.15624,-0.491132,0.5,0.370019,0.0
0.076333,-0.326707,-0.107259,-0.050329,0.261862
-0.099973,0.281729,0.104823,0.100799,0.328156
0.006572,0.049276,0.025573,0.020998,0.989285
-0.070403,0.098429,0.411563,0.443709,0.04908
-0.159915,-0.132662,-0.007308,-0.035432,0.612634
-0.018905,0.261921,0.143002,-0.180672,0.248991
0.153815,0.110095,0.104463,0.117163,0.508809
-0.030552,-0.054879,0.04541,0.256541,0.672621
-0.329441,0.232343,-0.061969,-0.231551,0.017866
-0.026303,0.1547,-0.157373,-0.167512,0.382519
-0.13345,-0.09814,-0.100677,-0.138072,0.506367
-0.009713,-0.025426,0.007705,-0.073951,0.853631
-0.108589,-0.074935,-0.110816,-0.033294,0.712484
-0.229894,0.165323,-0.058887,-0.18225,0.237988
0.020876,0.092857,-0.167512,-0.26209,0.48085
-0.106923,-0.003097,-0.095607,-0.298913,0.473253
-0.07505,0.200669,-0.158252,-0.176028,0.202302
-0.147259,-0.07823,-0.058172,-0.156643,0.645871
-0.014697,-0.491887,-0.006716,0.192997,0.00646
0.055663,0.228917,-0.064481,-0.040314,0.457784
-0.189019,-0.107997,-0.029293,-0.239478,0.360053
-0.30371,-0.246274,0.268336,0.218545,0.0
-0.011415,0.013963,0.040067,-0.010828,0.872757
0.167604,0.328161,0.112513,-0.050169,0.216121
-0.249351,-0.054445,0.054741,0.038249,0.612971
0.100676,0.083753,0.042234,0.147357,0.539482
0.339014,0.052445,0.039955,0.159044,0.397574
0.090438,0.114932,0.140396,-0.283535,0.321904
-0.047104,-0.020786,-0.197158,-0.311439,0.45229
0.14161,0.138215,0.058199,0.357425,0.259842
0.198106,0.151292,-0.045303,0.017413,0.475534
0.064668,0.292351,0.016985,0.066083,0.436266
-0.028594,0.248373,0.102639,0.038855,0.436013
0.008435,0.063742,0.098342,-0.053259,0.711848
-0.368567,-0.281645,0.399953,0.028641,0.0
0.07319,-0.012814,-0.271977,-0.254495,0.385336
-0.282518,0.000141,-0.180152,-0.204153,0.403034
-0.140297,0.110056,-0.304723,-0.229648,0.202417
0.048346,0.065492,0.016938,0.064407,0.753321
0.087373,0.035175,-0.094911,0.059862,0.659864
0.334134,0.251529,0.48056,-0.113888,0.0
-0.027613,0.017586,-0.134669,0.059715,0.740191
0.036733,0.104423,0.5,0.275355,0.010092
0.013971,-0.015269,0.00232,0.033243,0.894097
-0.039881,0.045185,-0.075104,-0.095031,0.697718
0.045124,-0.021892,-0.024024,0.07466,0.831015
0.079767,0.096717,-0.147028,-0.260976,0.371969
-0.270242,0.118036,-0.131188,-0.233044,0.125299
0.30865,0.5,-0.14889,-0.028869,0.0
0.141121,-0.107084,0.237868,0.004496,0.51668
0.5,-0.18476,-0.164267,-0.008645,0.079578
-0.157802,-0.029556,-0.121848,-0.283213,0.387755
-0.278863,0.128478,-0.232155,-0.353622,0.0
-0.124409,-0.042415,-0.199039,-0.170654,0.390282
0.010282,0.033024,0.092352,0.045397,0.797169
0.118836,0.049548,0.038034,0.04924,0.789979
0.284913,-0.267479,0.104851,0.255145,0.0
-0.189198,-0.18306,-0.236836,-0.002654,0.322095
-0.066185,0.220469,0.071892,0.095942,0.404158
0.5,-0.251015,0.052232,0.04723,0.0
-0.205564,0.075657,0.002012,-0.17276,0.440035
0.265825,0.184843,0.099113,0.081782,0.241146
-0.246317,0.162966,0.071814,-0.227859,0.17001
-0.245574,-0.059309,-0.039598,-0.181228,0.39193
-0.205384,-0.023391,-0.074622,-0.093902,0.662666
0.099272,0.093045,-0.025671,0.07278,0.715256
-0.153725,-0.065015,-0.109317,0.022746,0.620785
0.048756,0.032474,-0.110651,0.207135,0.612868
0.273898,0.256033,-0.015992,-0.190635,0.157369
0.156113,0.007029,0.5,-0.008655,0.39311
-0.304906,0.129069,-0.208824,0.021371,0.207545
0.121948,-0.084803,0.051169,0.079658,0.590882
-0.178161,-0.018873,0.126647,-0.315835,0.39622
0.076142,0.012169,0.09786,0.223066,0.575937
0.432525,-0.180694,0.117547,-0.066387,0.166037
0.206457,0.085081,-0.051833,0.082606,0.399137
0.29798,0.363583,0.064653,0.092065,0.002137
0.036433,-0.232978,0.369894,0.332338,0.035832
0.002141,-0.23004,0.5,-0.131598,0.143657
0.073236,0.215312,-0.169446,0.040757,0.381861
0.121775,0.387017,0.245675,-0.130697,0.0
0.158876,0.214688,0.04778,-0.020007,0.462146
-0.22342,-0.024565,-0.166334,-0.222114,0.299746
-0.223926,-0.5,0.379432,0.062433,0.016682
0.377612,0.316346,0.126708,0.060814,0.0
-0.137124,0.046527,-0.162513,-0.019931,0.602825
0.015182,0.089454,0.180447,0.175685,0.531628
0.067657,0.13843,0.01905,0.084848,0.734692
-0.114846,0.095962,-0.229171,-0.264656,0.25429
0.023507,0.093002,-0.055744,0.043644,0.830456
-0.19825,0.191082,-0.246237,-0.171304,0.080428
-0.35521,0.233304,-0.060261,-0.060201,0.226528
0.110034,-0.024614,0.000596,0.062562,0.815507
-0.179041,0.035009,0.043573,0.032747,0.749355
-0.217191,-0.02914,-0.176658,-0.091159,0.425926
-0.047934,-0.072432,-0.123625,-0.117737,0.566485
-0.206887,-0.389738,0.339086,0.247011,0.0
-0.174625,-0.057313,0.002739,-0.369593,0.428748
0.170415,-0.376814,0.34055,0.102776,0.072662
-0.152271,0.034852,-0.123709,-0.252379,0.437282
-0.12196,0.139139,-0.001404,-0.392283,0.317235
-0.342193,-0.086946,-0.16592,-0.114748,0.183645
0.186558,-0.039955,0.454289,0.007189,0.29726
-0.071349,-0.045633,0.041531,-0.01326,0.85727
0.122002,0.322403,0.109179,0.19727,0.017121
-0.208316,0.105544,-0.157798,-0.130895,0.319363
0.232122,0.191797,0.188355,0.327468,0.001875
-0.05337,-0.14236,-0.165675,-0.219439,0.318838
-0.206307,0.051432,-0.231401,-0.126169,0.36001
0.114095,0.318565,0.234634,0.009536,0.111353
-0.101765,-0.035903,-0.080308,-0.24354,0.582213
-0.097088,0.086853,-0.168948,-0.022993,0.511156
0.211977,0.192747,0.238587,-0.024173,0.303758
-0.105541,-0.018938,0.042935,0.053958,0.821458
0.03835,0.23304,-0.060341,-0.103109,0.443249
-0.307702,-0.065449,-0.34958,-0.112991,0.110863
-0.010895,0.029487,-0.064276,-0.091839,0.82888
-0.252699,-0.12134,-0.231626,-0.210378,0.11941
0.040572,0.263346,-0.079795,0.045276,0.36357
0.002423,-0.5,-0.000658,0.07764,0.20272
-0.136906,-0.074346,0.482541,-0.206471,0.060212
0.163621,0.29827,-0.055735,0.074377,0.209734
0.105224,0.284083,0.065973,-0.025604,0.431258
0.24289,-0.234387,0.5,0.337642,0.047521
-0.196972,0.193518,-0.150138,-0.479817,0.013612
0.055258,-0.050871,0.194545,0.118336,0.528459
-0.265929,0.036435,-0.034527,-0.215085,0.474713
-0.153229,0.004325,-0.052007,-0.107208,0.658995
-0.131967,0.054165,-0.135428,-0.266899,0.396574
-0.272658,-0.06727,-0.218781,-0.187654,0.152168
-0.216326,-0.127626,-0.039105,-0.131295,0.481848
-0.232255,-0.320018,0.345176,-0.111129,0.035186
0.145916,0.228957,0.07891,-0.010272,0.364726
0.094558,0.257413,0.200962,0.201571,0.114264
0.349651,0.350585,0.071232,0.077059,0.028078
0.096716,0.230174,-0.034542,0.025513,0.583056
-0.107017,-0.010255,-0.254246,-0.039418,0.572733
-0.042226,-0.042155,-0.011509,-0.265411,0.663389
0.101087,0.163828,0.142491,0.133268,0.380797
0.058076,0.037292,-0.008848,-0.000102,0.946813
-0.260021,0.042762,-0.045093,-0.285139,0.304492
0.142933,0.176591,0.129261,0.04685,0.392786
0.144003,0.11495,-0.004737,0.18192,0.459289
-0.29492,0.137168,-0.255804,-0.078805,0.119089
-0.366248,-0.182958,-0.042993,-0.167507,0.101932
-0.333627,0.122748,-0.243416,-0.110237,0.123818
-0.325458,-0.27174,0.116859,0.258995,0.104157
-0.319696,0.207828,-0.128566,-0.076808,0.149236
0.149436,0.430241,-0.072522,-0.044392,0.081603
0.021196,-0.036694,0.001392,-0.018038,0.914186
-0.271372,-0.102779,0.179037,0.094939,0.256755
-0.085798,-0.222138,0.112493,0.201846,0.352282
0.137506,0.259001,-0.001654,-0.118236,0.328537
-0.061834,-0.010426,0.024045,0.00629,0.866016
0.174597,0.253964,0.124504,0.095531,0.275679
-0.161449,0.069915,-0.10661,-0.394117,0.218167
-0.127581,0.12332,0.006577,-0.152209,0.56128
-0.086424,-0.34113,0.452217,0.130295,0.033775
-0.230036,0.200245,-0.007202,-0.12159,0.31259
-0.071859,-0.195104,0.465797,0.125738,0.049325
0.163853,0.103779,0.159155,0.215219,0.338355
-0.135168,-0.059357,-0.291811,-0.275669,0.215603
0.071765,0.211995,-0.030212,0.030497,0.60107
-0.204576,0.085169,-0.179798,-0.212301,0.336089
0.202851,0.173892,0.099068,0.185684,0.26942
-0.112724,-0.360842,0.175843,0.449694,0.016724
-0.447283,-0.176782,-0.081506,-0.133767,0.148433
-0.203145,-0.01162,0.009141,-0.238876,0.498774
-0.141294,-0.214342,-0.17193,-0.318426,0.072428
0.039782,-0.033245,0.027194,0.117429,0.815062
-0.168331,-0.065516,-0.202211,-0.327073,0.203433
-0.031955,0.142218,0.006058,-0.251891,0.612203
0.042405,0.195204,0.158798,0.005478,0.382228
0.116291,0.321067,0.382574,0.302447,0.0
0.029799,0.266637,-0.101512,0.166467,0.263737
-0.339995,0.086035,-0.064806,-0.357468,0.150364
-0.283472,0.241066,-0.134081,-0.160229,0.0
-0.143464,0.049811,-0.212303,-0.119845,0.468483
-0.291043,0.000759,-0.077552,-0.453578,0.103948
-0.087422,-0.324918,0.382653,0.264224,0.0
0.017581,0.122356,-0.009983,-0.265456,0.529122
-0.086262,0.14982,-0.156498,-0.284232,0.267577
0.061203,0.171873,-0.030421,0.412387,0.174965
0.086125,0.292615,0.259025,0.32942,0.026805
-0.123225,0.348508,0.078505,0.15497,0.120289
0.0607,0.184951,-0.047264,-0.006567,0.651765
-0.022185,-0.023128,0.102985,0.455995,0.355017
-0.131431,0.04509,-0.297643,-0.29326,0.199317
0.158495,-0.5,0.1925,-0.006711,0.0
-0.074145,0.200649,-0.206072,-0.197998,0.200961
0.090079,-0.430262,0.359818,-0.0199,0.074509
-0.176539,0.090751,-0.262962,-0.392835,0.0
-0.172901,0.230812,-0.019186,-0.094752,0.306781
0.008217,0.184707,-0.080966,-0.255745,0.476493
-0.010112,-0.055607,0.027203,0.074977,0.846151
0.080491,0.09462,-0.086077,0.099588,0.590143
0.321355,0.005887,0.207297,0.164569,0.302224
-0.036908,0.276481,0.089712,-0.103416,0.351369
0.203442,0.212145,0.060345,0.065848,0.307793
-0.048282,-0.310589,0.20256,0.458425,0.0
0.04519,0.010068,0.087873,-0.019148,0.762881
0.168717,-0.5,0.013936,0.395567,0.0
0.252481,0.353091,0.040914,0.027973,0.194884
0.007348,0.216604,0.068665,0.214734,0.40149
0.12852,0.140531,0.044677,0.16313,0.526415
0.380754,0.023871,0.259991,0.087539,0.176027
-0.175369,0.087022,-0.180073,-0.172575,0.375396
-0.078448,0.21497,-0.092398,-0.319557,0.132091
-0.5,-0.5,0.061853,0.267126,0.0
-0.28929,0.182143,-0.110767,-0.111407,0.211069
0.368107,0.236313,0.048145,0.008135,0.319066
-0.119706,0.030544,-0.042382,-0.11316,0.637347
0.2524,0.248911,0.029765,0.227514,0.136536
0.186011,-0.076256,0.376955,0.043769,0.336945
-0.110951,-0.048955,-0.236861,0.073185,0.507151
-0.27698,0.192602,-0.219998,-0.016245,0.214541
0.224815,0.151949,0.091861,-0.139551,0.352966
-0.284054,0.043621,-0.14206,-0.304111,0.141696
0.058015,0.393296,0.098817,0.081223,0.125949
0.323337,-0.300007,-0.001802,0.286357,0.014082
-0.059738,-0.416099,0.469384,-0.196853,0.0
-0.321885,-0.5,0.355212,0.060186,0.039326
0.13242,0.004621,0.063635,-0.168327,0.601399
-0.216547,-0.025941,-0.196567,-0.316216,0.157155
-0.267686,0.053736,-0.26786,-0.27157,0.122708
-0.090579,0.08758,-0.420973,-0.243802,0.088138
-0.154351,0.162313,-0.201708,-0.073793,0.402851
-0.221234,0.117399,-0.129259,-0.242458,0.229437
-0.053484,-0.19277,0.077419,-0.323396,0.17606
0.138885,0.265053,0.002846,0.21725,0.23648
0.118829,0.431779,0.247882,0.142015,0.0
-0.12226,0.354199,-0.20525,-0.272989,0.0
-0.274268,-0.011752,-0.169643,-0.180756,0.351923
-0.135755,-0.117294,-0.284106,-0.200887,0.213292
-0.101531,0.172043,-0.14212,-0.407278,0.122341
0.210705,0.222509,0.083065,0.1399,0.24871
0.100659,0.230933,0.256007,-0.170513,0.097966
-0.230711,0.043092,-0.274679,-0.345049,0.054397
0.020315,-0.383525,0.164426,0.417524,0.0
-0.01178,0.260927,0.217705,0.141988,0.132392
0.5,0.170816,0.189302,-0.318222,0.067463
0.238281,0.402168,0.132332,0.239547,0.0
-0.003836,-0.016037,0.027818,0.125225,0.825863
-0.028195,-0.154921,0.370414,0.264676,0.017153
0.170113,-0.236462,0.5,0.020437,0.0
-0.21838,0.106344,-0.166969,-0.176174,0.32377
-0.047152,-0.107071,-0.127676,-0.208609,0.381503
0.024071,0.029156,0.012468,-0.008157,0.952143
-0.044324,-0.071699,-0.314751,-0.064714,0.389015
-0.24603,-0.131347,-0.059591,-0.213107,0.336663
0.037193,0.005069,0.264976,0.057914,0.616052
0.146301,0.075911,0.001761,0.076927,0.675559
-0.042652,0.02509,-0.00818,0.048246,0.848502
-0.264381,-0.107493,-0.081723,-0.132383,0.419523
-0.096489,0.139622,-0.013928,-0.232962,0.41837
0.21458,0.278326,0.088796,0.144769,0.064015
0.181197,0.199323,0.168969,-0.068372,0.281644
0.5,-0.224981,0.346459,0.279945,0.07552
0.015901,-0.034605,0.048215,-0.051927,0.826998
-0.103589,0.130048,-0.152905,-0.245605,0.219093
-0.155834,0.191663,-0.135067,-0.226132,0.187592
-0.173233,0.018276,-0.069993,-0.224397,0.532643
0.024405,-0.062424,-0.023166,-0.009845,0.825582
-0.275005,-0.216408,0.286308,0.15788,0.0
-0.137626,-0.291104,0.153889,0.161071,0.125725
-0.090438,0.009994,0.075767,-0.04388,0.768856
-0.178593,0.116499,-0.208796,-0.151686,0.247503
0.073739,0.21412,0.072762,0.075128,0.462494
0.069222,0.336787,0.122502,0.179146,0.110761
-0.158449,-0.005509,-0.257763,-0.21609,0.36061
-0.123314,-0.406422,0.453903,0.17049,0.0
-0.033882,0.185538,-0.07977,0.02426,0.658133
0.314654,0.180466,0.002676,0.084328,0.278878
-0.321684,0.185212,-0.351138,-0.309049,0.059307
-0.211911,-0.018213,-0.114907,-0.099111,0.529602
0.002999,0.045352,-0.061669,-0.003179,0.916947
-0.19628,-0.077343,-0.17681,-0.301852,0.103312
0.163015,0.19714,0.241504,0.49666,0.0
0.081188,0.025963,0.059138,-0.036729,0.806363
0.060205,-0.063069,0.209805,0.148209,0.494745
-0.128301,0.296242,-0.019459,-0.154853,0.209556
0.052464,0.260542,0.031638,0.062546,0.41362
0.055899,0.052144,0.209449,0.116997,0.614732
-0.259253,0.021358,-0.149358,-0.29489,0.22373
-0.127605,0.096459,-0.227067,-0.275644,0.214546
0.312698,0.104384,-0.294315,-0.440862,0.008961
-0.022937,0.082281,0.020951,0.007101,0.852631
0.075437,-0.070572,0.5,-0.288706,0.039274
0.121285,0.110842,0.088567,0.256551,0.325535
0.341492,-0.193374,0.03459,0.300849,0.0
-0.059174,0.005429,0.026879,-0.244851,0.640823
-0.174753,-0.031608,-0.073766,-0.482716,0.233006
0.181927,0.069821,-0.008692,0.071473,0.700449
-0.039009,0.223321,-0.173847,-0.375107,0.093011
-0.244486,0.052557,-0.303267,-0.260738,0.080431
0.040546,0.175192,0.124809,0.068039,0.6219
0.061807,-0.194286,0.109397,-0.137763,0.416471
-0.355982,0.010129,-0.065151,-0.424412,0.187412
-0.103014,0.050445,-0.225798,-0.434409,0.169023
-0.19833,-0.102051,-0.11215,-0.183621,0.388252
0.015101,-0.111308,-0.252963,-0.22169,0.256169
0.009306,-0.017978,0.16746,-0.354021,0.519264
0.003903,0.084447,0.034786,-0.004152,0.859934
-0.123846,0.113868,-0.154486,-0.235081,0.333859
-0.23944,-0.120607,-0.126757,-0.188796,0.278395
-0.018857,-0.070424,-0.051125,0.073072,0.70414
-0.16226,0.05846,-0.30623,-0.317595,0.109475
0.02618,-0.021859,-0.014755,-0.119588,0.829181
0.126556,0.301557,0.000779,0.063183,0.470767
-0.284526,0.125878,-0.262858,-0.192127,0.15021
0.187759,-0.154675,0.336466,0.5,0.0
-0.233624,-0.136795,0.338512,0.246556,0.030699
-0.252929,0.014062,-0.261815,-0.184993,0.316184
0.19921,0.151287,0.065556,0.026083,0.524909
-0.118376,0.276888,-0.38379,-0.229177,0.030969
0.006667,-0.291134,0.214313,0.201751,0.179477
0.077835,0.288755,0.030815,-0.061646,0.355677
0.09395,0.097455,-0.294382,-0.5,0.026688
-0.166897,0.125189,-0.113596,-0.256178,0.306084
-0.061038,0.0965,-0.254421,-0.126483,0.428509
0.083111,0.182905,0.101626,0.152767,0.437492
-0.225616,0.219292,-0.174637,-0.158431,0.212642
-0.052358,-0.023028,0.025412,0.036916,0.928453
-0.124509,0.004031,0.053963,0.012069,0.829596
0.142494,0.411553,0.085951,0.069972,0.126574
-0.094498,0.152526,-0.028532,-0.336773,0.372741
-0.134144,0.08382,-0.020281,-0.261883,0.46552
0.218278,-0.196531,0.131899,-0.090732,0.271756
0.32422,0.235556,0.132431,0.317129,0.0
-0.143473,-0.36008,0.5,0.258438,0.079749
-0.304421,-0.022556,-0.176338,-0.040858,0.43344
0.5,-0.145632,0.27657,0.5,0.0
0.166803,-0.253562,-0.176037,-0.230089,0.050256
-0.089194,-0.059402,-0.08636,-0.228815,0.624434
0.080363,0.256589,-0.073426,-0.289703,0.163959
0.106607,0.205679,0.074024,0.288124,0.183044
-0.164585,-0.282347,0.20359,-0.155394,0.159549
-0.010458,0.145723,0.095732,0.109025,0.555527
-0.151883,0.052889,-0.177006,-0.345634,0.290109
-0.339279,0.016719,-0.04402,-0.046307,0.52689
0.333082,-0.242344,0.244267,0.215475,0.059399
0.115602,0.042869,-0.056984,0.136118,0.547736
0.05611,-0.249738,0.214434,0.331971,0.06146
-0.11706,-0.10472,-0.163174,-0.458188,0.104814
0.054827,0.194837,0.162199,0.152277,0.277591
-0.116869,-0.293686,0.017286,0.228762,0.10016
0.201308,0.081743,0.398989,0.154589,0.156647
-0.274311,-0.039012,0.229925,0.124577,0.296604
-0.21505,-0.043456,0.183494,0.103966,0.488315
0.285909,0.355555,0.286795,0.024296,0.0
-0.343618,0.02248,0.366646,-0.004815,0.230674
-0.116609,0.101418,-0.264594,-0.2676,0.24924
-0.037254,0.052098,-0.047732,-0.006708,0.823835
0.166386,-0.173548,0.250913,0.466732,0.043566
0.048928,0.142264,0.034542,0.281051,0.454444
-0.034914,0.278362,0.162406,0.083166,0.219791
0.058414,0.203304,0.236997,0.029669,0.353561
-0.260949,0.145505,-0.096994,-0.086671,0.336448
-0.202266,-0.410838,-0.140119,-0.336819,0.0
0.042973,0.20446,-0.108638,-0.230266,0.384127
0.017115,-0.041433,-0.088579,-0.028295,0.783784
-0.115252,0.116207,-0.203342,-0.281622,0.261585
0.058696,0.043096,-0.037469,0.100018,0.713067
0.168331,0.063226,0.455555,-0.102773,0.128475
-0.219318,-0.467916,0.40374,0.343769,0.057182
-0.180893,0.120722,0.092094,-0.2024,0.306757
0.5,-0.240756,0.229783,0.065912,0.067092
0.39228,0.187641,0.01676,-0.290673,0.102784
-0.037536,0.156261,0.211902,-0.118581,0.437774
-0.353461,-0.020222,-0.108389,-0.096692,0.445265
0.037482,-0.014032,-0.031244,-0.025483,0.865538
-0.114975,0.138877,-0.263446,-0.165652,0.195299
-0.195461,0.01685,-0.045967,-0.39434,0.27403
-0.038313,0.21813,0.047488,0.120386,0.468064
-0.174684,0.188956,-0.184215,-0.078299,0.194153
-0.115498,0.180264,-0.241404,-0.239656,0.150654
0.0939,0.153467,0.190381,0.081951,0.375468
-0.00533,0.038246,0.259019,0.5,0.13933
0.193212,0.214769,0.05563,0.092074,0.343496
0.0408,-0.071045,0.369818,0.449196,0.004069
-0.150108,-0.070666,0.049697,-0.358066,0.308534
0.187236,0.213995,0.055589,0.387022,0.11317
-0.018888,-0.005009,-0.374371,-0.039154,0.563543
0.319271,0.116776,0.037568,0.064571,0.44398
-0.063872,0.12338,-0.046251,0.118086,0.532581
-0.091008,-0.089994,0.35517,0.275324,0.155546
0.30672,-0.12519,0.5,-0.069789,0.0
-0.152329,-0.194729,0.224599,0.00777,0.296521
0.159468,-0.343985,0.310834,-0.088692,0.005573
0.113543,0.034652,0.368783,0.5,0.110553
-0.159459,0.152561,-0.221363,-0.335298,0.128768
0.331082,-0.181412,0.084279,0.070284,0.272292
-0.137981,0.14587,-0.18265,-0.401101,0.059549
0.208608,0.180337,-0.053433,0.25321,0.26829
-0.298413,-0.014989,0.047434,-0.098192,0.432166
0.130275,0.232696,0.053601,0.134813,0.368399
-0.059932,-0.5,0.161457,0.215565,0.0
0.170745,0.125025,-0.128646,-0.039261,0.475896
0.139558,0.13044,-0.013428,-0.084439,0.51394
-0.281832,0.025668,-0.047948,-0.03093,0.636149
0.106046,0.385461,-0.02877,0.105015,0.122106
-0.006355,0.235122,-0.056398,0.123969,0.435548
-0.052099,-0.069111,-0.070666,0.045031,0.741938
0.041906,0.013699,-0.009276,-5.6e-05,0.891303
-0.247602,0.123757,-0.060996,-0.150412,0.37808
-0.205237,-0.033058,-0.083628,-0.495182,0.190819
0.153906,0.204305,-0.085761,-0.012311,0.503452
0.300885,-0.332882,0.103911,-0.006502,0.08764
0.11667,-0.386605,0.366057,0.232917,0.1306
-0.263176,-0.101271,-0.128963,-0.207128,0.285843
0.012938,-0.122119,0.01651,0.038723,0.704956
0.034933,0.019655,-0.086031,0.030931,0.818603
0.059545,0.160115,0.15497,0.426905,0.095168
-0.045975,-0.134999,-0.28783,-0.46141,0.111509
0.12602,0.172566,0.101397,0.282341,0.274697
-0.263304,0.117124,-0.167829,-0.186225,0.254117
0.109119,0.189018,0.057611,0.213885,0.376871
0.431143,0.109864,0.10941,0.490691,0.072462
0.293913,-0.362244,0.291923,0.118103,0.0
0.17155,-0.045952,0.081466,0.063576,0.616164
-0.213611,-0.269962,0.118312,0.1445,0.151829
0.01034,0.019633,-0.076129,-0.041058,0.93736
-0.244356,0.232413,-0.03726,-0.329042,0.102359
-0.10856,0.014574,-0.161347,-0.144988,0.528924
-0.211304,0.273499,-0.378334,-0.030666,0.105366
-0.144869,0.157781,-0.206795,-0.32998,0.076128
-0.080066,0.112784,-0.092735,-0.335831,0.392932
0.061739,0.4089,-0.081364,0.147613,0.050086
-0.062259,0.089156,-0.279428,-0.053315,0.449797
-0.253682,-0.253592,0.085236,0.204125,0.067082
-0.031156,0.131469,-0.063718,0.188673,0.572682
0.06373,0.130775,0.065173,0.07857,0.554137
0.21776,0.250166,0.005054,-0.078464,0.268777
0.079951,0.256555,-0.004743,0.130398,0.410216
0.025505,0.205554,0.069007,-0.148226,0.460816
-0.044832,0.021808,-0.127435,-0.066905,0.749869
-0.104375,-0.047834,-0.403366,-0.114401,0.38677
-0.135742,-0.291233,0.387636,0.202503,0.0
-0.178267,-0.124174,-0.198748,-0.009042,0.408364
-0.074793,0.089518,-0.025691,-0.316573,0.490636
0.5,0.0857,0.316644,0.114008,0.024482
-0.073831,0.056831,-0.174087,0.111919,0.591023
0.042993,0.018232,-0.002109,0.055022,0.923078
0.064065,-0.207509,0.214859,-0.00036,0.397343
0.012358,0.246228,0.157692,-0.076982,0.327633
0.061767,0.331475,0.009006,0.097285,0.341627
0.130689,0.237048,-0.010672,0.172808,0.29547
-0.113461,0.323185,-0.0285,-0.174852,0.249126
0.096576,0.383632,-0.089298,0.063774,0.203555
0.138288,0.454578,0.088921,0.336642,0.069123
0.04724,-0.187253,-0.062238,0.139074,0.479188
0.146197,-0.194697,0.5,-0.080374,0.0
-0.169247,-0.085378,-0.198806,-0.211464,0.267417
-0.037837,-0.015732,-0.200919,-0.085489,0.63683
0.037713,-0.324107,0.438885,0.377426,0.0
-0.106442,0.278065,-0.129286,-0.222172,0.214894
0.367894,-0.345985,0.372311,0.085146,0.004097
-0.190501,-0.022728,0.066181,-0.047306,0.657032
-0.090144,-0.067527,-0.086814,-0.013162,0.725534
0.070255,0.318252,0.236352,-0.02958,0.216812
-0.078302,-0.064304,-0.254569,-0.269831,0.354676
0.030763,0.211102,-0.01613,-0.108488,0.580677
-0.086752,-0.251494,0.264867,0.142153,0.142427
-0.276067,-0.145178,-0.004641,0.266495,0.292471
-0.053564,0.264425,0.092915,0.10003,0.422918
-0.043736,0.14445,-0.26847,-0.039857,0.429141
0.294368,-0.214011,0.172543,-0.070128,0.152983
0.075031,0.030814,0.117036,0.088314,0.580763
0.090513,0.08307,0.162904,0.103211,0.503398
0.03882,-0.102495,0.098128,-0.099295,0.570391
0.035743,-0.057254,0.055278,-0.074629,0.686617
-0.120645,-0.040375,-0.153876,-0.187335,0.467384
-0.243975,0.024337,-0.063991,-0.194892,0.513123
0.096457,0.084281,0.23951,0.106824,0.444314
-0.407574,-0.325829,-0.065805,-0.285602,0.046956
-0.153347,-0.350482,0.236469,-0.080994,0.015465
0.023508,0.192755,0.068161,0.473323,0.131463
0.051597,0.278853,0.317308,0.063722,0.197118
-0.244421,-0.073361,-0.14312,-0.315797,0.087768
0.19638,0.5,0.084371,0.1025,0.0
-0.023813,0.371069,0.216315,-0.048224,0.151219
-0.02464,-0.03188,-0.064194,-0.082352,0.785347
-0.21162,0.123981,-0.093255,-0.187165,0.293637
0.061904,0.18479,0.105245,0.164347,0.360665
0.092672,-0.062894,0.018026,-0.060035,0.652725
0.227524,0.249189,-0.033002,0.291726,0.189807
-0.158273,-0.017741,-0.217109,-0.046701,0.56821
0.03078,0.053254,-0.063545,-0.039096,0.823971
0.150192,0.185694,-0.091561,0.022092,0.566286
0.091024,-0.5,0.302794,0.118739,0.031169
-0.064249,0.062277,-0.165897,-0.484151,0.263417
-0.428071,0.266472,-0.1458,-0.172143,0.02477
0.032994,0.083693,-0.095538,0.09864,0.632658
-0.037644,0.169686,-0.122806,-0.215767,0.375924
0.009298,-0.003311,0.085644,-0.014456,1.0
-0.142695,0.120837,-0.106734,0.104621,0.426398
0.125945,0.14614,-0.001098,0.080796,0.599349
-0.123967,0.008182,-0.188154,-0.483205,0.145946
-0.122445,-0.16157,-0.222387,-0.438668,0.067959
-0.281958,-0.11113,-0.271748,-0.45553,0.0
-0.069371,0.332699,-0.095434,-0.234185,0.174355
0.02181,-0.113444,0.41222,0.223356,0.15478
0.087114,-0.068672,-0.087363,0.159889,0.538435
0.310208,-0.388538,0.5,0.309536,0.011329
0.069612,0.054021,0.02137,0.012675,0.76632
0.285792,0.175187,0.023753,-0.049414,0.350708
-0.066165,-0.348406,0.018566,-0.201643,0.124531
-0.040565,0.086897,0.006594,-0.04366,0.813282
0.5,-0.252387,0.332275,0.445108,0.020533
-0.153184,0.001631,-0.096551,0.021317,0.693371
0.406457,0.068294,0.130838,-0.077825,0.202467
-0.073234,-0.225014,0.447246,0.115794,0.0
-0.244049,-0.118323,-0.177537,-0.138677,0.269736
0.166871,0.238198,0.105501,0.281686,0.057481
0.081553,-0.045956,0.386845,0.012866,0.516894
0.024582,0.006458,0.012099,-0.037561,0.967452
-0.028321,0.221159,-0.206533,-0.336653,0.082801
-0.093691,0.103327,-0.144614,-0.269675,0.310765
-0.0797,0.00419,0.339884,0.138099,0.450495
-0.007735,0.10009,0.105288,0.161159,0.641769
0.045446,-0.010408,-0.004983,-0.010212,0.96405
-0.341947,-0.088967,-0.238673,-0.16591,0.219446
-0.28285,0.176147,-0.312928,-0.055186,0.156077
0.180239,0.149074,0.055276,0.118364,0.489541
0.072804,-0.37969,0.079303,-0.209093,0.066186
0.345704,-0.275897,-0.025703,0.232661,0.09426
0.127843,0.303018,0.124177,0.203108,0.192166
0.025529,-0.191059,0.436363,0.13439,0.180839
-0.200407,0.067787,-0.182525,-0.193683,0.282483
-0.046484,0.339149,-0.141438,-0.063001,0.270235
0.137375,0.152254,0.155499,0.169896,0.264862
0.125689,0.353616,-0.16959,-0.011783,0.156837
-0.189729,0.097352,0.125358,-0.42033,0.062095
0.011644,-0.111327,-0.099569,-0.141866,0.569804
-0.003356,0.032098,-0.067837,0.162324,0.820908
-0.090363,-0.317328,0.5,0.356391,0.0
0.148637,0.250934,0.155041,0.057971,0.227402
0.027445,-0.057353,0.02603,0.060491,0.789409
-0.319811,-0.067101,-0.207688,-0.295461,0.119759
0.12083,-0.03838,0.291892,-0.14992,0.313806
0.18484,0.157452,0.179861,0.083395,0.34639
-0.111622,-0.5,0.198265,0.182722,0.0
-0.109645,-0.336481,0.079406,0.018034,0.190226
0.112531,0.37858,-0.097215,0.427522,0.0
0.028642,-0.211563,0.323373,0.061647,0.282893
0.147631,-0.058526,0.5,0.37741,0.036059
-0.278032,-0.181526,0.5,0.100971,0.057343
0.25229,0.022432,0.228287,0.036651,0.423195
0.126235,-0.054609,0.135556,0.061584,0.643406
0.1118,0.036756,0.161784,0.220816,0.466644
0.068132,0.162561,0.178577,0.102986,0.428536
0.038652,-0.233329,-0.309545,0.344537,0.046097
0.158414,0.204644,-0.104514,0.015802,0.400718
0.119977,0.108191,0.5,0.298849,0.079592
-0.066204,-0.234853,-0.137741,-0.153934,0.164475
-0.292759,-0.413188,0.407767,0.343992,0.049966
-0.178749,0.007724,-0.166621,-0.216122,0.384013
-0.229175,-0.038321,-0.15032,-0.202027,0.344776
-0.125126,0.319021,-0.121899,-0.378846,0.0
-0.388503,0.034871,-0.070992,-0.176235,0.301382
0.029286,0.237188,-0.002637,0.097475,0.510102
0.110915,0.237635,-0.021298,-0.116803,0.3838
-0.214738,-0.274761,-0.0544,-0.252466,0.065373
0.038978,-0.017831,0.042052,0.038182,0.907182
0.092852,0.109741,0.023013,-0.116987,0.574371
-0.102047,0.07233,-0.235757,-0.385282,0.203752
-0.082401,0.035769,-0.41421,-0.134022,0.34384
-0.28324,0.040352,-0.197057,-0.351064,0.112122
-0.233481,0.267352,-0.092091,-0.207033,0.103876
0.030395,-0.120613,0.5,0.396598,0.0
0.010607,0.322451,0.112125,0.006303,0.417302
-0.280897,-0.037656,-0.260323,-0.212133,0.234336
-0.201173,0.0589,-0.151031,-0.216573,0.246565
-0.132296,-0.065388,-0.188353,-0.283274,0.26843
0.16476,-0.326314,0.282064,0.258116,0.0
-0.014232,0.335768,0.003327,0.126374,0.36505
-0.025127,-0.135981,-0.320315,-0.330561,0.098743
-0.074177,-0.006427,0.002982,0.000365,0.942529
-0.267652,-0.065722,0.012747,0.291731,0.379627
0.16388,0.187705,-0.006616,-0.265692,0.292691
0.378922,-0.149668,0.329465,0.030251,0.040825
0.01795,-0.085823,0.350979,0.014191,0.428312
-0.218455,0.118365,-0.252331,-0.265821,0.044002
0.10786,0.261034,0.164942,0.173781,0.196888
-0.077242,0.073652,-0.149923,-0.215413,0.40631
0.097572,0.218213,0.080323,0.100489,0.335521
0.163819,-0.416904,0.5,0.389875,0.116114
0.295814,0.31046,0.064139,0.119381,0.058642
-0.393205,0.084215,-0.102292,-0.319188,0.051574
-0.333797,-0.311971,0.222085,0.396082,0.026079
0.051222,-0.029052,0.049145,-0.03021,0.762051
0.148255,0.467147,0.135671,0.042184,0.08628
-0.184034,0.07891,-0.141612,-0.268899,0.226136
-0.216127,0.026018,-0.469529,-0.451566,0.0
-0.009006,-0.05174,-0.230307,-0.147179,0.56253
-0.213561,-0.208284,0.050869,-0.242937,0.185598
-0.115085,0.240682,-0.015845,0.146443,0.354117
-0.152114,-0.092503,-0.005369,-0.19944,0.450039
-0.232441,0.006678,-0.201037,-0.266314,0.259166
-0.124442,0.092829,-0.277782,-0.116095,0.344682
-0.067198,-0.058777,0.07895,-0.335431,0.451759
-0.16913,-0.004293,-0.276445,-0.207597,0.403096
0.049255,-0.01246,-0.041676,0.015661,0.798297
-0.055505,0.077127,-0.166008,-0.27631,0.442059
0.043579,0.005736,0.008452,0.023951,0.936643
0.086691,-0.313729,0.120046,-0.053765,0.223925
0.144534,-0.450895,0.002931,0.208051,0.070874
-0.306801,0.131408,-0.207522,-0.219707,0.101771
0.253464,-0.10165,0.006049,-0.099003,0.388264
-0.075395,0.013176,-0.259381,0.073585,0.576889
-0.151287,-0.261595,0.162592,0.377036,0.0
0.060451,0.363749,0.090573,0.235151,0.073875
-0.097201,0.046559,-0.210717,-0.29874,0.414012
-0.224301,0.099244,-0.27456,-0.410972,0.028395
-0.186695,0.106641,-0.126196,0.0314,0.547358
-0.016797,0.105905,0.093835,0.20456,0.534678
0.190648,0.236237,0.113499,0.132264,0.229303
-0.143029,-0.01458,-0.226209,-0.253168,0.381945
0.315576,-0.352325,0.308295,-0.122485,0.0
0.052564,-0.011831,0.096411,-0.090628,0.627387
-0.241805,-0.048423,-0.148025,-0.327335,0.178794
0.087808,-0.025767,-0.028281,-0.027853,0.838103
-0.110856,0.192043,-0.011482,-0.010437,0.565772
-0.010341,0.043933,-0.363979,-0.245183,0.324898
-0.247114,0.068191,-0.033345,-0.170324,0.43287
-0.2342,0.00754,-0.094596,-0.158817,0.471313
0.466361,-0.291803,0.48033,-0.339637,0.095035
-0.141415,0.003572,-0.180707,-0.174616,0.370576
-0.224707,0.098423,0.033815,-0.274143,0.287714
0.032011,0.016343,-0.039509,0.206468,0.666971
0.025891,0.325616,0.0119,-0.09756,0.385678
-0.202282,0.071704,-0.121939,-0.190996,0.307077
-0.5,-0.043835,0.5,0.468518,0.040327
-0.12188,-0.007348,-0.148155,-0.198859,0.44432
-0.317604,0.003175,-0.134495,-0.168578,0.417896
-0.06149,-0.033307,0.031368,-0.046642,0.779734
0.160957,0.343504,-0.077134,0.224097,0.073431
0.5,-0.237438,0.463817,0.136438,0.0
-0.168487,0.022626,-0.34655,-0.024469,0.450567
-0.049996,0.301,-0.087191,-0.177842,0.297534
-0.28406,-0.085412,-0.174052,-0.068962,0.47869
-0.338159,0.098856,-0.234369,-0.253091,0.039053
-0.176908,-0.004314,-0.129583,-0.420408,0.262272
0.012442,0.094771,0.065658,-0.004852,0.750643
0.095825,0.19049,-0.113489,0.051867,0.51164
-0.248483,-0.446065,0.478819,-0.218734,0.0
-0.166323,0.035661,-0.277115,-0.347723,0.160506
0.117733,0.067275,0.058534,0.094069,0.641625
0.106871,-0.171456,0.248361,-0.077187,0.258774
0.105744,0.288723,-0.15108,-0.198469,0.102851
-0.293329,0.031122,-0.079148,-0.458596,0.17937
0.146137,0.146515,0.112715,0.127856,0.461893
-0.226807,-0.311739,0.259491,0.125293,0.0
-0.084987,-0.239442,0.278973,-0.067762,0.227951
-0.42904,-0.208373,0.391418,0.21846,0.128183
-0.157603,0.088111,-0.227456,-0.245974,0.297716
0.288913,-0.47061,0.280541,0.067368,0.0
-0.075812,-0.065593,-0.051013,-0.043098,0.750834
0.05052,0.190558,0.108645,-0.011335,0.511226
-0.150996,-0.034929,-0.096944,-0.090192,0.588257
-0.041516,0.224003,0.372599,0.1292,0.12784
0.288872,0.072589,0.5,0.023609,0.074942
-0.138979,0.314132,-0.110187,-0.405445,0.020345
-0.189402,-0.115796,-0.135947,-0.255182,0.257347
-0.32536,0.184976,-0.054415,-0.256043,0.104501
-0.06955,0.058831,-0.265378,-0.00347,0.555749
0.014247,0.08797,0.041764,0.101259,0.780649
-0.301988,-0.189509,-0.076804,-0.288507,0.0
-0.243234,-0.216352,0.176124,0.5,0.089826
-0.037789,0.006537,-0.126541,-0.130426,0.639699
-0.177684,-0.135447,0.211918,0.178483,0.188479
-0.072602,0.254074,0.111859,0.345957,0.0
-0.250726,-0.038507,-0.110915,-0.160611,0.337021
-0.046838,-0.009573,0.070912,-0.096969,0.731208
0.154755,0.280956,-0.105977,0.057418,0.309972
0.084346,0.257002,0.050474,0.036174,0.466725
-0.233719,-0.008371,0.008105,-0.258178,0.466321
-0.161677,0.097943,0.025805,-0.164064,0.41345
-0.368576,0.091603,-0.022536,-0.153519,0.303084
-0.105273,-0.083131,-0.184709,-0.297214,0.295353
-0.045389,0.123562,0.054636,0.276092,0.475522
0.022662,0.000525,0.049193,0.006101,0.833774
0.039374,0.31334,-0.006157,0.129787,0.378312
-0.147299,-0.02513,-0.103066,-0.134013,0.645029
-0.251301,0.227999,0.449929,0.335711,0.064591
-0.204411,-0.007355,-0.1403,-0.460027,0.088872
-0.073278,0.10091,-0.010423,-0.290195,0.497754
-0.166894,0.044815,-0.020453,-0.08085,0.731447
-0.04094,0.33755,0.203455,0.052171,0.320225
0.095563,0.247961,0.105897,0.211498,0.165135
-0.172989,0.123042,-0.087998,-0.307989,0.210934
-0.074736,0.173783,-0.148212,-0.008758,0.624573
0.309461,-0.04447,0.182072,0.042338,0.461446
0.065499,0.002065,0.260996,-0.102424,0.553518
0.189487,0.103334,-0.0869,0.182595,0.371995
-0.154236,0.062291,-0.262019,0.025664,0.451554
-0.021902,0.200885,-0.093259,-0.101819,0.472846
0.006447,-0.048617,0.011228,-0.101599,0.813795
-0.007763,0.431954,-0.017403,0.099444,0.227534
-0.173602,0.112987,-0.248256,-0.369071,0.05834
0.364337,-0.229814,0.314569,-0.194234,0.00019
0.5,-0.133685,0.402858,0.288686,0.093452
0.005725,0.389556,-0.062211,0.064485,0.24432
-0.289347,-0.052003,-0.088203,-0.271275,0.290846
-0.004682,0.009578,0.014943,-0.009013,1.0
-0.287557,0.025477,-0.073265,-0.430731,0.122111
-0.077984,0.10389,-0.071431,0.187001,0.531747
0.206722,0.175412,0.016207,0.035682,0.481879
-0.04874,0.028189,0.08289,-0.06953,0.719074
0.154132,0.266651,0.036863,-0.079909,0.372564
0.176944,-0.187071,0.356121,0.30234,0.0
0.38726,0.003976,-0.011698,-0.170012,0.483191
-0.123508,0.080272,-0.179712,-0.147096,0.385701
0.273062,-0.152491,0.175821,0.104566,0.206763
-0.221827,0.149954,-0.140289,-0.286944,0.050181
-0.020226,-0.078949,0.063026,-0.004277,0.841773
-0.09758,0.262496,-0.15029,-0.100545,0.193017
0.241913,0.216347,0.009968,0.09396,0.370412
0.25812,-0.032736,0.164042,0.23568,0.346455
-0.372121,-0.076239,0.351537,0.316624,0.0
-0.192728,-0.020871,0.5,0.394764,0.01784
0.006268,-0.041523,-0.021027,0.051669,0.822552
0.149299,0.224033,0.039291,0.14803,0.270731
0.101965,0.224212,0.052831,0.071655,0.411833
-0.150469,-0.214685,0.373647,0.140444,0.0
-0.279477,0.028105,-0.085028,-0.230942,0.379307
-0.342608,0.188987,0.000808,-0.030009,0.359806
0.31454,-0.176079,0.189747,-0.041426,0.146756
-0.01171,0.008344,-0.020556,0.074325,0.847021
0.020049,0.18936,0.035657,0.137336,0.467134
-0.159679,-0.066704,-0.229253,-0.066799,0.513348
0.085133,-0.5,0.230995,0.236381,0.002783
-0.289255,0.044171,-0.170195,-0.000967,0.573516
0.444168,-0.130212,0.115583,-0.160607,0.100435
-0.021739,0.424725,-0.033005,-0.10728,0.170544
-0.081386,0.135566,-0.293697,-0.406969,0.102397
-0.198992,-0.32724,-0.128332,-0.307195,0.0
0.097794,0.412571,0.077972,0.129969,0.073032
0.224966,-0.103484,-0.143868,0.215212,0.174467
0.062217,-0.007143,0.146205,0.272395,0.462803
-0.173808,0.023502,0.037413,0.028618,0.73177
-0.32423,0.121434,-0.103894,-0.326263,0.128759
-0.021172,0.071951,-0.093487,-0.412488,0.355059
-0.197952,0.148632,0.020686,-0.149343,0.412734
-0.352732,0.05358,-0.232455,0.0493,0.343103
0.068681,0.128108,0.14226,0.060149,0.459756
-0.302792,0.129586,-0.282426,-0.337897,0.043417
-0.053079,0.474281,-0.177078,0.112742,0.024452
0.180325,0.024249,0.077195,0.091917,0.605111
-0.346806,-0.080888,0.335066,0.313037,0.084116
-0.087736,0.305979,-0.024735,-0.259368,0.201275
0.201253,-0.428196,0.013807,0.431799,0.0
0.188203,-0.299251,-0.040897,0.227435,0.144646
0.03115,-0.172291,-0.014364,0.046608,0.636496
0.154167,0.135346,-0.135784,0.097386,0.434066
-0.41642,-0.5,0.333713,0.224052,0.082536
0.083474,0.179881,-0.056793,-0.067999,0.631801
0.075904,0.5,0.008141,0.149243,0.017984
-0.178828,-0.01036,-0.033766,-0.259683,0.417391
-0.105999,0.086135,-0.040879,-0.242213,0.573166
-0.086962,0.046113,-0.242335,-0.037902,0.634555
-0.022432,0.058751,-0.136628,-0.055934,0.740614
-0.245605,0.11111,-0.204908,-0.036904,0.32659
0.05666,0.161792,0.10839,0.165484,0.380733
-0.09773,-0.26118,0.154063,0.339818,0.0
0.007129,0.040741,-0.043326,0.108654,0.809784
-0.292493,0.350927,0.016494,-0.024071,0.159951
0.089793,-0.005538,0.237793,0.345312,0.272927
0.116538,0.152235,-0.078129,0.020102,0.555344
-0.442515,0.153172,-0.149066,-0.077396,0.123745
-0.289332,0.102963,-0.100672,-0.144444,0.323518
-0.182071,0.100764,-0.066905,-0.223889,0.343198
-0.053023,0.264721,0.219812,0.085902,0.267962
0.209561,0.071049,0.051278,0.342807,0.23954
-0.493616,0.045243,0.472793,0.404967,0.003446
0.185642,0.210946,-0.139291,0.32296,0.096498
0.297997,-0.189753,0.5,0.116662,0.0
0.249301,0.019488,0.026858,0.148066,0.530018
0.075457,-0.094245,0.01787,0.351367,0.497968
-0.043165,-0.0277,-0.050021,-0.060546,0.884824
-0.17092,0.06742,-0.2054,-0.234631,0.355322
-0.005242,0.294406,0.067423,0.283573,0.245436
-0.063409,0.234922,0.1372,-0.004218,0.487472
-0.100422,0.109656,-0.008373,-0.265575,0.528779
-0.088251,-0.5,0.184062,0.219308,0.005493
-0.284159,-0.024424,0.014572,-0.057316,0.567383
0.166086,0.013295,0.024809,0.094824,0.710842
-0.069028,0.252666,0.037167,0.236708,0.256149
-0.091361,-0.012594,-0.157222,-0.232214,0.548257
0.216874,0.30684,0.056832,0.184941,0.054037
-0.113144,-0.130615,-0.142197,-0.301189,0.218766
0.027276,0.03567,-0.042887,0.022629,0.890756
0.127066,0.283328,0.072112,-0.008394,0.366875
0.173789,0.285658,-0.068994,-0.085224,0.257899
0.141879,0.057747,-0.054162,0.164354,0.590435
-0.171463,0.042134,-0.027574,-0.156868,0.579948
-0.147628,0.057317,-0.034841,-0.130373,0.579669
-0.055099,0.080314,-0.077637,-0.046581,0.697669
-0.106797,-0.258778,0.247892,0.234883,0.001345
0.001384,0.189688,0.026857,-0.01026,0.679412
-0.224948,-0.024739,-0.141006,-0.009048,0.635267
-0.151064,0.030652,-0.237083,-0.279254,0.251407
-0.117687,-0.254814,0.5,-0.240464,0.066132
-0.075626,0.047438,-0.104362,-0.360092,0.297991
0.05074,0.109459,0.043573,0.001023,0.698803
0.079654,0.260044,-0.005219,0.211653,0.276516
-0.072164,-0.323228,0.068192,-0.223644,0.099166
-0.1458,0.013279,-0.110386,-0.17459,0.472152
-0.30795,0.02021,-0.024953,-0.346651,0.285884
0.011175,-0.0386,-0.019458,0.049955,0.840936
0.181887,-0.085379,0.063867,0.163294,0.40426
-0.060959,0.080408,-0.389674,-0.239961,0.253182
0.17558,0.006018,0.288736,0.324568,0.263728
-0.054686,-0.009194,-0.003183,-0.015724,0.968899
0.261347,0.139595,0.123009,-0.031984,0.290157
0.250754,0.073742,0.150827,0.191213,0.285301
0.045146,-0.318499,0.21944,0.261135,0.033336
0.081741,0.133921,-0.035295,-0.023658,0.638097
-0.000676,-0.024615,0.041063,-0.021279,0.807989
-0.118926,0.126261,-0.173732,-0.347384,0.213349
-0.015189,-0.037176,-0.153876,0.121181,0.665592
-0.134416,0.299321,-0.042238,-0.098555,0.311987
-0.158829,-0.202665,0.016121,-0.239352,0.19792
-0.050558,-0.035165,0.070328,0.01962,0.740619
0.393425,-0.067798,0.278012,-0.28505,0.0
-0.295034,-0.232213,0.156301,0.172964,0.090192
0.057855,-0.137102,0.327543,-0.249017,0.175702
-0.13313,0.202875,0.108448,0.078711,0.309431
-0.046257,0.064906,0.042685,-0.000184,0.765256
-0.180746,-0.461028,0.041428,-0.091487,0.0
-0.286447,-0.103527,-0.067447,-0.193184,0.277593
-0.267328,-0.19115,0.189153,0.428454,0.0
0.048132,0.318364,0.04312,-0.032122,0.460068
0.159415,0.343514,-0.065165,0.127369,0.174381
-0.22089,-0.050356,-0.079127,-0.311629,0.309977
-0.324813,0.03769,-0.256504,-0.170995,0.292273
-0.210657,0.205514,-0.232529,-0.169275,0.080468
0.136735,0.304181,0.022039,0.186418,0.243133
0.041649,0.159762,0.05566,-0.046229,0.582853
0.171532,0.370495,0.205106,0.022036,0.045824
0.404831,-0.25586,0.475195,0.347586,0.0
0.066868,0.03708,-0.10161,0.021329,0.786631
-0.271458,-0.101521,-0.104559,-0.303727,0.221091
0.000605,-0.032104,-0.085351,0.062872,0.759386
-0.105567,0.141692,-0.328653,-0.236658,0.149269
0.070644,0.275746,0.058148,-0.070126,0.362452
-0.01056,-0.131491,0.108035,0.162711,0.549782
-0.261417,0.026492,-0.001222,-0.103241,0.532183
0.177357,0.241432,0.065382,0.142449,0.14332
0.01245,-0.256922,-0.23497,-0.263808,0.0
-0.174799,0.019089,0.314943,-0.17886,0.337453
0.096927,0.119931,0.144301,-0.051148,0.552147
0.091075,0.087796,-0.190964,-0.124168,0.467711
-0.146948,0.185763,-0.127424,-0.393924,0.045578
0.298366,0.177445,0.019762,-0.200172,0.148678
0.33081,-0.126984,0.02705,0.14965,0.301672
0.004783,-0.063355,-0.160012,-0.206081,0.547977
-0.077878,-0.037974,-0.230036,-0.066391,0.579956
-0.071541,-0.083727,-0.069783,-0.005383,0.693405
0.212125,-0.318352,0.128073,0.242647,0.024372
-0.175966,0.095306,-0.191184,-0.198784,0.227987
-0.296961,0.160178,-0.359852,-0.155222,0.040423
0.168544,0.081367,-0.106099,0.068424,0.609966
0.138015,0.235707,-0.084347,0.082757,0.350122
-0.147915,0.027413,0.009456,-0.248214,0.515035
0.251503,-0.334998,0.106576,0.166946,0.029363
-0.133978,0.032994,-0.018365,-0.155492,0.604333
-0.119759,0.167863,-0.070113,-0.049931,0.513063
-0.310178,-0.01847,-0.154862,-0.191181,0.257875
0.226011,-0.224509,0.291689,0.017076,0.148607
0.1041,-0.341728,0.5,-0.008103,0.039787
-0.013066,0.362109,-0.098032,0.166386,0.12928
-0.006035,-0.128497,-0.311181,-0.043541,0.505278
0.149633,0.304689,0.132752,-0.001835,0.391823
-0.032073,0.042101,-0.421674,-0.018221,0.530998
-0.163848,0.077659,-0.112203,-0.095473,0.472202
-0.324606,0.115655,-0.233214,-0.257978,0.048857
-0.36808,0.166735,-0.259471,-0.299497,0.039088
-0.210713,0.097758,-0.068362,-0.253096,0.328665
0.002936,0.010118,-0.066326,-0.082223,0.768573
-0.270293,0.086498,-0.042273,-0.274438,0.273942
0.109105,0.23318,-0.053994,0.168832,0.341824
0.073727,0.420845,0.014683,-0.068523,0.289163
-0.5,0.151304,-0.034766,-0.143224,0.055591
0.177074,0.106968,-0.073777,0.303707,0.342024
0.047424,0.203954,0.017018,0.249344,0.345807
-0.223946,0.197507,-0.17205,-0.36629,0.017665
-0.02783,-0.017108,-0.131398,-0.144295,0.640953
0.006517,0.299008,-0.003313,0.01339,0.475582
-0.195513,0.197631,-0.045859,-0.201751,0.302318
0.030774,0.009985,0.157697,0.386726,0.434352
-0.063893,0.078141,-0.119435,0.03032,0.602048
-0.183057,-0.17979,0.350657,-0.018221,0.070154
0.090147,0.067136,0.016266,0.095542,0.718274
0.054746,0.099966,0.097755,-0.0329,0.624923
-0.064045,-0.174308,0.010009,-0.015753,0.636078
-0.088058,0.166849,-0.077548,-0.080604,0.423302
-0.169797,0.247579,-0.056667,-0.133533,0.257097
-0.444368,-0.233267,0.242841,0.090327,0.027477
-0.355672,0.251308,-0.201381,-0.192719,0.0
-0.341505,-0.010975,-0.205445,-0.015722,0.428098
-0.162241,0.008109,-0.184205,-0.167512,0.43236
-0.220278,0.131136,-0.247823,-0.295714,0.140592
0.290222,-0.07854,-0.022482,0.054499,0.529634
0.139043,0.200792,-0.086657,-0.147524,0.355334
0.030413,0.070774,0.024518,0.017759,0.812505
0.13798,0.166795,0.019212,0.050085,0.502373
0.031448,0.29607,0.198619,0.218184,0.138278
-0.08332,-0.108856,0.5,-0.215569,0.007474
0.253967,-0.278361,0.206097,0.161873,0.147641
0.023585,0.293289,-0.083103,0.067119,0.389257
-0.340982,-0.035562,0.176994,0.5,0.034802
0.119572,-0.190384,0.400119,0.5,0.0
-0.102813,0.259078,-0.321954,-0.171005,0.0
-0.065218,0.088749,-0.028822,0.035395,0.774358
0.011858,-0.02809,0.002109,0.061852,0.895452
0.143404,-0.15846,-0.131382,0.122832,0.325843
-0.205871,-0.042482,-0.188194,-0.395083,0.068558
-0.073869,-0.229272,0.066486,0.270495,0.292841
0.106101,-0.440909,0.097167,0.186936,0.092141
0.143086,-0.184842,0.079177,0.466514,0.0
-0.13519,0.205647,-0.283915,-0.361593,0.055283
0.5,-0.420284,0.056489,0.072503,0.0
-0.161964,0.04986,-0.328666,-0.156314,0.272814
0.02662,0.316554,0.020043,0.044542,0.411031
0.5,-0.407672,0.213065,-0.110387,0.011766
0.135747,-0.335338,0.460731,0.5,0.0
0.102061,0.041467,0.22019,0.269733,0.352895
-0.276512,-0.109797,-0.207447,-0.355812,0.00401
-0.115606,0.30441,-0.231943,-0.4154,0.064046
0.052736,-0.203351,0.086458,-0.015286,0.490812
0.069792,0.21487,0.095628,0.345701,0.170369
0.217929,0.019439,0.092142,-0.021409,0.564305
-0.255522,0.222929,-0.141572,-0.289946,0.025515
-0.317178,-0.230533,0.148556,0.5,0.0
-0.275801,0.074679,-0.217113,-0.206118,0.208049
-0.234955,0.154145,-0.106753,-0.175265,0.263861
0.047822,0.070479,0.279482,0.053821,0.500152
-0.13147,0.118574,-0.150454,-0.268251,0.203839
0.156752,-0.017205,-0.025605,-0.049149,0.740782
0.225478,-0.297791,0.401983,0.455062,0.0
0.108077,-0.312973,0.340635,0.487793,0.005838
0.062475,0.218101,0.144405,-0.174237,0.206115
0.072205,0.035439,0.057613,0.276796,0.543319
0.060672,0.350414,0.074379,0.146884,0.132465
-0.124605,0.096635,-0.212082,-0.174887,0.392383
0.29214,0.258474,-0.16832,0.060255,0.169078
-0.092177,-0.493654,0.295082,-0.001697,0.040769
0.118038,0.186662,0.033743,0.056959,0.512344
0.122409,0.130285,0.133268,0.038928,0.445315
0.123222,0.225994,0.185917,0.01813,0.383052
-0.148045,0.112209,-0.292138,-0.12293,0.287899
-0.077138,0.211654,0.084271,0.017244,0.601685
0.268826,0.203977,0.092583,0.162692,0.264963
0.044581,0.30219,0.053155,0.285994,0.162806
-0.137503,-0.02725,-0.055745,-0.253153,0.584008
0.35875,-0.416312,0.413262,0.5,0.051274
-0.300745,-0.040134,0.145493,0.052408,0.46457
-0.175394,-0.158838,-0.04906,-0.34959,0.120134
-0.254875,0.166419,-0.258218,-0.422812,0.01004
-0.121136,0.116327,-0.125181,0.011709,0.464394
-0.030898,-0.037551,0.01559,0.028402,0.986773
0.091982,0.225069,0.009742,0.293265,0.329608
-0.249177,0.021808,-0.198679,-0.162067,0.365455
-0.219046,0.02165,-0.176885,-0.184922,0.338939
-0.246107,0.04621,-0.099946,-0.311223,0.277777
-0.016847,0.134623,0.048588,-0.164193,0.674425
-0.014256,-0.108896,0.388005,0.128192,0.363291
0.063027,-0.485553,0.146476,0.210006,0.0
0.129336,0.161391,0.137316,0.118551,0.421109
-0.308263,0.249068,-0.182844,-0.209178,0.0
-0.198588,0.148748,0.4047,-0.309953,0.079918
-0.141873,0.040857,-0.19551,0.0137,0.599772
-0.211967,-0.014992,-0.094461,-0.002479,0.66814
-0.214817,-0.097593,-0.237953,0.107021,0.247008
-0.213594,-0.037088,0.290761,0.326282,0.184624
0.010291,0.077225,-0.123874,0.052556,0.710869
0.103661,-0.029224,-0.040695,0.01571,0.792727
0.037134,-0.019321,-0.015897,-0.021835,0.835516
-0.28717,-0.015348,-0.13905,-0.177522,0.355846
-0.003719,0.019135,-0.025624,0.085531,0.877202
0.168898,0.5,0.025026,0.066781,0.0
-0.142072,0.16688,-0.185125,-0.198859,0.290607
0.318605,0.246469,0.053493,0.071626,0.237693
-0.036499,-0.143304,0.050078,-0.115098,0.631569
0.100641,-0.099372,0.078261,0.095903,0.571737
-0.092944,-0.137244,-0.076329,-0.160771,0.432354
-0.222756,-0.09013,-0.133604,-0.24749,0.348466
-0.090691,-0.0397,0.270799,0.33555,0.152108
-0.032691,0.178058,0.133065,0.058064,0.462988
-0.072428,0.068996,-0.131132,-0.056939,0.655422
0.255675,0.004949,0.135639,0.109662,0.481468
-0.076202,-0.278516,0.311754,0.186788,0.001806
-0.249594,0.003627,-0.097494,-0.327414,0.316879
-0.250027,-0.150716,0.154534,-0.374593,0.089098
0.020351,0.16127,-0.073563,-0.155651,0.515366
-0.112339,0.090521,-0.033478,-0.19722,0.564312
0.110964,0.164508,0.120173,0.194696,0.340167
-0.257123,0.182502,0.004702,-0.331952,0.094616
-0.237944,0.191596,0.035606,-0.252013,0.15071
-0.156784,-0.123214,-0.356772,-0.156074,0.182075
0.052783,-0.354075,0.171692,0.140383,0.026897
0.037342,-0.407419,0.229453,0.051037,0.069724
-0.217479,0.030725,-0.181396,-0.280011,0.275336
-0.101505,0.126956,-0.104999,-0.220161,0.402086
-0.035736,-0.089803,0.012313,-0.012967,0.805949
-0.146971,-0.039096,0.032574,-0.180363,0.606652
-0.019916,0.018368,0.268555,0.344321,0.373044
-0.056099,0.085067,0.02342,-0.105704,0.701614
0.012501,0.190827,-0.070594,-0.096662,0.492609
-0.293692,0.289795,-0.2125,-0.124644,0.0
0.070717,0.039263,-0.052042,-0.097374,0.650629
0.064681,0.068646,0.187031,-0.009735,0.652438
-0.282453,0.065574,0.023352,-0.198884,0.492225
0.278638,0.100728,-0.119053,0.226059,0.296223
0.012753,0.469541,-0.003368,0.230634,0.080221
0.239754,0.157163,0.016145,0.214773,0.317614
-0.130128,-0.063446,-0.056658,0.002027,0.717571
-0.101516,-0.257288,-0.07493,-0.296926,0.081952
0.26964,-0.203394,0.191071,0.5,0.00076
-0.028156,-0.266641,0.411822,-0.074048,0.073008
-0.266232,0.200619,-0.020002,-0.248638,0.159542
0.252758,0.209467,0.07557,0.149422,0.056658
-0.219955,-0.000206,-0.228976,-0.40853,0.131259
-0.298059,-0.066286,-0.029674,-0.012132,0.597523
-0.261756,-0.076141,-0.188114,0.106162,0.32203
-0.008886,0.205562,0.273736,0.284126,0.228561
-0.248309,-0.080711,-0.162635,-0.235722,0.301374
-0.124082,0.344997,0.103036,0.222491,0.029478
0.148043,0.5,0.060327,0.077041,0.0
-0.104955,0.082799,-0.028417,-0.348891,0.376127
-0.290066,0.124946,-0.10997,-0.382762,0.011838
-0.116801,-0.161722,0.187984,-0.101875,0.376592
0.100957,0.067938,-0.338333,-0.213533,0.248651
-0.141915,-0.134175,0.439783,0.227464,0.0
0.096036,0.191513,0.000844,-0.064135,0.585884
-0.274112,0.084816,-0.07686,-0.160181,0.319365
0.5,-0.471468,-0.035271,0.065127,0.0
-0.140625,-0.366061,0.156203,-0.051731,0.153725
-0.066113,-0.134296,0.193091,0.149079,0.45531
0.127149,-0.001559,0.134646,0.060797,0.611932
-0.146645,0.122875,-0.239968,-0.217163,0.175206
0.039977,-0.031313,0.018332,-0.021071,0.926331
-0.174173,0.014987,-0.152295,-0.378359,0.226311
-0.109034,-0.176919,-0.315805,-0.336315,0.016862
-0.095606,0.05363,-0.287551,-0.025011,0.533558
-0.057918,0.436267,-0.047501,0.165337,0.060882
-0.418954,-0.273403,0.416987,0.031595,0.0
-0.274154,0.120926,-0.205939,-0.058337,0.275352
-0.378795,-0.5,0.027957,0.07435,0.039257
0.037047,-0.073661,-0.03683,0.279091,0.533205
0.177402,-0.435201,-0.028427,-0.168372,0.0
-0.289531,-0.5,0.217677,0.060857,0.031376
0.410775,-0.242333,0.155457,0.456564,0.009641
-0.049588,-0.324913,0.5,0.139999,0.06335
-0.339553,-0.359916,0.489668,0.229394,0.008437
-0.242848,-0.100679,-0.27608,-0.326046,0.025765
-0.207968,0.086889,-0.120544,-0.317447,0.222219
-0.048051,-0.238022,0.082439,0.068892,0.396593
0.024633,-0.034996,0.003969,-0.016584,0.885702
0.190285,0.37004,-0.045632,0.150741,0.155527
-0.037981,-0.029337,0.094581,-0.044642,0.723257
0.106308,0.339164,0.014511,0.065578,0.352376
0.19632,-0.088459,0.250876,0.361934,0.085647
-0.079674,-0.206195,-0.124204,-0.139908,0.34719
0.092112,0.194248,0.015937,0.032303,0.572878
0.064091,0.090038,0.009722,0.230021,0.582149
0.067474,0.265441,-0.077842,-0.020583,0.334139
-0.092566,0.00293,-0.105375,-0.220981,0.537329
-0.054236,0.065947,-0.015263,0.018191,0.86038
0.189471,0.063279,0.141971,-0.111717,0.523786
-0.186281,0.127851,-0.248692,-0.352158,0.083428
-0.045675,0.5,-0.075026,-0.096566,0.021026
0.151243,0.047979,0.5,0.01017,0.258853
-0.342195,-0.05198,0.163328,0.20419,0.198379
-0.059186,-0.046144,-0.067872,0.008129,0.872774
-0.175344,0.072771,-0.128849,-0.145711,0.39126
-0.136811,-0.069154,0.008645,-0.04704,0.669849
0.271349,0.209827,0.139798,0.083638,0.204182
-0.008493,-0.04595,0.059866,-0.062277,0.827468
-0.131558,-0.25572,0.5,0.110017,0.0
-0.022081,0.179085,-0.176428,-0.255208,0.258324
0.150735,-0.354586,-0.214275,0.28946,0.0
-0.046581,-0.0388,-0.072392,0.063634,0.716421
-0.298888,0.140699,-0.103434,-0.11717,0.284605
-0.5,-0.264029,0.126028,0.115531,0.017986
-0.149845,-0.037358,-0.049709,-0.153053,0.581625
-0.216825,0.017875,-0.216946,-0.120848,0.532079
0.017747,0.045841,0.017175,0.035485,0.96895
0.149694,0.175137,-0.000554,0.229751,0.416496
-0.065051,0.112157,0.021247,-0.031151,0.747015
-0.218319,0.119155,-0.093836,-0.29898,0.216462
-0.228124,-0.00652,-0.075215,-0.38736,0.361402
-0.014657,-0.022352,-0.009822,0.063969,0.849736
0.002908,0.375013,-0.038119,0.384819,0.004231
0.137879,-0.095139,0.5,0.151187,0.082899
0.008331,0.270173,0.187957,0.114095,0.311964
0.096189,0.338077,0.134808,0.12368,0.158057
0.009111,0.008204,0.030429,0.10762,0.810231
0.06111,0.281323,0.035877,0.025257,0.46667
0.167061,0.288908,0.028592,-0.032739,0.336434
-0.074583,-0.004356,0.004632,0.255076,0.558185
-0.203977,-0.080358,-0.196207,-0.2247,0.279629
0.295698,0.062679,0.015276,0.111985,0.527493
0.034025,0.221112,0.143118,-0.080831,0.415212
0.064145,-0.009134,0.009498,0.121516,0.744826
0.101711,0.136015,-0.187991,0.442071,0.016564
0.5,-0.219759,0.126049,0.393315,0.0
-0.19965,0.043035,-0.010156,-0.079735,0.650816
-0.092392,-0.360355,0.251626,0.04652,0.0
-0.286241,0.040552,-0.108918,-0.188865,0.409002
0.174225,0.11419,0.01559,0.108922,0.527057
0.062544,0.017804,0.0775,0.088824,0.768532
-0.192504,0.113861,-0.144707,-0.293872,0.19591
0.126776,0.270086,0.066203,0.002492,0.347264
0.032704,0.008321,0.017283,-0.011596,0.854515
0.166233,0.086199,0.125303,0.123036,0.382886
-0.21557,0.276726,0.025198,-0.5,0.022794
-0.01456,-0.16104,0.105739,0.281663,0.34331
-0.042873,-0.30447,0.068265,0.051254,0.366636
0.027693,-0.025092,0.159403,0.233042,0.598623
0.184495,-0.1548,0.251225,0.49841,0.003575
0.18501,0.098114,0.106747,-0.076707,0.476991
-0.076619,0.066072,-0.181325,-0.259555,0.365146
0.008305,-0.033346,0.005163,0.0095,0.946038
-0.185595,-0.017647,-0.211511,-0.088673,0.526337
-0.09892,-0.358025,0.173643,0.072683,0.164208
-0.270103,0.260973,-0.203567,0.047625,0.114123
-0.015499,0.318452,0.221085,0.080852,0.170441
0.019646,-0.5,0.278327,0.5,0.0
-0.215753,0.050884,-0.27652,-0.122693,0.288047
-0.24121,0.061318,-0.153898,-0.206884,0.212365
0.049039,-0.173636,0.5,0.384102,0.02885
-0.063506,-0.087427,-0.132479,-0.183359,0.559599
-0.418127,-0.018574,-0.049003,-0.334691,0.178629
-0.25655,0.001387,-0.179663,-0.040976,0.589096
0.020452,0.470641,0.152096,0.116202,0.017881
-0.316833,0.10427,0.132583,-0.349886,0.068638
0.238543,-0.255695,0.47129,-0.133114,0.017144
0.216903,-0.347553,0.322823,-0.158696,0.0
-0.172787,-0.047036,-0.077283,-0.165932,0.404304
-0.222697,-0.451162,0.441592,-0.054425,0.031224
0.266416,0.252591,-0.092642,0.186032,0.117578
-0.053782,-0.072528,0.091074,0.036924,0.723652
-0.379081,0.078851,-0.001205,-0.399353,0.113444
-0.127329,-0.087713,0.203049,0.365801,0.152524
-0.189618,-0.279474,-0.299855,-0.425094,0.005016
0.205271,-0.237372,0.231236,0.220753,0.019219
0.020599,-0.431052,-0.0005,-0.034254,0.247714
0.202019,0.140956,0.028952,0.299676,0.199023
-0.083059,0.044942,-0.195725,-0.189229,0.457172
-0.324931,-0.324261,0.283238,-0.5,0.064671
-0.212111,-0.336312,0.056395,0.214931,0.0
-0.263518,-0.141031,0.387509,0.069814,0.04928
-0.232059,0.006841,-0.147759,-0.2214,0.402104
-0.035233,-0.016687,-0.016572,0.062186,0.843245
0.273997,0.118105,0.184724,0.36116,0.13104
0.116101,0.275792,-0.027696,0.001957,0.460571
0.233465,0.077135,0.170182,0.040758,0.438282
-0.063046,-0.051516,-0.054549,-0.066414,0.760504
-0.012297,-0.003517,0.336138,0.353274,0.273104
0.11441,-0.004526,0.006203,0.193559,0.58599
-0.094279,-0.044237,-0.213727,-0.351676,0.294424
-0.030457,-0.357296,0.301943,0.284822,0.076484
-0.292795,0.016569,-0.203082,-0.371013,0.057428
-0.127077,-0.300239,0.211534,0.165715,0.019624
0.03755,0.31592,0.081904,0.350158,0.057176
0.010531,-0.277931,-0.03813,0.086053,0.327505
0.058943,-0.196751,0.196272,0.292084,0.211894
-0.177555,-0.017311,-0.173308,-0.278683,0.385324
-0.017607,0.355621,0.075111,0.029932,0.325609
-0.22694,-0.048192,-0.046401,-0.112321,0.57618
-0.050897,0.201774,-0.291199,-0.005155,0.323656
-0.129134,0.002265,-0.106102,-0.183076,0.542136
-0.207387,0.052289,0.327541,0.005496,0.386077
0.341794,-0.339307,0.108691,0.102378,0.018759
-0.340819,-0.023273,-0.217605,-0.173599,0.302432
0.267442,0.134834,0.318614,-0.181302,0.0
-0.075447,-0.176357,-0.081149,-0.363652,0.274727
-0.148649,0.215945,-0.254957,-0.187039,0.0996
-0.273789,-0.221582,-0.000354,-0.177721,0.22162
-0.202878,-0.069851,-0.206294,0.031157,0.435082
-0.262189,-0.00035,-0.280023,-0.201177,0.20247
0.093676,0.132204,0.106369,0.192765,0.434843
-0.312254,0.080281,-0.124324,-0.385814,0.033395
0.044659,0.327771,0.055774,-0.033198,0.400738
-0.085522,-0.028322,0.020242,0.009403,0.802006
0.27047,-0.296503,0.083335,0.192036,0.019914
-0.195965,-0.318764,-0.137583,-0.37296,0.00457
-0.219118,-0.074569,0.480105,0.263677,0.047632
-0.054094,0.382256,0.220286,0.019547,0.106136
-0.322176,-0.043654,-0.177923,-0.159842,0.303
0.021036,0.180251,0.022751,0.269487,0.414637
-0.147885,-0.163146,0.263765,0.307872,0.042601
0.129473,-0.176559,0.351561,0.145128,0.084143
0.5,-0.079318,0.466611,0.127735,0.0
0.0818,-0.396318,0.5,0.09034,0.0
0.184523,-0.260909,0.108188,0.229038,0.136456
0.21903,-0.300271,0.5,0.037772,0.0
-0.270211,0.22272,-0.066887,-0.032824,0.293546
-0.210448,0.034024,-0.144152,-0.395903,0.232908
-0.226843,0.057917,-0.270077,-0.275069,0.175609
-0.269473,-0.051176,-0.21311,-0.226114,0.234778
0.270836,-0.129186,0.434393,0.5,0.0
0.233147,0.095957,0.028616,0.240575,0.362276
0.11001,0.1408,-0.02298,0.191523,0.406713
-0.14554,0.04828,-0.169064,-0.280953,0.335182
0.404905,-0.039349,0.384203,0.29958,0.0
-0.029831,-0.114418,0.039964,0.060913,0.651694
-0.126931,-0.088362,-0.134683,-0.404739,0.198062
0.063528,-0.041554,-0.042553,-0.020485,0.813681
-0.172476,0.018257,0.342669,0.045413,0.477216
-0.213733,0.044923,-0.100068,-0.276295,0.376605
-0.044181,-0.026099,0.051672,0.100225,0.752284
0.126938,0.156626,0.2779,0.112277,0.195402
0.076968,0.455084,0.000788,0.218731,0.023113
-0.082618,0.188101,-0.201524,-0.074185,0.385482
-0.28235,-0.027472,-0.124748,-0.151646,0.309818
-0.025477,-0.017136,-0.163527,-0.156104,0.675579
0.234414,0.205539,0.095713,0.21619,0.153184
-0.053238,0.191747,-0.119342,-0.019287,0.575046
0.126096,-0.457834,0.144597,0.047221,0.0
-0.256632,-0.038821,-0.116898,-0.127591,0.545826
-0.215152,0.047541,-0.106336,-0.198248,0.376556
0.334217,-0.246232,-0.014293,-0.013036,0.212453
0.103813,0.288048,-0.152866,0.100953,0.156773
0.099351,0.270327,0.083291,0.048327,0.315718
-0.327081,-0.076334,-0.085527,-0.217462,0.215129
-0.055506,-0.10328,0.273127,0.216508,0.307264
0.134066,0.306005,0.183024,0.156365,0.11113
-0.031677,-0.023908,-0.015682,-0.07201,0.809548
0.030803,0.079324,0.024676,0.246361,0.541881
-0.030988,0.030108,-0.304992,-0.392621,0.310894
-0.163725,-0.028249,-0.022303,-0.057357,0.72723
-0.221034,-0.001515,-0.111265,-0.177715,0.473033
0.06726,-0.250018,0.190763,0.451708,0.0
-0.04775,0.067536,-0.120958,0.006207,0.749439
-0.196693,-0.081447,-0.127877,-0.229677,0.338818
0.440943,-0.035278,0.066327,0.5,0.0
-0.061227,0.036565,-0.14919,-0.045947,0.757741
0.077257,0.144316,0.098921,0.054173,0.490306
0.293288,-0.392723,0.108036,0.153982,0.034239
-0.013522,0.153128,0.04361,-0.282248,0.463681
-0.214279,0.062157,-0.079121,-0.359732,0.215175
-0.326575,-0.029142,0.069721,0.125519,0.417654
-0.267656,0.216972,-0.172491,-0.29076,0.017442
-0.013159,0.26233,0.178242,0.194462,0.155637
-0.299437,0.052698,-0.198796,-0.138535,0.348767
0.02652,0.171571,-0.130473,0.063743,0.493004
-0.056212,0.021754,-0.120015,-0.004337,0.844466
-0.232843,-0.00551,-0.159185,-0.125641,0.44482
-0.180112,0.132206,0.024535,-0.084225,0.526726
-0.106819,0.04284,-0.23223,0.075221,0.522975
0.154051,0.276131,0.03175,0.129864,0.251263
-0.008097,0.241543,-0.112641,-0.036908,0.495998
0.273228,-0.123469,0.387715,-0.134678,0.0
-0.383973,-0.152811,-0.270313,0.177215,0.032858
-0.049163,0.060789,-0.108478,0.01137,0.772432
-0.113441,0.011571,-0.331709,-0.20834,0.280973
-0.134603,-0.066378,-0.081325,-0.168784,0.434836
-0.148592,0.182859,-0.244725,-0.197073,0.064671
-0.056802,0.169492,-0.168934,-0.344648,0.19675
-0.052555,0.043511,-0.205603,-0.133311,0.532736
-0.129018,0.074404,-0.21977,-0.081453,0.494769
-0.284504,0.092188,-0.001771,-0.349858,0.261524
0.04276,0.094608,-0.057086,0.06954,0.737788
-0.083483,0.012327,-0.080363,-0.321217,0.528984
-0.002837,0.323096,-0.039854,0.094514,0.291583
-0.307186,0.076847,-0.269644,-0.0648,0.307657
-0.06806,0.255371,-0.145648,-0.234334,0.193056
0.178266,0.175586,0.15299,0.097748,0.410559
-0.008515,0.086639,0.125768,0.053926,0.831608
-0.085917,-0.14761,0.413952,0.381129,0.006572
-0.280409,-0.422645,0.143372,-0.023946,0.0
-0.088369,0.066515,-0.206872,-0.404533,0.23926
0.45226,-0.175923,0.5,0.253222,0.009024
-0.060148,0.104624,-0.157897,-0.209589,0.372778
-0.33889,-0.047715,-0.114346,-0.278982,0.189269
0.152649,-0.383038,0.425292,0.274426,0.017578
0.107583,-0.070592,-0.073783,-0.047478,0.698707
-0.252434,0.031037,-0.035692,0.061664,0.593721
0.136762,-0.21527,0.377611,-0.003738,0.179195
-0.046293,-0.040765,-0.042872,-0.038743,0.797413
-0.114211,0.157085,-0.23791,-0.416983,0.033642
-0.113747,0.151518,-0.139835,-0.214867,0.348335
0.055977,-0.124557,-0.108189,-0.323471,0.32507
0.046064,0.14163,0.063259,0.166217,0.476145
0.113497,-0.230777,-0.094008,0.285153,0.231557
-0.283658,0.017885,-0.22245,0.015311,0.423338
-0.134334,-0.054709,0.027574,0.139734,0.595218
0.1401,0.139972,0.1123,-0.164748,0.3916
-0.197637,0.092555,-0.247542,-0.333047,0.11189
-0.046085,0.043871,0.004777,-0.043766,0.775797
0.064651,0.235778,0.013103,-0.019388,0.576621
-0.141523,0.006088,-0.047768,-0.082278,0.652441
-0.005754,0.305678,-0.120989,0.04402,0.341736
0.08079,-0.291432,0.188353,0.301656,0.027123
0.23647,-0.080447,0.142888,0.144535,0.316551
-0.061677,0.130728,-0.088072,0.242295,0.410004
0.5,-0.424402,0.259688,0.184983,0.004041
-0.195863,0.00249,-0.110774,-0.266822,0.370075
-0.265553,0.130521,-0.19738,-0.248023,0.070777
0.110361,0.221721,0.076857,0.163952,0.395705
-0.189529,0.143283,-0.011969,-0.184037,0.475233
-0.243182,0.072346,-0.136157,-0.278734,0.154049
0.050893,0.078252,-0.120369,0.186441,0.553293
-0.124908,-0.06803,-0.224955,-0.298928,0.31549
-0.02273,0.197619,0.14518,-0.053479,0.468926
-0.048191,0.27248,-0.00731,0.005207,0.499918
-0.01341,0.299443,0.230951,0.061993,0.273335
-0.169906,0.044122,-0.261364,-0.28168,0.159857
-0.099867,0.240491,-0.043719,0.102356,0.2932
-0.294916,0.070701,-0.051401,-0.120344,0.381268
-0.113343,0.023205,-0.268176,-0.20597,0.385486
0.113653,-0.302375,0.122693,0.034789,0.226822
0.192293,-0.301015,0.405349,-0.027008,0.06219
0.148181,-0.282769,0.312649,-0.137067,0.008035
0.151693,-0.152693,-0.087797,0.124617,0.365663
0.217933,-0.191915,0.272511,0.115635,0.066369
0.210924,0.343019,0.013672,0.104624,0.132664
0.060397,-0.229242,0.449817,0.298309,0.0
-0.019406,0.281599,-0.012876,0.296587,0.228323
0.202213,0.102249,0.058836,-0.091652,0.522723
-0.217969,0.085005,-0.356868,-0.323667,0.014361
-0.033764,-0.021904,-0.332993,0.025862,0.56869
-0.017591,-0.06736,0.034041,-0.030591,0.776045
0.113805,0.222616,0.029581,-0.078641,0.4701
0.165667,0.222379,0.256318,0.00735,0.171314
-0.131602,0.102616,-0.177339,-0.151485,0.352091
0.465367,-0.363213,0.266773,0.421795,0.003576
0.076542,0.308408,-0.074655,0.148224,0.304977
-0.158914,-0.071981,-0.037063,-0.229558,0.496208
0.083798,0.309783,0.035154,-0.063631,0.471017
-0.162741,-0.011305,-0.27378,-0.168679,0.395577
0.5,-0.321984,0.314674,-0.088572,0.0
-0.098124,-0.012261,-0.200322,-0.199501,0.515339
0.5,-0.363411,0.195557,0.378954,0.0
-0.275531,0.025457,-0.112618,-0.242591,0.328279
-0.289374,0.0209,0.038451,-0.303665,0.390577
-0.216305,0.059343,-0.027587,-0.250049,0.482784
-0.220199,0.275705,-0.158843,-0.169503,0.024407
-0.429296,-0.15815,0.064166,0.107203,0.157515
-0.5,-0.285535,0.5,-0.198296,0.042504
-0.028221,0.146469,1.3e-05,0.012479,0.713762
0.012724,0.030767,0.042917,0.044007,0.873685
-0.077367,0.276623,0.057873,0.019721,0.412583
-0.134558,-0.005649,-0.167986,0.007661,0.630255
0.122453,0.01689,-0.128685,0.029443,0.74319
0.050232,-0.361205,0.245194,-0.005707,0.18009
-0.126197,-0.001853,-0.245019,-0.179324,0.463498
0.01446,-0.051098,-0.27091,-0.273488,0.340631
-0.180712,0.156008,-0.138234,-0.223856,0.295632
-0.035066,0.183002,-0.169577,-0.27427,0.332809
0.097141,0.214647,-0.059229,0.010066,0.475293
0.024233,-0.020936,0.042469,-0.065235,0.755921
-0.22854,0.133545,-0.096098,-0.267477,0.112047
0.291795,-0.489762,0.267693,0.155398,0.025499
0.268842,-0.181004,-0.01389,-0.157346,0.269999
0.038736,0.088576,-0.118827,0.154747,0.504332
-0.27694,-0.01804,-0.234832,-0.347306,0.088168
-0.343973,-0.131711,0.088703,-0.263993,0.103113
0.091911,0.225339,-0.057461,0.280293,0.253209
-0.229322,0.301701,-0.070528,-0.318083,0.0
0.199501,-0.176326,0.5,0.216523,0.0
0.196829,-0.020416,0.02555,0.196245,0.566935
-0.034719,0.330741,-0.031919,0.027809,0.421469
-0.012136,0.165995,0.036821,0.174411,0.605246
0.270169,0.102916,0.06013,-0.160753,0.39238
0.263132,0.054928,-0.032018,-0.090636,0.530415
0.29694,-0.179968,0.5,0.022383,0.0
-0.028449,0.263999,0.09922,0.138578,0.370632
-0.261089,0.120877,-0.223728,-0.121222,0.282229
0.052589,-0.001577,-0.107343,0.125254,0.760086
0.374834,-0.087718,0.386518,0.157059,0.065938
-0.02917,0.25654,0.08661,0.05731,0.469974
0.02615,0.065836,0.5,0.159462,0.322369
0.039038,0.260021,0.20847,0.164164,0.179573
-0.069003,-0.141691,-0.163231,-0.320689,0.23198
-0.087314,0.140373,-0.214966,-0.06934,0.416121
0.106981,0.249257,0.028834,0.159806,0.278484
0.095652,0.308165,0.074469,0.006432,0.394974
-0.365631,0.033331,-0.097225,-0.101243,0.410946
0.1861,0.379755,-0.014006,0.123246,0.040089
-0.234378,0.156002,-0.040811,-0.201142,0.358504
-0.211517,0.147452,-0.140007,-0.097503,0.318048
0.020275,0.341039,0.005962,0.281221,0.242829
0.045083,0.118161,0.157454,-0.022152,0.512045
-0.176999,-0.002876,-0.264704,-0.280146,0.20852
0.025692,0.072177,-0.030032,-0.190797,0.619026
0.187821,-0.126988,0.02254,-0.074423,0.512431
-0.179468,-0.110327,0.162617,-0.148247,0.304556
-0.025882,-0.220854,0.312888,0.109791,0.309485
0.013983,0.215598,-0.039708,0.251332,0.339159
0.023997,-0.023562,-0.007467,-0.035996,0.823906
0.285078,-0.308174,0.089898,0.242247,0.0286
-0.204262,0.090875,-0.332087,-0.216264,0.0
-0.080683,0.103903,0.241659,0.34734,0.237728
0.188879,-0.082234,0.22558,0.349166,0.110106
-0.126322,0.168724,0.125268,0.13032,0.335109
-0.118324,0.214365,-0.077694,0.048016,0.445393
0.127924,0.022519,-0.053899,0.221564,0.551764
-0.244906,0.2411,-0.117096,-0.309746,0.050259
0.190721,0.098292,-0.018018,-0.041499,0.527265
0.18681,0.292814,0.219083,0.178091,0.0
-0.12923,-0.221836,0.5,-0.011118,0.0
0.074701,0.367226,0.16222,-0.036589,0.14171
0.400977,0.082683,-0.011827,0.214588,0.238437
-0.248837,0.030846,-0.149671,-0.134962,0.393784
0.040649,0.262069,0.152886,0.029619,0.334856
-0.087529,-0.246137,0.447794,0.204355,0.005846
0.152454,-0.453361,0.317619,0.232256,0.0
-0.265216,-0.14719,-0.250163,-0.293178,0.069371
0.134708,0.155182,0.057154,0.2267,0.347262
0.212399,0.243151,0.112959,0.030615,0.308153
-0.341696,0.003463,-0.138445,-0.377381,0.10433
-0.001187,0.079357,-0.079619,0.151353,0.672655
-0.298876,0.013483,-0.01795,-0.182956,0.542244
-0.31091,0.196928,-0.099074,-0.396678,0.0
0.140065,-0.444224,0.474702,-0.009795,0.007181
0.094921,0.215191,-0.046459,-0.062892,0.459061
-0.080446,0.144033,-0.245937,-0.183972,0.293356
-0.063025,0.045433,-0.289907,-0.191647,0.423148
-0.3763,-0.184761,0.16874,0.181951,0.049465
0.097533,0.30961,0.20699,0.094663,0.208213
0.218267,0.176166,0.115232,-0.019308,0.325379
0.248409,-0.000845,0.030637,0.307776,0.369216
-0.045713,0.03289,0.01007,0.054477,0.971989
-0.406041,0.003623,-0.036578,-0.156346,0.397227
0.12691,0.238095,0.228327,0.12397,0.232582
-0.134066,-0.36876,0.395673,0.307535,0.0
-0.108227,0.099669,-0.022325,-0.323359,0.354439
0.058386,0.247284,-0.096653,0.003897,0.452121
-0.173242,0.057322,-0.0497,-0.181943,0.4567
0.153444,0.053009,0.213528,0.120931,0.42907
-0.004068,-0.073452,0.070087,0.013031,0.727509
-0.223134,0.241127,-0.204879,-0.285649,0.004673
-0.180757,0.059784,-0.274532,-0.374367,0.146884
-0.113167,0.147094,-0.34858,-0.226474,0.104375
-0.271771,-0.114066,-0.144403,-0.118712,0.354718
-0.063073,0.142013,-0.14262,-0.271674,0.257235
-0.161869,0.135865,-0.266832,-0.103312,0.354928
0.111386,0.086639,0.000989,-0.441005,0.354179
-0.18551,-0.101137,-0.062905,-0.207218,0.370797
-0.175737,0.088817,-0.058875,0.118275,0.437213
-0.200645,0.027423,-0.209537,-0.152017,0.423469
0.184292,0.06904,0.083112,-0.128238,0.547956
-0.239415,-0.027134,-0.201575,-0.145874,0.408949
-0.024874,0.188146,0.16073,0.036127,0.435373
0.048086,0.209896,0.038477,0.277774,0.266034
0.311575,-0.211681,0.456633,0.092151,0.0
-0.065062,-0.066274,-0.188873,-0.17286,0.377458
0.018423,0.322702,-0.000828,-0.016783,0.444524
0.1171,-0.282799,0.237433,0.205383,0.025416
0.170813,-0.1468,0.367747,0.367654,0.0
0.158206,0.025156,0.146136,0.143856,0.572142
0.415662,-0.422896,0.117538,0.455288,0.0
-0.390995,0.019609,-0.070619,-0.150773,0.382308
-0.183786,-0.193825,0.219172,0.089985,0.22674
0.0316,-0.050583,0.395498,0.072921,0.395836
-0.045621,0.038475,0.080761,0.172962,0.669089
0.148558,0.127728,0.039312,-0.01571,0.531483
0.019231,-0.205033,0.295484,0.258346,0.063222
-0.031764,-0.302955,0.131642,0.023983,0.414901
-0.150607,-0.204035,0.439286,0.273011,0.058011
-0.34615,0.119226,-0.27873,-0.228715,0.010808
-0.225944,-0.30505,0.374804,0.014981,0.0
-0.145122,0.020374,-0.200952,-0.297378,0.317564
-0.109865,0.034557,-0.173748,-0.177425,0.484978
-0.5,-0.193022,0.385638,-0.075841,0.0
0.119912,0.107043,-0.031363,0.312851,0.213226
-0.148525,-0.054366,0.05652,-0.003098,0.675774
-0.091087,0.215879,-0.282963,-0.114679,0.133889
-0.058748,-0.024521,-0.086446,-0.313879,0.521273
-0.168853,-0.003092,0.006322,0.441496,0.317424
-0.253574,0.249931,0.5,-0.316439,0.016692
0.035535,0.318783,-0.167696,0.062765,0.262795
-0.097625,-0.057128,-0.139878,-0.134447,0.50404
-0.321277,0.241643,-0.017223,-0.284662,0.024183
-0.012888,-0.019906,-0.256143,-0.176679,0.595363
0.0296,-0.055795,-0.280337,-0.240387,0.268641
-0.057062,0.1863,-0.196255,-0.258986,0.232209
-0.340881,0.228263,-0.314036,-0.062319,0.0
-0.055516,0.058353,0.054308,-0.073997,0.702803
-0.000563,-0.017665,-0.194836,-0.182604,0.643242
0.017223,0.320373,0.126538,0.091888,0.306537
-0.290162,-0.049597,-0.12323,-0.340312,0.177879
-0.183074,-0.090236,-0.046983,-0.275114,0.324738
-0.182342,0.13356,-0.032993,-0.136173,0.447932
0.22082,-0.307894,0.285057,0.157494,0.075452
-0.161253,-0.174351,0.397183,0.138065,0.082777
0.077954,0.211289,-0.108523,-0.030036,0.528696
-0.39292,0.341297,-0.313533,-0.070452,0.092771
-0.267964,-0.176845,-0.161781,-0.485856,0.010291
-0.369505,0.033656,-0.066121,-0.31812,0.12305
0.359195,0.307362,-0.070337,0.054435,0.039021
-0.075436,0.21934,-0.007061,-0.280334,0.302674
-0.023415,0.018271,-0.041404,0.071388,0.794205
-0.165268,-0.053845,-0.026685,-0.25977,0.354973
-0.246551,0.046237,-0.074351,-0.161952,0.415605
-0.018677,-0.08076,-0.031347,-0.005511,0.819317
-0.159769,0.033533,-0.120668,-0.330984,0.355574
-0.083734,0.04,-0.168013,-0.01031,0.736196
0.081007,-0.386519,0.5,0.162505,0.0
-0.027872,0.246744,0.123271,-0.055712,0.418046
0.137018,0.079595,0.038013,-0.096712,0.61038
0.155142,-0.239477,0.275044,0.135557,0.047472
0.186119,0.173946,0.440164,0.116177,0.0
0.088092,0.26122,-0.133415,0.163989,0.217948
-0.013344,0.349355,0.26912,-0.004248,0.183443
-0.184495,-0.096175,0.045959,0.214724,0.427047
-0.083601,-0.090788,0.380926,0.229643,0.209931
-0.307794,-0.078509,-0.101479,-0.326322,0.162742
-0.193003,0.066251,-0.113895,-0.403511,0.235873
-0.055804,-0.07265,-0.154752,-0.204809,0.530065
0.138702,-0.131204,0.293508,0.371929,0.067206
-0.130657,-0.282265,-0.044229,-0.284088,0.165001
-0.273026,0.117769,0.085231,-0.250933,0.21817
-0.05973,0.062415,-0.050321,-0.15174,0.584876
0.012095,0.07401,-0.048783,0.026983,0.819847
-0.0938,0.011129,-0.216262,-0.179119,0.524986
0.468526,-0.066605,0.430997,0.44481,0.0
0.132243,0.350935,0.261687,0.290249,0.0
0.210956,0.153083,0.182803,-0.025791,0.324736
-0.129662,-0.18917,0.183058,0.5,0.0
-0.090373,0.09775,-0.01599,0.049033,0.711499
-0.098322,0.243694,-0.134713,-0.037874,0.380255
0.001643,-0.000922,-0.030825,-0.003733,1.0
-0.013776,-0.017068,0.055091,0.006027,0.860971
-0.196884,-0.015087,-0.284884,-0.167293,0.417405
-0.290014,0.079309,-0.136826,-0.066196,0.462835
-0.235957,-0.06005,-0.153732,-0.232049,0.317085
-0.086843,-0.086511,-0.153154,-0.198943,0.371278
0.118176,0.003314,-0.005721,0.112376,0.855509
0.037054,-0.253631,0.148406,0.361487,0.143903
-0.112992,-0.148183,-0.101606,-0.1187,0.463156
-0.075787,-0.021419,-0.058032,0.02913,0.843325
-0.060969,0.113362,-0.106717,-0.312845,0.347189
-0.035919,-0.080222,-0.0687,-0.234178,0.502402
-0.050443,-0.006172,-0.024015,-0.028701,0.908438
-0.078454,-0.04114,-0.088439,-0.031914,0.783354
0.260155,0.227572,0.082884,0.123223,0.196417
0.08223,0.04365,-0.007833,0.207448,0.554001
-0.266534,-0.090573,-0.23903,-0.098323,0.333539
-0.289734,0.054387,-0.232755,-0.134296,0.334965
-0.139825,0.135468,0.00413,-0.274578,0.387119
-0.012158,-0.158095,-0.012728,0.026729,0.780832
-0.245637,0.184053,-0.077676,-0.034467,0.305906
0.088331,0.256346,0.007175,0.179703,0.319321
0.108331,-0.264375,0.347817,0.349316,0.084517
-0.022408,0.021572,-0.162682,-0.254997,0.589904
0.470228,-0.217332,0.272152,0.120003,0.0
0.069571,0.205448,0.042651,0.40576,0.08749
-0.347468,0.095128,-0.223573,-0.215266,0.115617
0.314279,-0.02304,0.368311,0.164402,0.118144
0.018327,0.152589,-0.009519,0.156236,0.642342
-0.284784,-0.119273,-0.329527,-0.214557,0.015841
-0.001101,0.025624,0.083835,0.072423,0.793869
-0.223363,0.019002,-0.122443,-0.187968,0.519008
-0.196376,0.018319,-0.153405,-0.328376,0.313138
0.063177,0.225325,0.128312,0.226524,0.226706
-0.298468,0.1322,-0.170637,-0.203197,0.091465
-0.086489,0.115921,-0.213809,-0.310204,0.192636
0.009778,0.027419,-0.046159,0.068243,0.78971
-0.277015,-0.076749,-0.203897,-0.391671,0.120779
0.35849,-0.110739,0.5,0.008547,0.048463
0.101121,0.346219,-0.080232,0.032889,0.291435
0.264493,-0.447754,0.214242,0.127323,0.023879
-0.057827,0.067548,-0.234517,-0.275343,0.287724
0.170678,0.359703,0.081812,0.371537,0.0
0.205011,0.128521,0.13406,-0.047199,0.504845
0.001979,-0.076381,0.199045,0.15036,0.553619
0.035177,0.040425,-0.085346,-0.068359,0.79791
-0.382114,-0.5,0.5,-0.022293,0.0
-0.006769,-0.235366,-0.149163,-0.183263,0.358496
-0.246624,-0.108672,-0.082076,-0.5,0.072319
-0.283147,-0.230838,0.328883,0.155196,0.0
0.167588,-0.228377,0.261823,-0.044025,0.203509
-0.040391,0.161036,-0.155741,-0.240277,0.348926
-0.268343,0.030091,-0.281911,-0.121421,0.323821
-0.210487,-0.06204,-0.188763,-0.149658,0.399977
-0.338131,-0.230409,0.057802,-0.170199,0.020003
-0.034193,-8.5e-05,-0.087184,0.151847,0.702773
-0.184872,0.019122,-0.185196,-0.045426,0.635434
-0.002739,0.007593,-0.038803,0.020512,0.971882
-0.051156,0.011206,-0.167807,-0.244991,0.520084
-0.0046,-0.002082,-0.049702,0.009543,1.0
-0.105023,0.005694,-0.085075,-0.416325,0.323987
-0.226344,-0.012985,-0.248076,0.053684,0.448752
-0.28529,0.050032,-0.098083,0.003304,0.516946
-0.113862,0.045595,-0.15167,-0.114033,0.583702
0.5,0.130582,0.120987,0.09364,0.050034
-0.260628,0.071715,-0.0776,-0.32432,0.192302
-0.068634,0.181852,-0.180012,-0.048437,0.507879
-0.122664,-0.137863,-0.253441,-0.285184,0.155815
-0.037815,0.48524,0.189006,0.292559,0.0
0.195984,0.242081,0.145165,0.010453,0.270755
-0.028106,-0.032147,0.055635,-0.022184,0.889667
-0.261297,0.117354,-0.023913,-0.054634,0.505693
0.094672,0.175599,-0.004864,0.094926,0.627654
0.08317,0.189882,0.119038,0.133977,0.37078
-0.256722,-0.007773,-0.119713,-0.324486,0.25322
-0.11735,-0.156579,0.303543,0.5,0.044468
0.341523,-0.259106,0.356388,0.40812,0.0
-0.042103,-0.276799,0.5,0.374882,0.09125
-0.305165,-0.033042,-0.228502,-0.263348,0.171629
-0.035217,0.361788,0.136426,-0.035635,0.18731
0.004062,0.148437,0.104783,-0.050353,0.695156
-0.334926,-0.118249,-0.052432,-0.19898,0.265953
0.087176,0.075438,-0.270316,-0.169356,0.354206
0.054976,-0.06015,-0.100467,-0.136479,0.632068
-0.196955,0.02437,-0.162224,-0.032356,0.543209
0.046915,0.130307,0.140752,0.318194,0.298018
0.009234,0.05126,-0.026412,0.002402,0.922689
0.238935,-0.136843,0.220665,0.203461,0.175339
0.030324,-0.115362,-0.058985,-0.225245,0.418578
0.009758,0.280697,0.017381,-0.010672,0.486433
-0.197783,0.083849,-0.080464,-0.357987,0.336047
0.5,0.25071,0.033484,-0.189484,0.0
0.102967,0.278761,-0.033178,0.319023,0.15295
0.195857,0.187718,0.000928,0.012735,0.561497
-0.278686,-0.170381,-0.018833,-0.157805,0.300113
0.162529,-0.5,0.098395,-0.120752,0.0
-0.007831,-0.139447,-0.035186,-0.000991,0.672955
-0.231256,-0.312423,-0.368235,0.343769,0.0
-0.060886,0.004606,-0.078804,-0.042334,0.728968
-0.320516,-0.065897,-0.096838,-0.189754,0.301028
0.001653,0.024149,-0.122345,-0.038491,0.674718
-0.190349,0.099662,-0.103108,0.021766,0.483297
0.080093,0.36506,0.076394,-0.066975,0.103129
-0.265718,-0.223443,-0.458281,-0.170844,0.05907
0.368381,-0.423365,0.208277,0.050476,0.0
0.240037,-0.170293,0.5,0.178522,0.077622
0.175131,0.153059,0.069102,-0.080967,0.455463
0.145922,-0.067808,0.225462,0.12382,0.427374
0.33069,0.176016,0.219214,0.1441,0.085586
0.016875,-0.010078,0.012026,-0.007075,0.947596
0.238565,-0.24848,0.5,0.020823,0.064
0.143268,0.264062,-0.09504,0.091353,0.229553
-0.107942,-0.358603,0.5,-0.059565,0.003197
-0.252156,-0.10255,-0.101907,-0.227372,0.365634
0.109765,0.188393,0.158972,-0.036717,0.46569
-0.008436,0.164801,0.111976,0.098584,0.481169
-0.076287,-0.030634,0.008154,-0.13326,0.750286
0.025493,-0.065285,0.013681,-0.020637,0.915542
-0.18533,0.22101,-0.38556,-0.3978,0.07674
0.003605,0.377803,0.132637,0.09728,0.171918
0.323598,-0.5,0.049112,0.282587,0.0
0.070569,0.363294,0.086158,0.238956,0.084173
0.043409,0.039789,-0.24246,-0.264996,0.381696
-0.032261,-0.120712,0.117878,-0.13797,0.465793
-0.15039,0.034246,-0.23168,-0.160073,0.505876
0.049949,0.367663,-0.090444,0.04244,0.193292
-0.032964,-0.141826,0.035453,0.016646,0.79565
-0.053611,-0.330393,0.190602,0.5,0.014668
0.304601,-0.358199,0.5,0.285862,0.022493
-0.218174,0.005526,-0.269588,-0.350275,0.11935
-0.1737,-0.093881,-0.095022,-0.167091,0.43765
0.006938,-0.06556,-0.005657,-0.065668,0.770259
0.34622,0.111493,0.235056,-0.093462,0.131083
0.030479,0.35335,0.048313,-0.003525,0.421576
0.266259,0.256115,0.177933,-0.055978,0.082703
0.054517,0.411584,0.012675,0.119845,0.228818
-0.27937,-0.046869,-0.247433,-0.226706,0.160976
0.019241,0.021772,0.181181,0.01418,0.782718
0.232494,-0.233387,0.340613,0.083215,0.0
-0.233509,0.14605,-0.151876,-0.183849,0.200655
-0.177404,0.002595,-0.093419,-0.256179,0.538908
-0.080033,0.07875,-0.166933,-0.213859,0.487394
0.003171,0.011331,-0.112799,-0.001093,0.847636
-0.112744,0.02685,0.099773,0.456156,0.294744
0.096169,0.139314,-0.071221,-0.061033,0.58485
0.091616,0.033129,0.014549,-0.019957,0.774781
0.243488,0.168689,0.179194,0.026197,0.325284
0.065648,-0.033042,-0.004262,-0.013929,0.862363
0.036594,0.073594,0.05117,-0.015031,0.785213
0.18046,0.238303,0.029419,-0.007945,0.4297
-0.002113,-0.395229,0.433707,0.337041,0.0
-0.00736,-0.085641,-0.053274,0.5,0.23922
-0.081981,-0.064887,-0.256492,-0.207179,0.267916
0.156551,-0.223649,-0.153012,0.116559,0.214577
-0.361062,-0.043928,-0.292326,-0.072678,0.1692
0.5,-0.260468,0.149975,0.133201,0.0
0.272869,0.223758,-0.070908,0.176107,0.08992
0.152674,-0.442057,0.5,0.218505,0.0
-0.244437,0.014566,-0.216511,-0.295371,0.166396
-0.212939,0.023601,-0.322638,-0.080581,0.407462
0.017422,0.162439,0.054972,-0.041705,0.618396
0.164799,-0.015923,0.374052,0.12736,0.344785
0.006337,-0.168979,0.443362,0.076243,0.161144
-0.007801,0.293619,0.061674,0.129697,0.309389
-0.007,0.272139,-0.087599,0.060068,0.376894
-0.292447,0.131724,-0.003241,0.347738,0.153778
0.161871,0.216913,0.27084,0.085274,0.188499
-0.274395,-0.026388,-0.221796,-0.088802,0.370986
-0.20704,0.009933,-0.234244,-0.368531,0.261521
-0.109928,-0.047985,-0.107952,-0.004784,0.755472
-0.135687,-0.124983,0.159631,0.167376,0.371893
-0.084795,0.081838,-0.166104,-0.320292,0.271358
-0.048228,0.04432,-0.054733,-0.075748,0.676841
-0.151451,0.417781,0.084157,0.085799,0.0
0.277458,-0.144473,0.417878,0.183325,0.066236
-0.082679,-0.292364,0.085549,-0.43228,0.07715
0.062336,0.174712,0.070042,0.168833,0.407524
-0.249404,-0.025907,-0.198616,-0.303341,0.286862
-0.255554,0.258323,-0.247094,-0.371971,0.038075
0.320691,-0.183306,0.354464,0.090358,0.0
0.114173,-0.262039,-0.115701,0.5,0.0
0.154258,-0.404718,0.215268,0.120528,0.003076
-0.087386,-0.341904,-0.241256,0.047421,0.062398
-0.284059,-0.03379,-0.168559,-0.097081,0.347114
-0.220316,0.08787,-0.231622,-0.277542,0.191725
0.31442,0.16547,0.025325,0.184667,0.164643
0.5,0.091817,0.354697,-0.167322,0.006517
-0.212905,-0.077453,-0.17778,-0.144432,0.241428
0.19528,0.096107,0.327617,-0.176976,0.191325
-0.051341,-0.050444,-0.187474,-0.220889,0.428742
-0.064521,-0.076901,-0.117147,-0.054349,0.68102
-0.11682,0.102765,-0.114966,-0.151147,0.449435
-0.131897,-0.042135,-0.170572,-0.258395,0.409482
-0.021703,-0.004762,0.001693,-0.027033,0.899826
0.010371,0.004644,-0.065998,0.017261,0.844518
-0.066473,-0.062441,-0.182231,-0.366879,0.309315
0.215132,0.261648,-0.062832,-0.030851,0.260304
-0.185644,-0.027516,0.034052,-0.291647,0.497789
0.336496,0.139467,0.106306,0.008884,0.359239
0.210562,0.299022,0.148508,0.02349,0.181098
-0.081147,-0.147496,-0.107549,-0.261526,0.441727
-0.377002,0.055061,-0.149748,-0.223521,0.180289
0.161153,0.234449,0.067805,0.228618,0.272748
-0.356696,-0.037098,-0.182366,-0.227052,0.225577
0.014328,-0.014795,0.0749,-0.054644,0.839276
0.091769,0.112384,0.340843,-0.119434,0.310098
0.280929,0.221398,0.288505,0.019921,0.13957
-0.141444,-0.415609,0.034389,0.144404,0.100003
-0.131555,0.140979,-0.177788,-0.396547,0.093331
-0.437712,-0.133573,-0.196311,-0.006523,0.134653
-0.101109,0.243308,-0.151605,-0.331924,0.104685
0.158125,0.273736,-0.069248,0.240964,0.116915
-0.144524,0.076709,-0.030876,-0.020208,0.722507
-0.189807,-0.029395,-0.333721,-0.214794,0.229744
0.090147,0.110902,0.001865,0.304635,0.415868
-0.244926,0.158488,-0.103983,-0.169674,0.23303
-0.121475,0.130758,-0.18376,-0.061772,0.421382
0.311429,-0.133799,-0.01973,0.271868,0.25647
-0.186167,-0.164394,0.025271,-0.284694,0.300905
-0.000472,-0.037583,0.02801,0.088848,0.804654
-0.206554,0.214791,-0.143324,-0.143056,0.2146
-0.026281,-0.176865,0.236452,0.404023,0.003244
0.0581,0.229881,0.111716,0.01003,0.391166
-0.105119,0.036231,-0.124292,-0.179662,0.51856
-0.131303,0.047629,-0.156565,-0.227973,0.388863
0.090159,-0.062414,0.044185,0.241031,0.584471
-0.08302,0.176064,-0.205557,-0.374157,0.03978
-0.12733,0.198061,-0.068537,-0.292927,0.337225
-0.290057,-0.033342,-0.180333,0.027771,0.429225
0.022944,-0.044107,0.028861,-0.025857,0.993247
0.189086,0.285809,-0.025933,0.069453,0.267972
0.031467,0.127398,-0.019484,0.174094,0.592053
0.205574,0.192784,0.215417,-0.166818,0.108481
-0.13234,0.030176,-0.169795,-0.199791,0.446975
-0.079272,-0.032514,0.391157,-0.089747,0.338714
-0.111761,0.181922,-0.082989,-0.254985,0.39903
0.5,-0.277642,0.325955,-0.111915,0.0
0.003972,0.013756,-0.055143,-0.043086,0.898695
-0.109585,0.071318,0.068503,-0.274871,0.409705
-0.017106,-0.158658,-0.109578,-0.11396,0.584706
-0.026238,0.238715,0.247101,0.109211,0.259137
0.327513,-0.450624,0.5,0.458494,0.0
-0.30104,-0.052024,-0.040605,-0.026124,0.603246
0.032925,0.076656,-0.134758,-0.227557,0.614687
0.068089,0.137745,0.101772,0.044778,0.567354
0.067291,0.105256,0.009938,0.153963,0.652069
-0.080046,-0.03549,0.021455,0.054518,0.793355
-0.142474,-0.123557,-0.101222,-0.291108,0.274462
-0.329317,-0.260443,0.5,0.101355,0.043517
0.12919,-0.374406,0.353606,0.26167,0.0
0.416927,-0.5,0.108767,-0.14701,0.0
0.057987,0.245634,0.170915,0.016838,0.346251
-0.353587,-0.261267,0.192803,-0.032261,0.005925
0.195185,0.291936,-0.059313,0.01515,0.353905
-0.246588,0.043599,-0.060088,-0.071571,0.635335
-0.151108,0.008147,0.029456,-0.303536,0.49501
-0.184659,0.061483,-0.201294,-0.380073,0.189911
0.008136,0.021109,0.033881,0.095415,0.817143
0.031506,0.150519,0.04294,-0.020427,0.678859
-0.15656,0.151273,-0.368435,-0.181382,0.048344
0.032574,-0.032262,0.021209,-0.043934,0.879408
0.057315,0.317368,0.126582,0.168405,0.119271
-0.144173,-0.343859,0.153093,-0.280063,0.0
0.119128,0.329946,-0.029631,0.081643,0.265814
0.486938,-0.002015,0.255386,0.130413,0.039245
-0.177664,-0.171505,-0.039634,-0.234609,0.251919
-0.077549,0.149445,-0.148681,-0.236147,0.261405
0.206635,-0.455852,0.210511,0.374112,0.033787
-0.5,0.100138,0.387901,0.006188,0.013376
0.006413,-0.014123,0.023499,-0.021732,0.837339
-0.196987,0.007538,-0.26799,-0.172127,0.347867
0.090691,0.328746,0.296611,0.194819,0.069372
0.188694,0.186136,0.160423,-0.052467,0.218363
-0.358074,0.255718,-0.047384,-0.156693,0.106815
-0.20737,0.003156,-0.306706,-0.224721,0.24475
-0.201072,0.240492,-0.015687,-0.04766,0.358408
-0.287529,-0.084715,-0.377089,-0.234249,0.01798
-0.216395,-0.113815,0.458979,0.070941,0.051707
-0.131536,0.088873,-0.186972,-0.315354,0.277091
-0.208625,-0.038232,-0.104176,-0.140567,0.501286
-0.120531,-0.164866,-0.152042,-0.116755,0.404398
0.392011,-0.231472,0.052307,-0.13396,0.027536
-0.066632,0.146398,-0.282052,-0.077715,0.369791
0.097521,0.227153,-0.112301,0.197279,0.284143
-0.5,-0.221197,0.441789,0.044449,0.06381
0.219045,0.262865,0.168992,-0.024773,0.229715
0.012754,0.129679,-0.028652,-0.010363,0.73619
0.185517,0.11246,0.085781,0.194689,0.409788
0.169018,0.099398,0.255177,0.28788,0.060516
-0.011272,0.005475,0.047082,0.035195,0.881184
0.281329,-0.327297,-0.123957,0.041696,0.015543
-0.327731,0.197091,-0.101395,0.05198,0.287416
-0.124692,0.200133,-0.099836,-0.310806,0.204495
0.246151,0.311335,-0.012135,-0.013164,0.251277
0.154426,0.251495,0.090658,-0.036107,0.260355
-0.009095,-0.209932,0.5,-0.261425,0.0
-0.073402,0.234309,-0.312974,-0.28983,0.0
0.215955,0.084285,0.050733,0.146766,0.536523
-0.139662,0.095256,-0.149658,-0.314776,0.251553
-0.004918,0.049113,0.073226,-0.050288,0.773366
-0.071549,0.069016,-0.041049,-0.044064,0.704073
-0.271352,0.05845,0.187486,0.125059,0.310001
-0.226577,0.079847,-0.193812,-0.202887,0.309408
0.019873,0.029393,0.022866,0.064784,0.87622
-0.036148,-0.101226,0.311912,0.275401,0.272517
0.091881,0.184189,-0.052212,0.105539,0.491959
-0.064105,-0.093647,-0.268079,-0.324488,0.228597
-0.31468,0.064011,-0.264726,-0.452245,0.030135
-0.092822,-0.5,0.258221,0.5,0.038375
-0.166178,0.071212,-0.132371,-0.232585,0.381754
0.104618,0.118385,0.1794,0.098259,0.456569
0.306891,-0.255543,-0.065151,-0.119574,0.102154
-0.070253,-0.039131,0.5,-0.015428,0.400686
-0.197384,0.162162,-0.102557,-0.294216,0.164709
0.012295,0.431584,-0.068967,-0.228618,0.022203
-0.079724,0.21558,-0.109165,-0.257551,0.208628
0.025856,0.210111,-0.02511,-0.126736,0.472921
-0.311071,-0.012752,0.111213,0.317008,0.219322
-0.071471,0.261146,-0.122422,0.056,0.46219
0.031207,-0.035857,-0.004072,-0.042063,0.786435
-0.048996,-0.311966,-0.229174,-0.107551,0.18662
0.1797,0.342425,0.031791,0.016858,0.284965
0.171395,0.373757,0.147577,0.191904,0.0
-0.039653,0.212142,-0.116502,-0.158505,0.419573
0.04677,-0.041044,0.086317,0.058332,0.705461
-0.328902,-0.38984,0.333959,0.229169,0.0
-0.0008,0.11202,0.157536,0.138519,0.546278
-0.215213,-0.065769,-0.088553,-0.096753,0.504431
-0.242562,0.086118,-0.202445,-0.284031,0.08786
-0.233571,-0.027803,-0.119833,-0.207282,0.385325
-0.071855,0.117963,-0.082633,-0.340593,0.250743
-0.006537,0.077647,0.093372,0.236722,0.553449
0.5,-0.200159,0.478284,0.036372,0.0
-0.238172,0.117263,0.120197,-0.090576,0.452739
0.038768,0.032259,-0.065689,0.048534,0.894375
-0.054562,-0.016699,0.30497,0.175537,0.445083
-0.28264,0.026594,-0.187649,-0.349151,0.166901
-0.251305,-0.12776,-0.161452,-0.179622,0.211334
0.072849,0.194916,0.047887,0.120295,0.46357
-0.135619,-0.035489,-0.2097,-0.33011,0.224907
-0.238592,0.214989,-0.010299,-0.214251,0.196142
-0.291831,0.223532,-0.168792,-0.236048,0.0
-0.092222,-0.138455,0.292697,-0.107984,0.431575
0.072851,-0.256159,0.157188,0.067603,0.311135
0.141833,-0.441176,-0.059113,-0.026156,0.226815
0.02335,-0.365801,0.330678,0.174606,0.06445
0.169136,0.192669,0.122257,0.050662,0.356019
-0.145535,0.164555,-0.34029,-0.102588,0.106765
-0.224486,-0.247114,0.332784,0.15585,0.0
-0.105357,-0.284195,0.241571,0.27516,0.000463
-0.120165,0.175083,-0.226009,-0.226347,0.164401
-0.083891,0.309433,0.019383,-0.483864,0.025017
0.160861,-0.315151,-0.025912,0.07604,0.283088
0.5,0.090916,0.252061,0.358064,0.0
-0.008697,0.036113,0.085765,-0.060937,0.735199
0.159485,-0.000569,0.269947,0.447555,0.176783
-0.078834,0.294859,-0.162891,-0.025517,0.249863
-0.290705,0.203304,-0.039401,0.068983,0.269654
0.076513,0.160034,0.139691,-0.126241,0.417607
-0.162804,0.047722,-0.333523,-0.226252,0.226782
0.024009,0.044775,0.059391,-0.037366,0.743876
-0.07909,0.115279,-0.261741,-0.241337,0.275023
-0.246675,0.073329,-0.09802,-0.154252,0.31509
0.06547,0.186242,0.029547,0.219133,0.405042
-0.369794,0.026877,-0.129641,0.024806,0.403458
0.01986,0.01185,-0.030026,0.040137,0.910645
0.201994,0.262315,0.240914,0.170433,0.0
0.036382,-0.066569,0.015474,0.02119,0.832706
-0.136234,-0.042922,0.014091,-0.360724,0.397675
0.300448,0.180055,0.142957,0.174128,0.130166
0.112934,-0.147877,0.166998,-0.046592,0.403358
-0.13447,0.037282,-0.341672,-0.162429,0.29303
-0.157688,0.168688,-0.157053,-0.204424,0.32346
0.224448,0.390296,-0.021391,0.041351,0.116861
-0.282228,0.068575,-0.144399,-0.258257,0.248555
-0.006573,-0.064519,0.027347,-0.007127,0.830719
0.229507,0.163769,0.121225,-0.008162,0.39994
0.026217,-0.089638,-0.076056,-0.007136,0.784618
-0.316812,-0.108656,-0.200191,-0.222437,0.147142
-0.278191,0.12339,-0.206323,-0.141968,0.168062
-0.159866,0.190408,-0.167135,-0.124472,0.298513
0.020585,0.263178,-0.075301,0.067672,0.546538
0.176995,0.234948,0.114039,0.109648,0.281946
-0.231224,0.120471,-0.095864,-0.141513,0.368992
0.282035,-0.086335,-0.038833,0.106234,0.38914
0.35601,-0.243613,0.183286,0.253111,0.0
0.013573,-0.049334,0.07135,-0.006135,0.826393
0.126647,0.179538,0.088329,0.293066,0.289496
0.208407,-0.205959,0.027366,-0.087865,0.436771
0.303241,0.20761,0.001901,0.108215,0.201008
0.057461,0.002356,-0.05432,-0.206737,0.642446
-0.25858,0.092683,-0.142791,-0.051112,0.399306
-0.171401,0.052461,-0.244267,-0.5,0.0
0.182395,0.138409,0.08605,0.08601,0.389932
0.104132,-0.055217,-0.090329,-0.095499,0.628483
-0.186505,0.22008,-0.215641,-0.308066,0.011827
-0.138263,0.030141,-0.046761,-0.395998,0.473737
0.069518,0.251162,-0.050712,0.076432,0.424748
0.013996,0.009292,0.070485,-0.026343,0.953355
0.095052,-0.402292,0.267291,0.067222,0.001656
0.150474,-0.224693,-0.135433,0.28948,0.033935
0.038366,-0.070898,0.38655,0.150543,0.309029
-0.140297,-0.014999,-0.167833,-0.048446,0.589636
-0.01856,0.054337,0.001235,-0.021373,0.841836
-0.186275,0.114733,-0.170511,-0.168852,0.375898
0.115326,-0.065543,0.152448,-0.041439,0.581553
-0.113417,-0.150994,-0.123855,-0.497145,0.118803
-0.341823,-0.03915,-0.159692,-0.213403,0.235615
0.008619,0.24744,-0.223872,-0.166563,0.181969
-0.266097,-0.207132,0.197965,0.139581,0.178809
-0.212398,0.137779,-0.061594,-0.397813,0.177177
-0.404727,0.044269,-0.094646,-0.243807,0.252234
0.099634,0.082162,0.214419,0.063869,0.532789
-0.025079,0.100009,0.073379,0.043798,0.690254
-0.079018,-0.169126,0.37698,0.382932,0.0
0.12195,-0.061336,0.303925,0.14219,0.387915
-0.254201,0.199423,-0.217952,-0.347136,0.0
-0.307166,0.095013,0.049344,0.068075,0.396186
-0.250008,0.343292,-0.27855,-0.215721,0.0
-0.130544,-0.133156,0.204403,-0.294912,0.220787
0.041629,0.086591,0.025121,0.038823,0.723908
-0.096419,0.083057,-0.161856,-0.255426,0.344375
0.197964,-0.151857,0.069563,0.015728,0.462098
-0.07153,0.406809,-0.027672,-0.027789,0.320192
-0.188793,-0.236325,-0.042596,-0.027352,0.313934
-0.226213,0.000427,-0.105939,-0.310341,0.308626
-0.025171,-0.008732,-0.029522,0.074866,0.755536
0.010715,0.116732,0.02016,-0.040378,0.704822
0.022031,-0.004415,-0.050238,0.073245,0.78917
0.115435,0.236264,-0.007949,0.323643,0.238573
0.023369,-0.137089,0.024426,0.169881,0.600658
-0.154334,0.011048,-0.240333,-0.332437,0.349253
-0.117944,0.108039,0.487339,0.127062,0.042128
-0.134998,0.013528,0.13988,-0.16256,0.503806
-0.351449,-0.035021,-0.25263,-0.153143,0.188915
0.028033,0.159017,-0.032584,0.104786,0.57451
0.153413,-0.095715,0.441598,0.016454,0.178639
-0.124881,0.090499,-0.231817,-0.271028,0.265243
-0.003944,0.013755,-0.028157,0.07729,0.986129
-0.102117,0.149648,0.026942,-0.051612,0.624023
-0.023245,0.014777,-0.107967,-0.031137,0.798685
-0.156712,-0.040084,-0.388764,-0.177796,0.157076
0.096288,0.143871,0.093855,-0.068912,0.458099
-0.252461,0.030665,-0.123764,-0.069184,0.522446
-0.259007,-0.287482,0.225364,-0.29943,0.0
0.053877,0.050234,0.060224,0.029247,0.822902
-0.037302,0.128089,-0.182399,-0.396688,0.261763
-0.093403,-0.064428,-0.267401,-0.386427,0.286426
0.143796,0.124616,0.094055,0.272264,0.277213
0.285148,0.047463,0.067603,0.195096,0.473445
-0.056255,0.045269,0.330875,0.148326,0.400107
-0.241895,0.088962,0.001908,-0.211571,0.4706
0.004242,0.068062,-0.033672,0.074527,0.778403
0.170349,-0.229363,0.5,0.319928,0.0
-0.309534,0.043478,-0.197437,0.030031,0.364725
-0.3028,0.058555,-0.28921,-0.400001,0.085219
-0.037467,0.203748,-0.239741,-0.124304,0.309965
-0.18199,0.036492,0.033938,-0.055259,0.689511
-0.111139,0.040294,-0.20671,-0.314051,0.304158
-0.182808,0.173112,-0.131027,-0.100214,0.333936
-0.067732,0.115429,-0.14344,-0.169297,0.460948
0.065568,-0.154543,0.163609,0.248711,0.322736
-0.285635,-0.021669,-0.032631,0.036632,0.582325
-0.044698,0.032907,-0.032442,-0.035578,0.7744
-0.105872,0.054964,-0.249589,-0.200446,0.354522
0.067433,0.364456,-0.104671,-0.101736,0.132636
-0.01254,0.232682,-0.058315,0.199487,0.307673
-0.395601,0.296218,-0.110718,-0.452598,0.116422
0.123266,0.230791,0.101897,-0.201712,0.166465
-0.103987,0.057918,-0.217179,-0.380267,0.266301
-0.23767,-0.124557,-0.182832,-0.008306,0.402074
-0.011257,0.138793,0.340901,0.211102,0.213795
-0.207024,-0.227205,-0.057868,0.125609,0.292925
-0.000994,0.25894,-0.059818,0.095376,0.41539
0.150322,0.166502,0.110266,-0.138571,0.31258
-0.127885,-0.198749,0.024543,0.003186,0.528904
0.005969,0.04776,-0.027789,-0.035271,0.831716
0.159062,0.228807,0.069854,0.05452,0.382777
-0.343816,-0.5,0.343367,0.035209,0.0
0.006822,0.061327,-0.108451,-0.019592,0.721573
0.126676,-0.241995,0.461645,0.134078,0.017095
-0.373453,-0.068502,-0.190282,-0.012977,0.295361
0.478074,-0.481362,0.19611,-0.005784,0.0
-0.150877,0.019906,0.048126,-0.279044,0.631944
-0.005275,0.22123,0.113496,0.204083,0.364735
-0.118387,-0.075202,-0.106115,0.074557,0.636249
-0.038984,0.084225,-0.252022,-0.267541,0.264408
0.300607,0.019612,-0.013576,0.5,0.159699
0.143825,0.212056,0.138145,0.271595,0.138806
0.223705,-0.472189,0.103799,-0.200475,0.050448
0.248245,0.428941,0.237659,0.286464,0.0
-0.167383,0.247829,-0.084873,-0.079627,0.249196
0.395263,-0.248961,0.035355,0.077727,0.09082
0.122021,0.031458,0.259889,-0.114942,0.475878
0.001707,0.325153,0.123759,0.135986,0.338135
0.032427,-0.452658,0.5,0.378245,0.0
0.10797,0.220519,0.286324,0.214216,0.013587
-0.072216,0.28018,0.037005,-0.165679,0.270181
-0.076869,0.345937,0.079924,0.115192,0.204035
0.001483,0.308328,0.053742,0.009062,0.433272
-0.33856,0.10706,-0.22942,-0.264696,0.017807
0.145343,0.174649,0.00442,0.204282,0.47636
0.494451,-0.5,0.23611,0.172169,0.005354
-0.033192,-0.089879,-0.258131,-0.376036,0.211054
0.054551,0.038694,-0.000461,-0.04769,0.828034
0.282557,0.247066,0.063159,0.05576,0.335838
-0.252908,0.197519,-0.166358,-0.262169,0.008448
0.454104,-0.390868,-0.119801,0.35986,0.045029
-0.34596,-0.019258,-0.02232,-0.310624,0.256345
-0.046143,0.104688,-0.123382,-0.129966,0.507481
0.188565,0.210683,-0.007544,0.293991,0.210624
0.02478,0.180365,0.029163,-0.020382,0.648193
-0.211911,0.117476,-0.151964,-0.27242,0.21682
0.170948,-0.404587,0.326687,-0.030074,0.021644
-0.147895,0.294653,-0.230403,-0.181352,0.141106
0.098261,0.191858,-0.023632,0.2521,0.311582
-0.267122,0.175868,-0.033077,-0.182077,0.169118
0.089544,-0.094316,0.119398,0.215554,0.323122
-0.145229,0.085752,-0.109482,-0.255932,0.411959
0.107172,-0.086523,0.085977,-0.038718,0.70161
-0.208201,-0.101389,-0.13275,-0.16159,0.367412
0.086327,0.233199,-0.100907,0.265345,0.171822
-0.036402,0.111774,-0.196957,-0.318929,0.269669
-0.054564,-0.043405,-0.014596,-0.072688,0.812574
-0.289966,0.052864,-0.18278,-0.445144,0.0147
-0.315581,0.156803,-0.098466,-0.177722,0.16845
0.021093,0.255726,-0.157864,-0.286671,0.178006
-0.15268,0.119675,-0.167235,-0.266117,0.231456
0.121887,0.095178,0.303744,0.139468,0.331468
0.131019,-0.045652,0.091653,0.027554,0.654275
0.053963,0.194232,0.005234,0.005955,0.655081
-0.042891,0.00722,0.05995,0.070104,0.816193
0.5,-0.40295,0.315964,0.41898,0.0
0.389901,-0.09639,-0.08705,0.282882,0.072502
-0.235202,-0.034903,-0.296608,-0.186701,0.129299
0.225544,-0.23728,0.35092,0.19617,0.0
0.042737,0.048307,-0.010187,-0.053108,0.77013
0.109461,-0.04011,0.018829,-0.016485,0.872522
-0.042214,0.204271,-0.103417,-0.013941,0.619422
-0.43017,0.029377,0.025842,-0.029993,0.488729
-0.152359,0.181145,-0.213199,-0.187294,0.246268
0.135545,0.039541,-0.019575,0.0289,0.727057
0.311643,0.080223,0.099387,0.145988,0.36196
-0.15559,0.032325,-0.275332,-0.278444,0.290992
0.015067,-0.280867,0.287297,0.069267,0.153987
-0.290584,-0.160026,-0.264487,-0.197182,0.036323
0.052504,0.220348,0.072708,0.415589,0.023355
-0.199007,-0.051263,-0.198028,-0.2586,0.203936
-0.024506,0.006385,-0.026044,-0.024406,0.991844
-0.241964,0.070058,-0.124272,-0.40891,0.191457
-0.083927,-0.071324,-0.314566,-0.098779,0.450986
0.294528,-0.314586,0.161933,0.231975,0.052157
-0.184956,-0.068158,0.085216,-0.224477,0.39307
0.115121,0.132664,0.106903,-0.062253,0.569616
-0.065664,0.022661,0.12354,0.005291,0.780467
0.016449,0.152794,0.011084,0.361579,0.380023
0.007356,0.114269,-0.01611,0.097479,0.758177
-0.044334,0.274927,0.138655,0.216196,0.216657
0.047795,0.18187,-0.094947,0.107736,0.477587
0.222957,0.186545,0.044738,0.236294,0.123365
0.364936,-0.170336,0.273357,0.180669,0.088623
-0.254102,-0.240541,-0.259986,-0.240832,0.033072
-0.180139,-0.126549,0.026336,0.087509,0.467301
-0.023273,0.003942,-0.029206,0.071312,0.851299
0.069728,0.294695,0.052593,0.071783,0.29975
-0.124046,0.094057,-0.264997,-0.353427,0.19907
-0.051901,-0.099169,0.022205,-0.086157,0.760757
0.20431,-0.245014,0.428778,0.5,0.0
0.097647,0.228901,-0.161892,0.19909,0.24654
-0.325716,0.097892,-0.12849,0.113329,0.366302
0.031294,0.014252,-0.033528,-0.027905,0.908448
-0.209838,-0.290342,0.216929,0.015274,0.067809
-0.298494,0.104721,-0.169838,-0.107512,0.287935
-0.451339,-0.264857,0.353537,-0.066616,0.0
-0.085723,0.143976,-0.155944,-0.063811,0.602855
-0.225553,-0.069104,-0.099074,-0.297932,0.313532
0.02278,-0.047556,-0.045004,0.059793,0.738843
0.000621,-0.076823,0.063872,0.000978,0.802121
0.231329,-0.407074,0.427023,0.195893,0.03674
0.25249,-0.079042,0.052465,0.266953,0.279088
0.307449,-0.002069,0.090213,-0.009903,0.640295
-0.335182,-0.23325,0.257975,-0.013252,0.059917
-0.220817,0.02191,-0.137904,-0.058222,0.64717
-0.06158,0.000353,0.029019,-0.029009,0.765249
-0.332384,-0.24341,-0.201699,0.25797,0.036841
-0.346436,0.002085,-0.016012,-0.201347,0.443795
-0.23339,-0.00075,-0.075078,-0.170952,0.513174
0.13502,-0.116634,0.240455,0.120665,0.265734
0.090254,-0.032837,0.291711,-0.053172,0.461446
-0.310182,-0.04753,-0.182156,0.010076,0.408301
-0.278499,0.027512,-0.144395,-0.293445,0.228903
-0.029549,0.188586,-0.270753,-0.397897,0.0
-0.280222,-0.29409,0.180111,-0.073378,0.035037
-0.163042,-0.100461,0.372649,0.028675,0.230185
0.132226,0.294602,0.10439,0.105821,0.199633
-0.260415,-0.06209,-0.11637,-0.212559,0.335647
0.115131,0.279511,-0.053984,-0.027235,0.436718
-0.118319,-0.278657,-0.266857,-0.477834,0.033439
-0.118181,-0.038352,-0.166499,-0.012543,0.616054
-0.104514,0.272102,-0.173628,-0.318744,0.0
-0.385476,0.124671,0.009212,-0.216804,0.115114
0.251287,-0.229964,0.048541,0.240005,0.080305
0.165397,-0.133687,-0.084239,0.327037,0.223243
0.206496,0.415476,0.009248,0.11536,0.0
-0.112252,-0.074123,-0.161461,-0.099292,0.504255
0.002273,0.020778,-0.040875,-0.10746,0.753617
0.275614,-0.203843,0.155957,0.127068,0.08387
-0.295009,0.120795,0.035108,-0.244839,0.241389
0.000717,0.076688,-0.020134,-0.165101,0.662591
0.047572,-0.028939,0.039176,0.194341,0.742163
0.299477,0.234281,-0.111929,-0.043086,0.153701
-0.025011,-0.270711,-0.260965,-0.178204,0.235828
0.171407,-0.368634,0.05354,-0.04222,0.134696
0.145109,0.277669,0.133051,-0.073615,0.211184
0.094293,0.261757,0.074767,-0.096701,0.259148
-0.152966,0.006487,0.029819,-0.153584,0.670805
0.083747,0.115982,-0.031453,0.28307,0.336645
-0.317066,-0.024958,0.288374,0.170613,0.258583
-0.025791,-0.028911,0.023947,-0.053919,0.832348
-0.166813,0.009795,-0.129266,-0.252443,0.471683
0.013833,0.238223,0.120683,0.239555,0.284628
-0.16407,-0.067525,-0.220685,-0.08475,0.365475
0.086769,0.044394,0.029327,-0.001673,0.83072
0.096084,0.357523,-0.108008,-0.096726,0.21977
-0.302447,0.005889,-0.256988,-0.322624,0.09152
-0.264672,-0.5,0.273115,0.106546,0.056994
-0.145207,-0.015938,-0.123688,-0.18369,0.530062
-0.141917,0.109111,-0.238112,-0.170664,0.226331
0.381892,-0.268287,0.5,0.5,0.0
-0.466705,-0.030058,-0.096012,-0.463132,0.021734
-0.10015,-0.005778,0.195575,0.108748,0.656697
-0.105057,-0.040243,-0.24148,-0.207405,0.373745
-0.103946,0.203559,-0.111839,0.090195,0.431808
0.076472,0.265216,0.291149,-0.017957,0.126211
-0.204682,0.253603,-0.247979,-0.439331,0.01191
-0.344778,0.029935,-0.200421,-0.265483,0.182051
-0.356129,0.216325,-0.224841,-0.212206,0.0
-0.260599,0.046025,-0.170235,-0.015802,0.491837
0.006502,-0.043948,-0.061033,0.084877,0.749423
0.225901,-0.194788,0.019993,0.17683,0.239054
-0.136523,-0.158491,-0.092627,-0.265853,0.343309
-0.357283,-0.5,0.150838,0.089065,0.024263
-0.146243,-0.047092,-0.113191,-0.200064,0.499276
-0.284394,0.021478,-0.231449,-0.135527,0.291601
0.086677,0.058036,-0.052722,0.116532,0.610956
-0.095787,0.248239,-0.403637,-0.061126,0.070154
0.122948,0.175218,-0.141195,0.099035,0.278883
-0.137915,-0.237623,0.45836,0.189263,0.0
0.135804,-0.5,0.372667,-0.023121,0.0
0.274021,-0.5,0.101384,-0.083714,0.078548
-0.145849,-0.137658,-0.174246,-0.42908,0.023851
-0.222833,-0.056487,-0.24303,-0.144921,0.267283
-0.272832,0.198257,-0.140305,-0.059622,0.29051
-0.114676,-0.122349,-0.320437,-0.393182,0.0
0.094457,0.145225,0.065936,0.105707,0.439549
-0.040086,-0.009783,-0.152758,0.013835,0.816068
-0.211469,-0.270127,0.017164,0.323559,0.005229
-0.365824,-0.0417,-0.243023,-0.244168,0.014753
-0.262634,0.096958,-0.211013,-0.355227,0.006424
0.00688,0.090621,0.001073,0.027282,0.891762
-0.070394,-0.044847,-0.173462,-0.197516,0.533556
-0.152076,0.196577,-0.215405,-0.349701,0.057357
0.318316,-0.5,0.045597,0.118915,0.112955
-0.228473,0.095712,-0.186416,-0.181758,0.191771
-0.075897,0.031448,0.233125,-0.101943,0.58304
-0.214752,0.135568,-0.280495,-0.102085,0.219408
-0.258242,0.09332,-0.085868,-0.184408,0.442822
0.048532,-0.021764,0.027323,0.022941,0.786727
-0.197796,-0.193832,-0.131695,-0.376455,0.07209
-0.060518,0.278229,0.230033,0.022222,0.241312
-0.237665,0.016963,-0.231731,-0.079116,0.482955
0.041415,-0.115931,-0.168285,-0.188222,0.43474
-0.256306,0.141942,-0.249291,-0.270568,0.019737
-0.073576,-0.059278,0.478252,0.268241,0.151758
0.136293,0.157376,0.136016,0.087603,0.461556
-0.111932,0.114812,0.047448,-0.05532,0.619857
-0.43161,0.134766,-0.03671,-0.265403,0.0
-0.046362,0.129466,-0.334041,-0.255422,0.123988
-0.339488,0.118987,-0.183715,-0.022401,0.297269
0.154572,0.008771,0.128779,0.15452,0.574913
0.165786,0.345086,0.093476,0.00524,0.203596
0.002122,0.056775,-0.085929,0.068475,0.75988
0.207217,0.212798,0.065174,0.044382,0.402215
0.5,-0.068009,-0.150915,-0.287669,0.040929
-0.176277,0.105362,-0.160336,-0.142754,0.437394
-0.004735,0.044279,-0.058001,-0.263753,0.556751
-0.229154,-0.144368,-0.136014,-0.445598,0.0
-0.059522,-0.414951,0.003722,-0.038483,0.22853
-0.130923,0.01827,-0.037758,-0.210466,0.557146
0.101933,0.045976,0.407766,0.28505,0.206976
-0.098468,0.171263,-0.107649,-0.375471,0.131244
-0.024708,0.018078,-0.047896,0.017506,0.928607
-0.013828,0.29197,0.03406,0.153237,0.330433
0.06867,0.42213,-0.004366,0.324129,0.0
-0.159135,-0.038007,-0.325108,-0.22103,0.206188
-0.232186,0.047807,-0.060242,0.375606,0.245481
-0.111596,0.111428,-0.195124,-0.448523,0.106338
-0.232949,-0.023051,-0.196832,-0.292666,0.262723
-0.07759,0.107916,-0.098547,-0.09304,0.661943
0.048965,0.073845,-0.030399,-0.011511,0.82706
-0.304874,-0.119124,-0.125671,-0.376739,0.059955
0.19956,0.13503,0.056459,0.296942,0.178307
-0.304394,-0.344465,0.341918,0.299004,0.052281
-0.194744,0.053092,-0.292651,-0.108536,0.428057
-0.095683,-0.023963,-0.189853,-0.267747,0.336259
-0.186375,0.068456,-0.292393,-0.198581,0.276153
0.325831,-0.420272,0.341501,0.121392,0.021217
-0.093202,-0.257469,0.5,0.074271,0.0
-0.079714,0.01421,-0.023455,0.02492,0.88771
0.058814,0.143775,-0.006145,0.005112,0.7179
-0.108777,-0.196456,0.460872,0.028805,0.039743
-0.202066,0.032465,-0.215268,-0.165098,0.428606
0.130222,0.215699,0.005244,0.013657,0.545277
-0.027867,0.248257,-0.0616,0.123256,0.401819
-0.086248,0.424005,-0.140261,-0.203154,0.0
-0.205582,0.049014,-0.271509,-0.178698,0.254325
-0.010831,0.019699,0.230788,0.166268,0.478778
0.130002,-0.061455,0.325795,0.368285,0.086181
0.035521,0.174529,0.060241,-0.120248,0.508715
-0.255216,0.151201,-0.363268,-0.239998,0.0
0.086882,-0.168337,0.402986,0.152191,0.171237
-0.313377,-0.2858,0.060039,0.088012,0.098559
0.143163,0.095284,0.151959,0.024901,0.624374
-0.171049,0.024769,-0.050233,-0.022152,0.778965
-0.151178,0.16056,-0.282706,-0.21283,0.159532
0.173565,-0.293215,0.299316,0.377008,0.048154
0.288481,-0.012051,0.40788,0.296447,0.0
-0.057168,0.235482,-0.081319,0.061617,0.402163
0.103596,0.098007,-0.126661,0.131417,0.476092
0.034145,0.281124,0.095994,-0.064325,0.383619
0.236713,0.167439,0.163751,0.255663,0.092544
0.023054,0.262025,-0.021171,0.210654,0.343267
-0.162699,-0.004687,-0.22663,-0.118651,0.467386
-0.5,-0.12706,0.338124,0.039856,0.0
0.158496,0.094943,0.079007,0.251281,0.370607
0.117108,0.170891,0.121313,0.174775,0.240343
-0.283226,0.105486,-0.058492,-0.18744,0.354566
0.395017,-0.428033,0.295745,0.085247,0.0
0.137837,0.303693,0.148751,0.187275,0.09988
-0.267951,-0.070063,-0.035381,0.040656,0.534797
0.307505,-0.356954,0.339146,0.052057,0.0
0.238359,0.069853,0.231144,0.271248,0.136397
-0.173209,0.098284,-0.118838,-0.269858,0.339919
0.498158,0.023559,0.5,0.3054,0.010551
-0.292522,-0.001845,-0.065858,-0.1443,0.44076
0.104529,-0.064301,-0.209222,-0.230829,0.394601
0.246483,-0.259602,0.431977,0.390237,0.0
-0.186152,-0.085385,-0.086292,-0.225926,0.328278
-0.107313,0.173368,-0.217059,-0.023632,0.375158
-0.077508,0.070008,-0.220159,-0.072343,0.486122
-0.383773,0.137925,-0.075288,-0.087914,0.340526
-0.164457,-0.04592,-0.016266,-0.234649,0.5288
0.094461,0.035901,0.07,-0.081741,0.671292
-0.00812,0.028151,-0.097926,-0.351734,0.533267
-0.12452,7e-05,-0.241517,-0.041002,0.71064
0.117465,0.251636,0.109436,0.203739,0.219252
-0.113956,0.15522,-0.044682,-0.230795,0.412253
-0.253575,0.014879,-0.209446,-0.133311,0.357398
-0.136454,0.214002,-0.174475,-0.187297,0.268061
0.013814,-0.097922,0.375388,-0.189187,0.344706
-0.280831,0.286024,-0.125961,-0.146089,0.07814
-0.266905,-0.054111,-0.262943,-0.118787,0.268404
-0.125657,-0.5,0.189177,0.260314,0.0
-0.05671,0.012656,-0.165369,-0.22703,0.554824
0.061348,0.047489,0.006516,0.028105,0.779809
-0.166924,0.055969,-0.006276,-0.224333,0.506184
0.108194,-0.261487,-0.232648,0.227759,0.022942
-0.130673,0.097956,-0.393135,-0.009216,0.318863
0.013005,-0.076942,0.029467,0.049789,0.810331
0.157562,0.026405,0.278093,0.245192,0.347957
-0.122946,0.090301,-0.078353,-0.380666,0.254719
-0.106851,-0.046173,-0.047993,-0.5,0.287226
0.278481,-0.098442,0.10546,0.5,0.047302
-0.042058,0.016016,0.038394,-0.01458,0.828959
0.236952,-0.427532,0.302804,0.09716,0.031284
-0.381166,0.218885,0.43458,0.313505,0.0
0.5,-0.276462,-0.027232,-0.057341,0.040939
0.014095,-0.040999,0.069371,0.163121,0.654885
-0.192181,0.077502,-0.061395,-0.102381,0.502524
-0.196494,-0.014743,-0.252125,-0.068611,0.435944
0.139291,0.054676,0.009419,0.096218,0.649161
0.112792,-0.043203,-0.155707,0.212758,0.321216
-0.104614,0.192986,-0.156601,-0.110196,0.303185
-0.302952,-0.308098,-0.09214,0.129489,0.0
-0.020955,-0.476694,-0.131001,-0.227809,0.0
0.016872,0.023471,-0.012708,-0.020275,0.806867
-0.203413,-0.046728,-0.103684,-0.202911,0.440077
0.022394,-0.03835,-0.001823,-0.026305,0.871335
-0.266335,-0.003744,0.05836,-0.140062,0.635386
0.019673,-0.071098,-0.10457,-0.22543,0.569363
-0.1472,0.027417,-0.193972,-0.155919,0.50261
-0.252861,0.079553,-0.218222,-0.196465,0.162206
-0.059058,0.161101,0.151493,0.338921,0.231469
-0.340226,0.106978,-0.004331,-0.179872,0.291692
0.238517,-0.209204,0.378439,-0.134258,0.10721
0.212181,-0.5,0.5,0.322575,0.0
-0.002651,0.230783,0.232641,0.129842,0.276932
-0.278706,0.027173,-0.181647,-0.086206,0.389251
-0.067916,0.108044,-0.128512,-0.130937,0.488616
-0.092658,0.0682,0.5,0.159387,0.103575
0.115282,0.263509,-0.015617,0.278363,0.149501
-0.146416,0.216207,-0.372793,-0.060581,0.082678
-0.376085,0.041566,-0.058929,-0.240601,0.27968
0.258852,-0.036179,-0.124904,0.287307,0.232168
-0.051634,-0.387645,0.004489,0.054962,0.2561
0.046825,-0.028719,0.022268,-0.074452,0.739
-0.051007,0.184629,-0.034486,-0.096362,0.534844
-0.266319,0.020705,-0.176041,-0.081181,0.392414
0.247636,-0.056778,0.250957,-0.055694,0.397153
-0.070267,0.249993,-0.205108,0.007663,0.232166
-0.198925,-0.115598,-0.186772,-0.332214,0.121962
0.066241,-0.006732,-0.130089,0.156502,0.692675
0.177421,-0.249785,0.420718,-0.112758,0.061315
-0.16409,0.097043,-0.302483,-0.41185,0.023329
-0.101001,-0.034187,-0.010752,0.087951,0.809739
0.166281,0.049713,0.454996,-0.071497,0.199325
-0.183115,-0.261651,0.198312,0.002147,0.161426
0.047204,0.033308,-0.011818,-0.012249,0.873177
0.116716,0.184004,0.023055,-0.022417,0.541164
0.223345,-0.156766,0.312647,-0.099107,0.122501
-0.08043,0.092025,-0.028867,-0.251105,0.534205
-0.254498,0.213241,-0.32178,-0.182685,0.044886
0.156114,0.011332,0.04064,0.416637,0.409521
0.162846,0.127895,-0.004371,-0.080732,0.57481
-0.155121,-0.136806,-0.10749,-0.369764,0.118394
0.306799,-0.315863,0.38234,0.253849,0.0
-0.325699,0.066468,0.07112,-0.171892,0.350211
-0.044081,0.092806,-0.229511,-0.136459,0.330091
0.036506,0.072848,0.109904,-0.004601,0.662653
-0.046432,-0.016045,0.007767,-0.037782,0.886396
-0.209965,0.012389,-0.194703,-0.316224,0.192228
-0.241618,0.299985,-0.184365,-0.325658,0.0
-0.081568,-0.195086,0.133458,0.327975,0.127864
-0.006854,-0.13562,0.169693,0.12363,0.412105
0.012323,-0.041241,-0.008826,0.044037,0.864866
0.1097,0.109774,-0.021261,0.100983,0.603407
-0.255176,-0.043049,-0.071959,-0.323872,0.28299
-0.019679,0.254329,0.027166,0.268123,0.307499
0.061715,-0.29266,0.299448,0.224154,0.0
-0.153858,-0.123633,-0.101659,-0.198775,0.396549
0.089054,0.042235,0.02156,0.01518,0.855878
-0.197145,0.165209,-0.033714,-0.243948,0.322669
-0.183854,-0.098968,-0.069229,-0.306905,0.281916
-0.5,0.043668,0.295914,-0.189054,0.091997
0.093077,0.288815,0.078147,0.128964,0.28473
-0.140453,0.128494,0.149426,0.13065,0.448119
-0.143379,-0.158896,-0.186521,-0.237359,0.192808
0.031825,0.104219,0.009491,-0.038668,0.801809
-0.045826,0.257977,0.0338,-0.043533,0.663704
-0.037047,-0.310207,-0.274609,-0.30483,0.011212
-0.143808,0.045541,-0.003672,0.007759,0.774457
-0.173447,-0.108589,-0.050007,-0.13529,0.480726
-0.320982,0.1926,-0.151751,-0.319165,0.0
-0.170926,0.202951,-0.090221,-0.130691,0.286435
-0.122786,-0.183623,0.5,0.186077,0.017124
0.071754,0.11128,-0.007489,0.143023,0.635238
-0.317732,0.053741,-0.104798,-0.27037,0.212117
-0.324041,-0.227175,0.067912,0.042698,0.227723
-0.293199,-0.020786,-0.00563,-0.06105,0.610418
-0.134029,0.033191,0.024027,-0.171564,0.62399
-0.302677,0.12842,-0.174867,-0.147349,0.188975
-0.358673,-0.182343,-0.040271,-0.136499,0.171273
-0.172429,0.176793,-0.219026,-0.125925,0.245643
0.02253,0.399106,-0.022518,0.333424,0.0
0.014426,0.225369,-0.228421,0.103783,0.248451
0.233311,-0.49919,0.125177,0.347502,0.027566
-0.202645,-0.014645,-0.188779,-0.208219,0.427672
-0.315042,-0.040844,-0.146213,-0.139917,0.376457
0.105711,-0.345424,0.022834,-0.187763,0.159953
0.159199,-0.258041,0.259109,0.01962,0.176368
-0.001188,0.126028,0.031951,-0.075842,0.668606
-0.019452,0.085862,-0.096014,-0.213613,0.522438
0.155494,0.296959,-0.101805,0.16973,0.209549
0.193697,-0.327667,0.072589,0.039286,0.23792
0.049673,-0.431202,0.041431,0.5,0.0
0.418079,-0.4655,0.266832,0.137236,0.021021
-0.002282,0.134549,-0.169325,-0.197721,0.421682
-0.242217,-0.080597,-0.098597,-0.270051,0.268915
-0.302579,-0.395763,0.129539,-0.199532,0.0
0.318676,-0.125744,-0.039419,0.352704,0.047112
-0.079817,-0.055036,-0.222732,0.013234,0.574861
-0.279285,0.032521,-0.052687,-0.170535,0.45833
-0.229046,0.116608,-0.163374,-0.142482,0.330644
-0.086978,0.15514,0.20524,0.008023,0.441869
0.140908,-0.403659,0.5,0.099003,0.0
-0.173117,-0.2307,0.5,0.174174,0.066259
0.17578,-0.150624,0.396096,0.5,0.00683
-0.167216,0.011837,-0.140091,-0.374301,0.321001
-0.188973,0.243156,-0.087843,-0.093386,0.263412
-0.167491,0.0332,0.439854,-0.32554,0.01995
-0.405921,0.001234,-0.097378,-0.230279,0.334058
0.206854,0.255328,0.171287,-0.11227,0.142582
-0.398037,-0.28344,-0.252224,-0.335237,0.030848
-0.223932,0.266456,0.5,0.5,0.044667
0.239578,0.288655,-0.010541,-0.06218,0.221298
-0.071548,-0.231997,-0.150319,0.031425,0.430462
-0.411961,-0.294354,-0.053587,0.014896,0.132078
-0.113996,0.042574,0.003966,-0.376498,0.5224
-0.032654,-0.041462,0.260924,0.191778,0.389262
0.127465,0.032743,0.149852,0.353638,0.363226
-0.214215,-0.080068,-0.075097,0.049142,0.531376
-0.232651,0.007832,-0.184772,-0.033689,0.589769
0.2063,0.304863,0.088324,0.083128,0.214063
-0.296981,0.005781,0.136226,0.230443,0.2948
0.076348,-0.012182,-0.016872,0.06559,0.744725
-0.319367,-0.008157,-0.161873,-0.224508,0.266919
-0.199076,0.082302,-0.217202,-0.047296,0.399994
-0.455317,-0.234429,0.448532,-0.16733,0.0
-0.125714,0.021824,-0.224902,-0.08822,0.562699
-0.12738,-0.212355,-0.025077,-0.113819,0.371725
0.201058,-0.19848,-0.097289,-0.076628,0.366666
-0.194544,-0.252276,0.37927,0.222996,0.004293
-0.203213,0.000794,-0.307901,-0.119266,0.347908
-0.258999,-0.154971,-0.108204,-0.141949,0.274917
0.217362,0.375587,-0.062978,0.074022,0.124823
0.19911,-0.252158,-0.242382,0.465707,0.0
0.074346,-0.5,-0.159927,0.427711,0.016502
-0.204353,0.162334,-0.142431,-0.07323,0.284255
-0.197994,0.178596,-0.099731,-0.455072,0.0
0.366754,-0.281695,0.232804,-0.000184,0.0
-0.032568,-0.398451,0.112879,0.385395,0.080233
-0.269421,-0.062392,-0.140751,-0.193749,0.316182
0.019391,0.451075,-0.027833,0.127089,0.100468
-0.320597,-0.237627,0.060026,0.028308,0.249376
-0.206083,0.091003,-0.257307,-0.303795,0.123907
0.033378,-0.395118,0.063463,0.329247,0.022886
0.032306,-0.02715,-0.038367,-0.020979,0.895593
-0.03135,0.421689,0.001364,0.20007,0.118277
0.000474,0.006488,-0.11108,0.040016,0.937948
0.024133,0.119631,0.147082,0.207582,0.500174
0.008682,0.484526,0.060769,0.011827,0.206783
-0.177341,-0.05591,-0.068433,-0.164691,0.492181
0.197412,0.022126,0.028986,-0.093448,0.65259
0.033469,-0.035549,0.003289,-0.034175,0.884062
-0.196865,0.143555,-0.315407,-0.14031,0.112061
-0.069506,0.124693,-0.208872,-0.291632,0.285989
-0.305665,-0.152034,0.295467,0.5,0.104719
-0.000443,0.093108,-0.047971,-0.036914,0.711414
0.074379,0.486995,-0.097165,0.354386,0.0
-0.421997,-0.242607,0.481427,0.166136,0.047513
0.148714,0.167316,0.121674,0.01239,0.408583
0.097107,0.176163,0.050628,0.072284,0.583998
-0.048688,-0.05794,0.066184,-0.102311,0.720793
-0.191533,0.032092,-0.234602,-0.319171,0.224893
0.037932,-0.027125,-0.002387,0.009815,0.989335
-0.136036,0.015999,-0.131549,-0.057855,0.669345
0.373597,-0.029649,0.494531,0.00873,0.111902
-0.142494,0.130883,-0.029751,-0.202395,0.469246
0.023234,-0.004948,-0.086088,-0.268423,0.616732
0.403655,-0.044048,-0.106804,0.143689,0.267052
-0.19414,-0.068986,-0.091354,-0.038069,0.575821
0.150983,-0.036045,0.366218,0.147779,0.202428
0.5,-0.344032,0.5,-0.158383,0.047381
0.041522,-0.022015,-0.085238,-0.043835,0.7592
0.073312,0.116065,0.33226,0.130067,0.302742
-0.316205,-0.018708,-0.106828,-0.22835,0.325283
-0.084631,0.004096,0.078247,-0.004537,0.806678
-0.081168,0.164391,0.073693,-0.052803,0.60842
-0.287625,0.038619,-0.337395,-0.309723,0.04146
0.088355,0.268857,0.038679,-0.051583,0.406889
-0.149616,0.076867,-0.156318,-0.171155,0.424651
-0.200903,0.015503,-0.347719,-0.101574,0.374891
-0.092105,0.048645,-0.322081,-0.45057,0.0
-0.399254,0.154158,-0.167337,-0.315766,0.0
-0.039252,-0.1887,-0.320239,-0.194771,0.22359
0.073494,0.019535,0.330758,-0.296638,0.308345
-0.115699,0.095986,0.233304,0.427911,0.149301
0.07744,0.238243,0.178559,0.232788,0.119715
0.071661,0.247863,0.02523,0.262911,0.313624
0.173124,0.285803,-0.088275,0.115659,0.230584
-0.04079,-0.00904,0.015105,0.022958,0.913276
-0.096462,-0.109007,-0.251791,-0.079316,0.428482
-0.183776,0.050929,-0.206891,-0.354385,0.263909
-0.116247,-0.093026,0.074557,-0.163154,0.532534
0.068418,-0.187743,0.274841,0.370826,0.0
-0.10859,-0.127971,0.411684,-0.194207,0.128683
0.058179,-0.042426,-0.119678,-0.049557,0.634246
0.089252,-0.259742,0.336389,-0.147,0.081226
-0.37166,0.158459,-0.016367,-0.184746,0.197713
-0.06805,0.354618,-0.17171,-0.275073,0.012188
-0.056946,-0.247138,0.293808,0.005388,0.319627
0.269294,0.090907,0.190498,0.330937,0.084458
0.267448,0.035202,0.164784,-0.089936,0.374998
-0.355648,0.148321,-0.295563,-0.256207,0.049974
-0.090486,-0.030009,0.0256,0.022121,0.772044
-0.228279,0.14927,-0.259707,-0.258275,0.0
-0.040344,0.073894,0.071433,-0.04382,0.750716
0.404651,-0.300671,-0.030112,-0.000288,0.091866
-0.247701,-0.167668,0.149925,0.006585,0.309914
0.263075,-0.099089,0.214584,0.301536,0.044633
0.118558,0.064359,0.139022,0.166484,0.420896
-0.064036,-0.072239,0.144307,0.006584,0.620701
-0.5,-0.215648,0.064812,-0.015713,0.058725
-0.106851,-0.356359,0.310338,0.5,0.0
-0.270353,0.112679,-0.133398,-0.166435,0.306802
0.318625,-0.064226,0.5,0.33762,0.0
0.202495,0.224489,0.066488,0.263836,0.14972
-0.302561,-0.039543,-0.160225,-0.314094,0.119621
-0.04142,0.354031,0.085159,0.149658,0.131499
0.055564,0.052111,-0.021528,0.369651,0.474943
-0.211315,-0.08536,-0.274358,-0.132741,0.264291
0.019928,0.112027,0.5,0.174333,0.131311
0.05472,0.144282,0.196106,0.084253,0.547062
-0.007277,-0.162352,-0.404593,-0.048809,0.328299
-0.327721,-0.115629,-0.281392,-0.219851,0.0861
-0.00258,0.243348,0.127203,-0.094025,0.414771
-0.115239,0.245504,-0.099881,-0.154983,0.329866
-0.066106,-0.5,0.24959,-0.172105,0.0
-0.215744,-0.5,0.177196,0.26033,0.0
0.289038,-0.177052,0.5,0.110876,0.034569
0.032646,-0.047727,0.007177,0.00896,0.907616
0.402011,-0.409001,0.40557,0.054956,0.0
0.259174,-0.133437,0.140824,0.250141,0.13209
-0.036473,0.140795,0.219761,0.104274,0.419588
-0.074815,-0.059332,-0.182614,-0.370623,0.270375
-0.092155,0.011482,0.005973,-0.206432,0.654228
-0.188561,-0.006414,-0.085479,-0.168257,0.561141
-0.040421,-0.247719,-0.049918,0.147323,0.314251
0.173007,0.28638,0.192155,0.081128,0.099697
-0.057306,0.027282,-0.265652,-0.113893,0.512217
0.086027,-0.258237,0.373385,-0.072095,0.10504
-0.146496,0.255332,-0.041853,-0.278036,0.070069
-0.217621,-0.18232,-0.182008,-0.228662,0.090975
0.147949,0.262104,0.015859,0.014003,0.456027
-0.23056,-0.175163,0.5,0.100331,0.0
0.005016,-0.055034,0.48204,-0.096548,0.339165
0.149687,0.389459,0.006879,0.126744,0.140409
-0.009746,-0.046302,0.084972,-0.062476,0.828039
0.032472,0.191483,0.171524,0.117481,0.440404
-0.018402,0.190014,-0.233385,-0.159744,0.282097
-0.221093,-0.120041,-0.108182,-0.128785,0.348146
-0.189032,-0.109864,-0.232481,-0.358727,0.108477
-0.060588,-0.152642,0.295454,-0.193885,0.171025
-0.15262,0.118687,-0.319476,-0.131574,0.22488
0.285709,-0.226455,-0.024046,0.06321,0.296516
0.217675,-0.186817,0.389886,0.5,0.0
0.129245,-0.007956,0.123618,-0.167507,0.529241
-0.098252,0.155874,0.096136,0.214119,0.403868
-0.12539,-0.178361,0.338139,0.067176,0.177732
-0.183971,-0.006401,-0.151074,-0.463657,0.214838
-0.029792,-0.000726,-0.020494,0.016185,1.0
0.002206,0.018522,-0.030733,-0.165277,0.728171
0.001059,0.241414,-0.014683,0.054656,0.584492
0.077314,-0.366575,0.5,0.140098,0.0
0.026777,0.039577,-0.031402,-0.010726,0.790115
0.008084,0.079952,0.087843,-0.064395,0.644577
-0.223046,0.064525,-0.183998,-0.283981,0.205051
0.279577,-0.202112,0.069601,0.255359,0.151073
-0.464809,-0.074362,0.270607,-0.260065,0.062883
-0.060197,0.060585,0.038429,0.108555,0.658611
0.271045,-0.15764,0.085385,0.232126,0.203839
0.075928,0.308033,0.102077,0.069118,0.224515
-0.00432,-0.011937,0.015472,0.008474,0.92336
-0.079008,0.137002,-0.002945,0.112111,0.571432
-0.321768,-0.204069,-0.021856,-0.050193,0.358558
-0.251355,-0.002443,-0.029797,-0.175146,0.572589
0.07763,-0.362355,0.020136,0.059819,0.252633
-0.083253,0.245342,0.017742,-0.42487,0.133923
-0.287162,-0.322792,0.154756,-0.229906,0.0
-0.190347,-0.236755,0.407246,-0.109076,0.060642
0.016961,0.189651,0.207037,0.13187,0.341595
0.5,-0.109071,0.5,-0.061075,0.0
0.059729,0.385809,0.011952,0.038601,0.293346
0.162494,0.284866,0.074742,-0.112271,0.340469
-0.042393,-0.011143,-0.012545,-0.004276,0.902378
-0.026985,-0.331656,0.120218,0.257719,0.092304
-0.191421,0.118404,-0.082864,-0.222598,0.370713
0.087001,0.133103,0.031032,0.258624,0.44858
-0.018873,0.067994,0.335644,0.342699,0.187614
0.387426,-0.216224,0.191822,0.146836,0.0
-0.099654,0.040161,0.053589,-0.168926,0.594383
-0.205961,-0.007265,-0.147335,-0.149337,0.452531
-0.329211,0.18555,-0.071955,-0.243688,0.074008
-0.189497,0.250962,-0.056221,-0.107286,0.309674
0.080717,0.013417,0.065247,-0.056765,0.788027
0.235404,0.45709,0.009707,0.296593,0.0
0.187761,-0.279605,0.444092,-0.003687,0.0
0.195591,0.109459,-0.023024,0.062281,0.508267
0.13575,0.262702,0.120194,0.108418,0.235504
-0.291954,0.010805,-0.268587,-0.269846,0.211373
0.10086,0.102658,0.052923,0.17301,0.515927
0.282004,-0.189421,0.5,0.337972,0.0
0.448719,0.02739,0.123106,0.357732,0.055477
-0.183329,-0.084588,-0.154571,-0.092923,0.398274
-0.10778,0.001159,-0.198273,-0.145938,0.501011
-0.228802,0.179412,-0.075436,-0.252055,0.137846
-0.258478,0.107254,-0.093316,-0.047934,0.440616
0.203677,0.156513,0.045531,0.062007,0.432922
-0.03126,0.027441,-0.095532,-0.30429,0.521248
-0.029185,0.021946,-0.043746,-0.048592,0.781873
0.087388,0.250928,0.139369,0.202804,0.176552
-0.098055,0.059131,-0.173348,-0.318758,0.214682
-0.268746,0.279719,-0.096296,-0.128568,0.161139
-0.317639,0.077476,-0.238982,-0.262856,0.099374
-0.291093,-0.120607,-0.307592,-0.108203,0.142416
-0.033856,-0.070398,-0.205866,-0.103439,0.471768
0.059599,0.155621,-0.033294,0.279613,0.487061
-0.32065,0.212881,-0.061195,-0.338119,0.050476
-0.205252,-0.007255,0.013952,-0.133899,0.598395
0.043047,0.019896,-0.053039,0.296527,0.560094
0.089561,0.328549,0.28636,-0.057938,0.136923
-0.044078,-0.268027,-0.054045,-0.224464,0.19695
0.119452,-0.378987,0.5,-0.143859,0.064849
-0.295984,0.019613,-0.200723,-0.327878,0.132969
-0.219068,0.156403,0.107402,-0.299622,0.110029
-0.17673,0.16546,-0.018356,-0.103399,0.4326
0.039953,0.032569,-0.008643,-0.006392,0.841745
0.005802,0.274628,0.052604,-0.00039,0.507979
-0.338749,-0.021827,0.007025,-0.267495,0.42551
0.055855,0.2684,0.053221,0.083791,0.368339
0.058202,-0.244743,0.408863,0.23147,0.006735
0.183636,-0.092554,0.221296,-0.088499,0.370882
0.166529,-0.5,0.27672,-0.086598,0.0
-0.041401,0.283721,-0.045891,-0.154102,0.414028
-0.387358,-0.182678,0.021618,0.065923,0.229537
-0.067684,-0.017414,0.090952,0.058309,0.809554
-0.012205,0.037431,0.024118,0.157268,0.771788
-0.206156,0.084806,-0.325112,-0.158065,0.181193
-0.008054,0.285562,0.086487,0.189986,0.3095
-0.335102,0.119128,-0.162624,-0.206869,0.127047
-0.145404,-0.5,-0.056654,-0.017789,0.12872
-0.390044,0.22579,0.257491,0.237701,0.013311
0.058777,0.106093,0.087164,-0.027811,0.63075
-0.179569,0.077693,-0.15722,-0.226236,0.310314
-0.28884,-0.280295,0.139901,0.018859,0.124443
-0.18867,0.043093,-0.285769,-0.42191,0.0
-0.028356,0.045917,-0.206437,-0.148096,0.599585
-0.172797,0.040267,-0.272518,-0.104514,0.384258
-0.034492,0.103541,0.070735,0.015808,0.746404
-0.053423,-0.042487,-0.28786,-0.013678,0.521153
-0.217142,0.095131,-0.294209,-0.145465,0.149862
-0.103268,-0.076919,-0.216235,-0.204313,0.315001
0.067346,0.214132,0.098301,0.129848,0.518334
-0.069532,0.067781,-0.144077,-0.155714,0.540949
0.118585,-0.119077,0.315563,0.014451,0.421897
0.209366,0.110198,-0.07274,0.314524,0.247727
-0.001683,0.002386,0.091449,-0.01535,0.913199
-0.135354,0.144936,-0.23852,-0.216214,0.156533
0.045441,-0.316886,0.212563,0.209799,0.05522
-0.039663,-0.024961,0.060084,-0.088068,0.743696
-0.168482,0.039231,-0.074904,-0.148828,0.543427
-0.276535,0.097679,-0.092533,-0.266023,0.092038
-0.025605,-0.03797,-0.010523,-0.022432,0.921766
-0.088407,0.110505,-0.177818,-0.294999,0.344261
-0.349196,-0.144732,-0.186814,-0.020292,0.239094
-0.019993,0.233917,0.161504,0.156916,0.287351
-0.242254,0.025109,-0.332791,-0.134591,0.197498
-0.025236,-0.034766,0.10164,-0.0393,0.801684
0.204885,0.326927,0.142809,0.130327,0.077735
-0.047278,0.022225,0.5,0.5,0.0
0.182164,0.193037,0.081715,0.062318,0.342261
-0.143367,0.283811,-0.234166,-0.005834,0.256165
-0.022402,0.08438,0.026494,-0.000837,0.862097
-0.037131,-0.031316,0.012377,-0.009038,0.937178
-0.013041,-0.337215,0.5,0.412706,0.0
-0.220833,0.206568,-0.115585,-0.39653,0.0
0.009305,0.075162,-0.104172,-0.213037,0.597713
0.5,0.054849,0.224413,0.079526,0.166102
0.283476,0.113749,-0.070422,-0.099768,0.253064
-0.077524,-0.071443,-0.190265,-0.124827,0.503394
0.131038,0.393129,0.017526,0.039308,0.125743
-0.013911,0.069052,0.228609,-0.135771,0.394632
0.111435,0.210242,0.200476,0.088849,0.2614
0.010818,0.096628,0.082433,0.38853,0.441618
-0.08355,-0.098004,-0.042543,0.044305,0.699036
-0.055044,-0.171909,0.134504,-0.075239,0.406157
-0.226235,0.041028,-0.258528,-0.266625,0.173824
0.037549,-0.216223,0.452844,0.356321,0.023992
-0.105675,0.061061,-0.197408,-0.26762,0.255209
-0.225548,0.025682,-0.086716,-0.153347,0.586384
-0.100966,-0.05737,-0.205889,-0.336009,0.221535
0.44754,-0.117545,0.485284,0.161231,0.023434
-0.025659,0.01113,-0.053494,-0.023346,0.950941
0.039676,0.342556,0.027931,-0.088889,0.387095
0.30692,0.221515,0.142935,0.288368,0.030953
0.265953,0.172458,-0.010682,0.097299,0.343729
0.167073,0.135787,0.006913,0.307252,0.303939
0.192483,-0.076234,0.438114,0.077353,0.234295
-0.082141,0.199691,-0.222575,-0.022439,0.409962
0.048935,-0.163115,-0.002781,0.061722,0.709807
-0.218779,-0.070508,-0.162315,-0.134596,0.474007
-0.01601,-0.369799,0.296793,0.5,0.08826
0.5,-0.393139,0.496349,-0.103868,0.0
-0.15838,0.099617,-0.10008,-0.269629,0.303652
-0.060339,0.022581,-0.079967,-0.087323,0.714099
-0.162035,-0.117625,-0.246525,-0.176667,0.215784
0.2843,0.063907,0.208131,0.197648,0.158663
-0.006194,-0.002445,0.032559,-0.013883,0.96526
0.033693,0.010289,0.065528,-0.041657,0.837997
-0.234317,0.179479,-0.113107,-0.23456,0.195212
-0.116603,-0.014092,-0.023477,0.00448,0.775532
0.198127,-0.33775,0.144906,-0.11902,0.051502
-0.086707,-0.334737,0.5,0.05767,0.02828
-0.038794,-0.077705,-0.03105,0.03698,0.752955
0.164752,0.114396,0.039061,0.087276,0.542612
0.085854,0.193637,0.070186,0.007106,0.504724
0.234785,0.193913,0.204927,0.068402,0.204738
-0.059405,-0.328845,0.5,-0.114584,0.0
-0.229287,0.007428,-0.23652,-0.136351,0.387813
-0.170732,0.228219,0.047366,-0.391939,0.053448
0.032435,0.135978,-0.054525,0.124312,0.568966
-0.335251,0.069763,-0.095954,-0.11568,0.298074
0.248771,0.354112,0.052134,0.123858,0.043959
-0.151043,-0.22488,0.238008,0.5,0.000833
-0.125983,-0.099937,0.5,0.404792,0.067971
0.040399,-0.5,0.032064,0.336089,0.0
-0.077958,-0.022747,-0.025974,0.015564,0.854026
0.084317,0.012102,0.126364,0.178142,0.530222
-0.188861,0.039801,-0.175633,-0.268387,0.277953
0.007348,0.003015,-0.016648,0.029335,0.955862
0.007049,0.024628,0.018472,-0.013659,0.857417
-0.012765,-0.339306,0.137375,0.153515,0.21202
0.029201,-0.015546,-0.052561,0.068537,0.824245
-0.01166,0.209785,0.090712,0.121912,0.440291
0.22008,-0.154847,0.164033,0.125756,0.246524
-0.328054,-0.033481,-0.030715,-0.27979,0.325449
-0.131986,0.219014,-0.109675,-0.226547,0.196448
-0.118089,0.256172,-0.159702,-0.360314,0.003231
-0.222361,0.154244,-0.167472,-0.45695,0.0
0.042782,0.08862,0.045043,0.330113,0.463279
-0.24513,0.06414,-0.158553,-0.170664,0.371851
0.138022,0.134231,0.089482,0.080352,0.600659
0.159425,0.103099,-0.084042,0.145782,0.435895
0.011161,0.115199,0.149993,0.107171,0.476639
-0.14518,0.019398,-0.19313,-0.039418,0.500191
0.029783,-0.5,0.057602,0.03203,0.21298
-0.213594,0.098431,-0.097418,-0.226825,0.239546
0.030242,0.219826,0.00516,-0.008621,0.607127
0.23769,-0.073323,-0.081605,0.224457,0.326261
-0.278954,0.464486,-0.044142,-0.185578,0.03015
-0.151311,0.032771,-0.16533,-0.392733,0.210028
0.140514,0.381302,0.173522,0.101705,0.0
-0.400402,0.438626,-0.04084,0.180983,0.0
-0.162274,0.012005,-0.167421,-0.072276,0.671134
-0.316102,0.053196,-0.163665,-0.321003,0.185258
-0.071214,-0.28158,-0.058618,0.030004,0.406912
-0.081197,0.02604,-0.002186,0.089998,0.85351
0.262544,0.493567,0.142156,0.094176,0.0
0.12841,0.264085,-0.08189,0.254985,0.233635
-0.189886,0.063722,-0.083478,-0.307367,0.326195
-0.18888,-0.019758,-0.250928,-0.184834,0.453763
-0.155332,0.051481,0.049938,-0.256214,0.451767
-0.065766,-0.117237,0.452178,-0.021986,0.246905
-0.339201,-0.059449,-0.130277,-0.167592,0.288035
-0.17319,0.121186,-0.130302,0.022625,0.618065
0.008246,0.021011,0.032607,0.035123,0.803127
0.064913,0.126793,0.061547,0.025634,0.705313
-0.182586,0.075454,-0.111418,-0.307547,0.249729
0.087267,0.333433,-0.075764,0.033129,0.429222
0.030988,0.063054,0.095333,0.067317,0.707224
-0.141711,0.046965,-0.191721,-0.378115,0.206266
-0.185047,-0.01131,-0.209626,-0.200169,0.378068
-0.133145,0.145487,-0.142499,-0.343234,0.23831
0.107379,0.240261,0.192779,0.174298,0.14616
0.041421,0.162562,0.080771,-0.080455,0.583028
0.205702,0.294895,-0.036919,-0.070449,0.261723
0.234677,0.172206,0.310074,0.230546,0.0
0.128096,0.264072,0.101932,-0.017963,0.364576
0.099023,0.233749,0.147205,-0.011923,0.486949
-0.147134,-0.20899,-0.016362,-0.141756,0.389904
-0.202329,-0.225777,0.140957,0.309442,0.046424
-0.053546,0.125941,-0.06638,-0.134038,0.578152
-0.270251,-0.074407,-0.097011,-0.187147,0.277775
-0.127549,-0.022654,-0.223918,-0.249829,0.337985
-0.001357,0.035327,-0.000266,-0.032897,0.846287
-0.276749,0.298325,-0.102597,-0.211906,0.032454
0.110449,-0.002717,-0.037665,-0.064208,0.745405
0.207256,0.090635,-0.073758,0.062905,0.534878
-0.127874,-0.17784,0.141243,-0.212655,0.236896
-0.015819,-0.012623,-0.00635,0.000515,0.976636
-0.044899,0.267725,-0.022709,0.187897,0.307785
-0.155109,0.223872,-0.175334,-0.351631,0.029612
-0.208637,-0.123803,-0.228233,-0.255706,0.133136
-0.199689,-0.00738,-0.067686,-0.256631,0.439857
-0.003207,-0.017164,-0.251861,-0.047352,0.592383
-0.087226,-0.174604,-0.091596,-0.295648,0.232904
0.020963,0.006985,0.041008,0.006311,0.887619
0.033251,0.067125,0.059606,0.032167,0.773367
-0.20767,0.293645,-0.307137,-0.128354,0.0
0.031676,0.088135,0.091787,0.124438,0.55429
-0.042699,0.32958,0.013452,0.025776,0.485131
-0.015734,-0.049684,-0.344459,-0.392545,0.228251
-0.329664,0.007207,-0.182389,-0.117343,0.340396
0.230253,0.175805,0.185816,-0.061028,0.307754
-0.179398,0.132035,-0.061116,-0.355693,0.176321
-0.125612,0.329337,-0.350815,-0.08569,0.0
0.253473,-0.378685,0.307647,0.200802,0.053692
0.449898,-0.418333,0.5,0.349829,0.0
0.384889,-0.270113,0.117403,0.19407,0.0
0.005154,-0.061838,-0.102783,-0.07542,0.724419
-0.075066,0.039165,-0.023067,-0.211644,0.68033
-0.314987,0.101234,-0.273305,-0.09293,0.142669
-0.401947,0.035408,-0.019509,-0.285577,0.267493
0.469977,-0.22547,0.106953,0.5,0.0
-0.017939,0.036087,-0.038614,0.014254,0.873441
0.193861,0.218628,0.5,0.069005,0.0
-0.031428,0.097423,0.001481,-0.009892,0.723902
0.043509,0.277873,0.067221,0.038062,0.445159
-0.052548,0.254065,-0.050293,-0.208954,0.280245
0.17036,0.342111,-0.071345,0.212736,0.031475
-0.054301,0.006822,0.035629,-0.018104,0.81138
-0.16734,0.021036,-0.06606,-0.259234,0.515971
-0.353771,-0.023417,-0.156157,-0.165472,0.311232
0.03743,0.061087,-0.01835,-0.036251,0.800468
-0.035362,0.048179,0.051184,-0.128637,0.712679
-0.094914,-0.043851,-0.05219,-0.092018,0.619253
-0.013583,0.015779,0.368234,-0.133631,0.431171
0.034345,0.304664,-0.369664,-0.173915,0.0
0.107259,0.427622,-0.00099,0.116811,0.204498
-0.12607,0.113888,-0.096281,-0.337647,0.299607
-0.004609,0.000156,0.007333,0.000411,1.0
-0.116802,0.10034,-0.021624,-0.36662,0.354724
-0.103076,-0.109516,-0.282135,0.030992,0.377646
0.126921,0.274087,0.060647,-0.037139,0.241789
-0.263746,0.230192,-0.221514,0.054889,0.086872
-0.033886,0.089056,-0.009349,-0.023399,0.793146
0.161281,0.189339,0.184504,0.036915,0.328804
0.230695,0.138752,0.179006,0.35165,0.0
0.5,-0.285665,0.425002,0.39292,0.0
0.048462,-0.031619,-0.044542,-0.032655,0.852817
0.015308,0.100038,0.011764,-0.050385,0.748639
-0.121357,0.238128,-0.05123,0.022128,0.561423
-0.306284,-0.199956,0.069501,-0.152329,0.175964
-0.070512,0.021537,-0.022824,-0.048889,0.874391
0.188698,0.133486,0.151146,0.326679,0.20471
-0.00682,-0.071476,-0.022807,0.049,0.88315
0.164593,-0.240744,0.381429,0.043377,0.036974
0.292547,0.16211,0.152465,0.004337,0.347483
-0.139025,0.233648,-0.195095,-0.167348,0.032444
0.006232,0.124491,-0.13688,-0.327896,0.345303
-0.132846,-0.030538,-0.146437,-0.30289,0.434585
-0.075105,0.022943,-0.076398,-0.054129,0.869058
0.082009,-0.133095,0.5,0.433783,0.0
0.13027,0.144292,0.216868,0.400348,0.098924
0.185339,-0.216712,0.19839,0.201208,0.08369
-0.264532,0.099266,-0.043319,0.009007,0.512126
0.235061,0.100567,0.064081,0.045118,0.576831
0.205929,0.121579,0.350431,0.330652,0.0
-0.351576,-0.097431,-0.089419,-0.166314,0.22352
0.09533,0.011258,-0.065331,-0.004815,0.813214
-0.224607,0.180048,-0.30704,-0.023834,0.113383
0.064103,0.061028,0.054468,0.318724,0.375899
0.223344,-0.020732,0.372664,0.12562,0.271966
-0.11318,0.17377,-0.295765,-0.052109,0.311203
-0.289679,0.075841,-0.127566,-0.251017,0.200428
-0.142203,0.105338,-0.190731,-0.231844,0.267206
-0.007039,0.057228,-0.013721,-0.092874,0.900902
-0.118272,0.045506,-0.285939,-0.261839,0.264764
0.5,-0.228894,0.102962,0.159372,0.0
-0.237145,-0.107807,-0.118793,-0.073131,0.478884
0.206235,-0.192206,-0.04075,0.112314,0.244372
0.262928,0.360352,0.006642,0.249134,0.12224
-0.436474,-0.04444,-0.14638,-0.22989,0.139955
-0.172986,-0.015062,-0.212043,-0.300966,0.27218
-0.058951,0.238618,0.175985,0.178137,0.208973
-0.258043,0.24494,-0.188748,-0.13491,0.0
0.048985,-0.5,0.5,0.167441,0.016175
0.138799,0.099267,0.075767,0.021465,0.653171
0.205608,-0.400303,-0.11127,0.187997,0.00452
-0.242895,0.131147,0.136226,-0.126802,0.198325
-0.260158,0.184517,0.012991,0.013294,0.375276
-0.08321,0.492554,0.13381,0.02428,0.063423
0.101622,0.126087,0.181496,-0.060928,0.526541
-0.130473,0.01528,-0.096891,-0.046994,0.609628
0.035866,0.256188,-0.100531,-0.099608,0.361745
0.282105,0.242929,0.09019,0.141351,0.116607
-0.170456,-0.134493,-0.171124,-0.295255,0.138758
0.328869,-0.331241,-0.019896,0.271136,0.089448
-0.168134,0.002804,-0.207748,-0.460286,0.186652
-0.082372,-0.234957,0.046224,0.040677,0.521849
-0.178662,0.008461,-0.192973,-0.093089,0.566838
0.127425,0.037144,0.448062,0.395233,0.0
-0.108165,0.079622,-0.00516,-0.309377,0.434242
-0.030163,-0.13005,-0.206207,-0.223868,0.449139
-0.086681,0.186889,-0.032251,0.235371,0.305403
0.156537,-0.428067,-0.038304,0.149616,0.0
-0.322373,-0.000722,-0.200084,-0.295325,0.199517
0.415603,0.03633,0.473362,0.047537,0.0
0.017069,-0.083229,-0.00165,-0.017267,0.826651
-0.237367,0.151608,-0.192204,-0.326914,0.028828
-0.201427,0.185766,-0.105826,-0.375045,0.066796
-0.013653,0.027486,0.01294,-0.023457,0.986213
0.117268,-0.440581,0.33162,-0.188179,0.0
-0.063079,0.298828,0.010319,0.088467,0.446751
-0.224997,0.102052,0.002745,-0.299053,0.409032
-0.019235,0.10037,-0.004819,-0.084793,0.785094
-0.185632,-0.009579,0.227668,0.06039,0.541856
-0.193382,0.231336,-0.130629,0.026536,0.328887
-0.247625,0.046378,0.027538,0.034667,0.646436
0.071877,-0.035263,0.005933,-0.015813,0.831559
0.049292,0.273851,-0.155271,0.232461,0.069235
-0.112402,0.331488,-0.151046,-0.237407,0.105004
0.29449,-0.368903,0.219712,0.09499,0.0
-0.342804,-0.073958,-0.12216,-0.330215,0.122975
-0.023179,0.228767,-0.041716,-0.078291,0.493929
0.077706,0.229713,0.205122,0.196225,0.298901
0.030986,-0.00852,0.032267,-0.027672,0.994509
0.046391,-0.348318,0.419288,0.238039,0.0
0.104355,0.396156,0.135115,0.314008,0.0
0.032466,0.163498,0.08793,0.171776,0.574598
-0.143699,-0.103682,-0.134009,-0.237852,0.380032
0.172587,0.185443,0.092072,0.125514,0.274788
0.183213,0.267506,-0.062715,0.170368,0.165815
0.080336,0.360298,0.038982,0.228533,0.045082
-0.12881,-0.182458,0.5,0.409526,0.0
0.021059,-0.010575,0.076192,-0.01838,0.910053
-0.185678,0.057091,-0.141522,-0.344253,0.156567
-0.082041,0.195575,-0.313483,-0.329831,0.013508
0.149041,0.394871,0.127353,0.28052,0.0
-0.23378,-0.018931,0.5,-0.079165,0.134689
-0.218004,0.057736,-0.242473,-0.192343,0.187088
-0.211624,0.106364,-0.229399,-0.084159,0.294292
0.011543,0.00043,-0.129804,-0.340352,0.574944
0.18561,0.064839,0.041333,0.099708,0.503972
0.022981,-0.015751,-0.011076,-0.034631,0.88706
0.006947,0.268569,0.114323,0.170168,0.31918
0.024317,0.156772,0.101657,0.084528,0.571457
-0.091112,-0.072481,-0.055282,0.334406,0.471414
0.290535,0.251854,0.263824,-0.176802,0.0
0.1093,0.237848,-0.013643,0.027999,0.541863
0.030688,0.165762,-0.226595,-0.369551,0.08589
0.116471,-0.29136,0.259432,0.190094,0.008299
-0.162982,0.142524,-0.09397,-0.065995,0.410258
0.064103,-0.276,0.285222,0.262403,0.0
-0.00545,-0.0067,-0.018038,0.003036,0.979149
-0.167313,0.035279,-0.178057,0.144156,0.428991
-0.03577,-0.102514,-0.252919,-0.163939,0.42
-0.077122,-0.006939,0.004141,-0.157863,0.80857
0.200167,-0.13609,0.5,-0.249706,0.022588
-0.134498,0.156909,0.001289,-0.207598,0.420731
-0.125468,0.16067,-0.33372,-0.045136,0.202176
-0.336371,0.059087,-0.126796,-0.330892,0.131467
-0.015403,-0.028627,0.062969,-0.046671,0.856104
-0.075525,0.299149,0.225735,0.273513,0.0
0.5,-0.388771,0.200255,0.006405,0.0
-0.017271,0.286639,0.096263,0.042223,0.341332
-0.01601,0.025137,-0.014655,-0.052157,0.846353
-0.11587,0.155468,-0.409165,0.388752,0.046893
-0.013577,-0.044382,-0.179263,-0.051053,0.601873
-0.068551,-0.131078,-0.072438,-0.037621,0.602571
0.288329,0.012879,-0.043861,-0.314797,0.410676
-0.091102,0.082866,-0.039017,-0.180907,0.565117
-0.187973,0.197275,-0.106159,-0.191001,0.232102
0.134919,-0.124828,0.230185,0.065792,0.338222
-0.143451,-0.027091,-0.346647,-0.401447,0.126582
-0.090714,0.034422,-0.105499,-0.035358,0.694083
0.150451,0.281082,-0.007058,0.246165,0.233393
0.153412,-0.091787,-0.02585,0.090572,0.565467
-0.190854,0.004952,-0.321647,-0.143173,0.30165
0.190103,0.112228,0.311449,0.054811,0.315954
0.100505,0.242717,0.289936,0.026718,0.278197
0.216826,0.092219,-0.059127,0.012797,0.600415
0.029029,0.440005,-0.016864,-0.232415,0.033325
0.072638,-0.170539,0.376454,0.417932,0.0
-0.179149,0.107576,-0.13163,0.041727,0.454036
0.411731,-0.200531,0.23798,-0.065706,0.027964
0.028668,0.042846,0.003313,0.04964,0.784619
0.072061,0.244879,0.005853,0.122796,0.432161
-0.418339,0.083578,-0.041581,-0.101716,0.264301
-0.013788,-0.207507,0.152611,0.050563,0.519784
-0.141886,-0.5,0.187891,0.162492,0.055134
0.245941,0.374063,0.01228,0.174423,0.003599
-0.097283,0.124837,-0.107441,-0.160148,0.408468
-0.005401,-0.024592,-0.032102,-0.099703,0.822383
-0.135334,-0.015574,-0.093839,-0.168279,0.646163
-0.232927,-0.015214,-0.026944,-0.181488,0.538861
-0.283431,0.061711,0.068793,-0.188072,0.354252
0.058449,0.150488,0.043185,-0.08626,0.59156
0.107811,-0.154954,0.275441,0.27619,0.17425
0.076288,0.272689,0.163298,-0.122461,0.192909
-0.138611,-0.008176,-0.20862,-0.370447,0.323726
0.216056,0.362943,0.014767,0.157113,0.119256
0.33219,-0.242479,0.081487,0.245462,0.0
-0.208203,-0.032641,-0.150711,-0.100878,0.540329
0.042404,-0.261887,0.160063,-0.210621,0.175433
-0.053175,0.048201,0.010959,0.021392,0.735764
0.077483,0.095734,0.074231,0.148225,0.593987
-0.133367,-0.127496,-0.303406,0.092144,0.225845
-0.279725,0.148125,-0.20346,-0.189332,0.17307
0.5,-0.216539,0.5,-0.194011,0.051544
0.338644,0.094674,0.178269,0.303356,0.053778
0.172256,0.296729,0.02472,0.006698,0.357677
0.073403,-0.090817,0.018653,0.066129,0.694171
0.076249,0.056489,0.198842,0.050338,0.481235
-0.348735,-0.215193,-0.085641,-0.283979,0.0
-0.259966,-0.092209,-0.011065,-0.292814,0.330455
-0.00022,-0.002605,-0.069083,-0.026712,0.898923
0.062429,-0.319156,0.5,0.5,0.009344
-0.04326,0.033184,-0.291972,-0.229053,0.308575
-0.275054,0.024132,0.042807,-0.231127,0.373993
-0.028591,-0.034098,-0.018182,0.041009,0.887729
-0.048797,0.221065,-0.139899,-0.453627,0.048694
0.135857,0.28185,0.1599,0.044036,0.195765
-0.010929,-0.010207,-0.025994,0.104503,0.748868
0.02464,0.289055,0.03505,0.095348,0.456001
0.292142,0.206657,0.053479,0.046519,0.241226
-0.166313,0.30713,-0.18085,-0.116005,0.0
-0.394158,-0.317454,0.5,0.5,0.0
0.098687,0.343247,-0.222505,0.074664,0.04818
-0.16049,0.076258,-0.277754,-0.026023,0.409264
0.011018,-0.328722,0.406576,0.185121,0.007345
0.042927,0.318576,0.032822,-0.197626,0.313956
-0.153796,0.087365,-0.346764,-0.169177,0.227697
-0.007986,0.059495,0.059257,-0.063393,0.773816
0.287287,0.225057,0.02656,0.057878,0.265503
-0.080838,-0.010083,0.00836,-0.007729,0.914369
0.067181,0.125089,0.152984,-0.308904,0.274498
-0.062549,0.052922,-0.014098,0.022252,0.893469
0.147286,0.014718,0.093001,0.254594,0.468644
0.256647,-0.38744,0.444642,0.5,0.005112
0.21556,-0.5,0.5,0.269468,0.029301
-0.1212,-0.435618,0.43412,0.317188,0.022099
-0.030269,0.166081,0.30854,-0.117907,0.230538
0.318527,-0.128026,0.5,0.277659,0.0
0.203154,0.231501,-0.037732,0.115989,0.360005
0.074513,-0.12464,0.239306,-0.377389,0.138914
0.055808,-0.105235,-0.055507,0.019384,0.672865
0.427064,-0.5,0.263353,0.10021,0.068309
0.164663,0.234305,0.077532,0.077596,0.256873
0.223688,0.158142,-0.008799,0.286973,0.171966
-0.003116,-0.001202,0.111184,0.195495,0.671738
-0.178857,-0.136565,-0.104827,-0.368614,0.113358
-0.247727,0.079443,-0.169889,-0.025846,0.360706
-0.183725,0.298448,-0.322136,-0.10256,0.0
0.048507,-0.281089,-0.124061,0.159669,0.183685
-0.236564,0.187819,-0.085528,-0.050089,0.395269
-0.131212,0.075162,-0.173454,-0.204353,0.390971
-0.027771,-0.404969,0.5,0.06568,0.0
-0.094677,0.047635,-0.191143,-0.090753,0.546507
0.194927,0.158186,0.05754,-0.048172,0.473886
0.161407,-0.284109,0.285357,0.253387,0.0
-0.279802,0.271573,-0.230139,-0.28689,0.0
0.139068,0.115129,0.120731,0.067421,0.565237
0.024792,0.040954,0.011371,-0.033198,0.770156
0.071308,0.348079,0.141974,0.118244,0.034728
-0.047503,0.3089,0.090933,0.121129,0.310017
0.446502,-0.087613,0.194276,0.253739,0.050425
-0.011855,0.004454,-0.031625,-0.02602,0.943564
-0.025555,-0.002378,-0.041201,-0.222375,0.725007
-0.425494,-0.182619,0.175167,0.277568,0.010508
-0.251197,-0.14947,0.12709,0.191782,0.136538
-0.190792,-0.21492,0.350857,-0.093338,0.113337
0.052525,-0.014218,-0.063828,-0.061603,0.833492
0.252799,0.259656,-0.003666,0.020041,0.417577
-0.370813,0.038955,-0.163926,-0.165202,0.219982
0.279984,0.461612,0.345039,0.217668,0.031497
-0.074937,0.053101,-0.076949,0.12416,0.683827
0.031376,-0.26548,0.286054,0.227208,0.108466
-0.140947,0.028598,-0.172692,-0.050792,0.602472
0.280231,-0.492404,0.174413,-0.103751,0.0
-0.047233,0.03498,-0.02045,-0.051792,0.76601
0.0801,-0.240268,-0.044557,0.325246,0.168642
0.062918,-0.041577,-0.020697,0.014634,0.842698
0.108045,-0.5,0.030361,0.5,0.0
-0.059883,0.220248,-0.157884,0.072227,0.307156
-0.037004,-0.002294,-0.031119,0.032847,0.90733
-0.369195,-0.074935,-0.162121,-0.33784,0.020634
-0.255,0.063435,-0.263494,-0.39906,0.0
-0.275684,-0.07527,-0.133741,0.012703,0.520555
0.436301,0.030026,0.402596,-0.285705,0.0
-0.313838,0.106694,-0.144798,-0.301563,0.162184
0.076477,0.209905,0.086655,0.181499,0.314412
0.123166,0.077471,0.116821,0.142971,0.526757
0.010506,0.072496,-0.34915,-0.341073,0.110182
-0.129264,0.080573,-0.139826,0.099983,0.492068
-0.295635,0.146141,-0.120159,-0.062191,0.334848
-0.385017,0.216747,-0.022031,-0.233706,0.031904
-0.129695,-0.173367,-0.186029,-0.177873,0.26535
-0.020978,-0.054115,-0.231386,-0.171561,0.480929
-0.083387,0.037854,-0.036996,-0.186217,0.679957
-0.023687,-0.084033,-0.100863,0.021933,0.708846
0.02603,0.198872,-0.131045,-0.183736,0.274805
0.074933,-0.137815,-0.000351,0.024097,0.594711
-0.054301,-0.461981,-0.250439,-0.047186,0.010861
-0.013446,-0.143322,0.200245,0.057393,0.63181
-0.314036,0.206551,-0.164821,-0.152182,0.054708
0.032847,0.11399,-0.265615,-0.270038,0.257675
0.069294,0.295583,0.033054,-0.060048,0.377365
-0.233098,0.148668,-0.072317,-0.198389,0.201474
0.014594,0.018168,-0.019622,0.009717,0.948371
-0.097925,0.051134,0.077309,0.442078,0.26499
0.075969,0.083367,0.277059,0.151604,0.240499
-0.375859,-0.003317,-0.253332,-0.31486,0.023988
-0.272899,0.087841,-0.247052,-0.145421,0.236921
-0.012508,-0.297746,-0.117655,0.226155,0.271223
0.219147,-0.059508,-0.075862,0.5,0.057533
0.162132,0.125035,0.104266,0.02908,0.54275
0.188566,0.408595,0.022663,0.104128,0.131231
0.185281,-0.13238,-0.023486,0.067096,0.454249
-0.066742,0.046533,0.03199,0.043316,0.773501
0.15752,-0.061951,0.346268,0.296319,0.13645
-0.194435,-0.06848,-0.017685,-0.31107,0.390135
-0.136447,0.053065,0.422358,0.177498,0.281279
0.042289,-0.013578,0.007868,0.069195,0.810903
-0.186102,-0.070845,-0.138147,-0.228957,0.274172
-0.288461,0.194665,-0.338895,-0.127854,0.011602
-0.135018,-0.167253,-0.119779,-0.032589,0.502823
-0.187348,0.180869,-0.287449,-0.055558,0.148995
0.07443,0.002627,0.040955,0.107843,0.788972
-0.047712,0.002672,0.06571,0.015732,0.924516
0.227827,-0.005452,0.277243,0.192806,0.34205
0.068119,-0.342694,0.479233,0.22728,0.0
-0.304429,-0.113529,0.303472,0.20051,0.043888
0.061969,-0.151186,0.011229,0.184797,0.484191
-0.019586,0.096805,0.183215,0.294264,0.417898
-0.183468,0.349283,-0.310627,-0.167319,0.057389
-0.011256,0.05384,0.014185,0.054969,0.759866
0.11683,-0.5,0.032249,0.139945,0.0
0.052032,-0.074332,-0.091066,0.031036,0.673155
-0.057527,-0.197629,0.155568,0.118042,0.357487
-0.038856,-0.011596,0.02014,-0.044882,0.822481
-0.289801,-0.01864,0.233183,0.5,0.021143
-0.092918,0.168928,-0.043769,-0.409213,0.245628
-0.154815,0.122808,-0.17853,-0.178442,0.276729
-0.338375,-0.285943,0.368473,-0.085307,0.0
0.053918,0.002126,0.006908,0.013201,0.878584
0.070665,0.288495,0.073458,0.081546,0.381248
0.293495,-0.071514,0.051803,0.151983,0.31156
0.16047,-0.5,0.460044,0.094844,0.0
-0.159661,-0.27328,-0.198359,-0.298794,0.093788
-0.239322,0.069313,-0.238586,-0.197778,0.223294
-0.292397,0.04129,-0.119447,-0.328253,0.236141
0.299387,-0.051517,0.314705,0.192311,0.160807
-0.346803,-0.249992,-0.175288,-0.233485,0.0
-0.235457,0.056168,-0.282435,-0.042756,0.324173
-0.147692,0.047598,-0.144191,-0.120221,0.480555
-0.146846,-0.095095,-0.041104,-0.186077,0.542501
0.182499,0.278923,0.08971,0.203157,0.103492
0.171119,-0.005986,0.110033,0.20507,0.519094
-0.153326,0.236428,-0.306298,-0.06865,0.114399
-0.045253,-0.044696,-0.02497,0.071142,0.719309
0.125526,0.114588,0.07009,0.185667,0.451486
0.5,-0.190926,0.295444,0.340133,0.005336
0.189261,0.047216,-0.060707,0.135736,0.547889
-0.260453,-0.051137,-0.185719,-0.043185,0.473269
-0.048508,-0.082438,0.055019,-0.028579,0.72486
-0.051794,0.241576,0.000627,0.222588,0.412193
-0.329506,-0.010026,-0.069476,-0.202932,0.310887
0.234707,0.381079,-0.044992,0.252521,0.0
-0.212626,-0.191766,-0.136665,-0.264505,0.170182
-0.21032,0.095169,0.019291,-0.1519,0.431395
0.119266,0.326552,-0.037896,0.198066,0.101864
0.17637,0.099139,-0.057148,-0.059746,0.64369
0.021157,-0.077861,0.275601,0.026339,0.550425
-0.287758,-0.171651,-0.155963,-0.143355,0.13941
0.131249,-0.021134,-0.011724,-0.018181,0.853049
0.124558,0.134818,0.126853,-0.058575,0.520297
0.036611,-0.098254,0.096482,-0.047042,0.628076
-0.126994,-0.071688,-0.264372,-0.247346,0.312181
-0.306454,-0.146888,-0.063419,-0.091752,0.280932
-0.075383,0.049627,0.028605,0.020164,0.783018
0.122669,0.373064,-0.073735,0.080987,0.143643
0.011514,-0.013629,0.059308,0.055954,0.854474
-0.100416,0.158991,-0.327767,-0.146672,0.271073
-0.105831,0.155221,-0.012714,-0.192894,0.322384
-0.103103,-0.004426,-0.078327,-0.030631,0.829552
0.081803,0.161303,-0.03084,0.113659,0.5431
-0.158042,0.161165,-0.21521,-0.020988,0.444157
-0.005397,0.017266,-0.077264,-0.00809,0.836551
-0.11803,0.156009,-0.207382,-0.192013,0.247482
0.253453,0.226405,0.202515,0.217314,0.0
-0.150707,0.292711,-0.079351,-0.119319,0.235277
0.152437,0.093458,-0.052295,-0.111483,0.61801
-0.213926,0.111511,-0.313315,-0.221256,0.171904
-0.243433,0.091947,-0.126011,-0.139773,0.347422
0.088336,-0.039922,-0.177302,0.072975,0.616447
-0.052712,-0.12163,0.011923,-0.221982,0.507536
-0.139718,0.100184,0.00085,0.061151,0.609025
-0.216358,0.317814,-0.057694,-0.011272,0.224343
-0.071765,0.202529,-0.13997,-0.098503,0.381276
-0.251234,-0.12636,-0.244253,-0.050089,0.311547
0.193012,0.245955,0.185512,0.071302,0.136306
-0.252077,-0.272323,0.46713,0.173718,0.05628
0.092723,0.0706,0.096249,0.027244,0.66556
0.041117,-0.021173,0.009291,0.07137,0.765221
-0.13253,-0.148645,-0.128555,-0.22131,0.403313
0.441502,-0.384003,0.352388,0.227073,0.0
-0.220694,0.010088,-0.060637,-0.151621,0.550596
-0.168088,0.22331,0.015922,-0.362989,0.107022
0.151055,0.239478,-0.154986,-0.006384,0.366843
0.188909,0.09696,0.160651,0.000728,0.52339
0.198469,0.185654,0.226574,0.23064,0.089506
-0.262623,0.08268,-0.236918,-0.096156,0.341958
0.187243,-0.039712,-0.069564,0.163594,0.584237
-0.248585,0.051566,-0.195804,-0.11642,0.371969
0.037552,0.020085,0.012635,-0.063952,0.873571
0.063217,0.288921,0.187844,0.032566,0.380816
0.108364,0.309833,0.075455,-0.220077,0.095955
-0.017442,-0.066291,-0.023571,-0.037122,0.849824
-0.28737,-0.098275,-0.135856,-0.079465,0.241919
-0.20621,-0.115928,-0.142747,-0.057852,0.493704
-0.149556,0.023543,-0.286395,0.007951,0.586114
0.055613,0.138023,0.2443,-0.034309,0.480668
-0.213743,-0.074949,-0.027634,-0.220676,0.447679
0.096925,0.076233,0.11825,-0.027112,0.639209
0.050746,0.243318,-0.065329,-0.059656,0.489841
0.032361,-0.295097,0.184161,0.5,0.036778
0.082705,0.029583,0.013734,-0.021577,0.746345
-0.146019,0.09988,0.003472,-0.079528,0.578058
-0.23338,-0.078963,0.065862,-0.085122,0.54002
-0.262888,0.026236,-0.134417,-0.249725,0.4188
-0.137753,0.14112,-0.156147,-0.333878,0.163573
0.277325,-0.329561,0.5,-0.223991,0.0
-0.005431,0.014476,0.118572,0.188207,0.702431
0.479716,-0.5,-0.129876,-0.19533,0.0
-0.174197,-0.343514,0.361079,0.18139,0.0
-0.282365,0.135887,-0.323664,-0.313595,0.0
-0.067616,-0.048221,0.00367,0.014366,0.729982
0.488325,-0.400862,0.181189,0.066727,0.0
-0.011762,-0.00412,-0.06855,-0.243562,0.66333
-0.170984,0.090675,-0.102357,0.01037,0.550911
-0.322205,-0.013471,-0.452572,-0.356789,0.099662
-0.172289,-0.35005,0.09169,0.5,0.0
0.305207,-0.284782,0.166203,0.061862,0.014536
0.147087,0.167024,0.064414,0.198188,0.286683
-0.155625,-0.068086,-0.223768,0.072576,0.374018
0.186867,0.133238,-0.033557,0.070161,0.492033
0.034757,0.054779,-0.063691,0.00265,0.911355
0.153449,0.109212,0.231843,0.008937,0.393864
-0.102293,-0.114702,-0.325807,-0.235828,0.079814
-0.005106,0.156448,-0.074148,0.186408,0.506439
-0.125887,0.011375,-0.122972,-0.183826,0.504514
0.103019,0.401787,-0.004353,0.053119,0.231827
-0.18698,0.12363,-0.204588,-0.210891,0.247858
-0.489608,-0.116526,0.019272,0.000355,0.275018
-0.247101,-0.152832,0.220908,-0.235395,0.049689
0.038352,-0.064896,9.3e-05,0.007834,0.847193
0.082015,-0.221079,0.308969,0.072751,0.26746
0.071747,0.097668,-0.092381,-0.216728,0.475964
-0.34551,0.250932,-0.084467,-0.14305,0.089287
-0.11859,-0.428611,0.211357,0.154843,0.0
-0.106757,0.070644,-0.137189,-0.342116,0.296555
-0.169807,-0.166989,-0.201254,-0.281302,0.050514
0.304699,0.148191,0.137203,-0.032546,0.313502
-0.238065,0.078352,-0.282919,-0.231008,0.140816
-0.217341,-0.080195,-0.295429,-0.137779,0.230445
-0.276364,0.038733,-0.183103,-0.239609,0.246275
-0.198418,-0.011255,-0.252984,-0.103914,0.430203
0.056816,-0.356887,0.104497,0.095762,0.224041
-0.33985,-0.038261,-0.176148,-0.335612,0.159912
-0.243615,-0.10329,0.288747,0.324804,0.0
0.14464,0.195645,-0.006129,0.371384,0.144552
-0.292143,0.207252,-0.314119,-0.28355,0.0
0.39419,-0.169031,0.4137,0.150083,0.0
-0.065979,0.059317,-0.14835,-0.131455,0.638998
-0.170576,-0.280522,0.325508,0.064956,0.022359
-0.156423,-0.382139,0.5,0.243456,0.0
-0.18063,-0.265124,-0.221418,0.062768,0.136808
-0.203726,0.030121,-0.099736,-0.26535,0.401713
-0.441738,-0.090562,-0.017941,0.340257,0.101266
-0.235777,-0.04254,-0.012972,-0.298154,0.324169
0.09564,0.225077,0.084034,0.209504,0.330769
-0.1468,-0.089234,-0.166468,-0.036286,0.54548
-0.220462,-0.471803,-0.06188,0.25546,0.043097
-0.219223,0.057666,-0.18219,-0.313318,0.196742
-0.136101,0.079514,-0.230697,-0.280427,0.246778
0.059268,-0.149319,-0.317641,-0.170665,0.333212
-0.178664,0.358632,-0.236619,-0.120998,0.0
0.106548,-0.5,0.175734,-0.120505,0.0
0.049966,-0.139955,-0.147212,-0.382535,0.21782
0.022064,0.252559,-0.076974,-0.175273,0.287341
0.118823,0.133608,0.110403,0.10422,0.475613
0.210039,0.1751,0.007487,0.251297,0.308827
-0.254386,0.168601,-0.060543,-0.197443,0.280265
0.012867,0.048791,0.5,0.235841,0.172176
-0.073431,-0.016957,-0.17826,-0.218938,0.57865
0.010505,0.065747,0.023668,-0.018345,0.882406
0.196398,0.059582,0.220613,0.242729,0.249061
-0.052786,0.021667,0.059796,-0.001007,0.810378
0.138158,0.290595,0.046714,0.328198,0.098817
-0.284442,0.125025,-0.086605,0.011717,0.43899
-0.114534,0.170767,-0.265999,0.005185,0.350628
0.038485,0.21178,0.165171,0.138826,0.334509
-0.201524,0.177834,-0.134778,0.058635,0.351089
0.422727,-0.10714,0.407276,0.083069,0.0
0.111599,0.206519,0.185953,0.146877,0.295809
-0.249193,0.017018,-0.184629,-0.187749,0.421942
-0.034954,-0.279884,0.153479,0.271807,0.161067
0.117356,0.166734,0.101026,0.090374,0.394542
0.088611,-0.042633,-0.024816,0.015493,0.725527
0.053316,-0.019112,0.014065,-0.014543,0.991678
-0.068541,0.218044,-0.282769,-0.172887,0.18859
0.072783,-0.091596,0.466602,0.12648,0.181672
-0.173953,0.085812,-0.008781,-0.210721,0.54389
0.290633,0.24641,0.069587,0.199319,0.069335
0.021267,0.101031,0.215458,0.234408,0.373955
-0.116762,0.228757,-0.159029,-0.250835,0.173965
0.046575,0.044902,0.5,-0.045348,0.292312
-0.141661,0.090679,-0.179845,-0.171679,0.413943
-0.020562,0.383739,-0.048684,-0.02315,0.358721
0.164363,0.468093,-0.069484,0.195039,0.0
0.137191,-0.171704,0.117558,-0.041219,0.45611
0.457303,0.303294,0.178858,0.393045,0.0
-0.14773,-0.192221,0.140382,0.142772,0.347416
0.116973,-0.5,0.198733,0.276689,0.0
0.008609,0.258255,0.032639,0.072145,0.413116
0.165247,0.102917,0.025074,0.167811,0.57214
0.176789,0.198699,-0.018342,0.163494,0.326187
-0.305941,0.20466,-0.104102,-0.291307,0.019451
-0.057746,-0.112792,-0.07539,-0.11078,0.512445
-0.083545,0.127279,-0.225611,-0.162921,0.396311
-0.218563,0.122132,-0.079119,-0.089092,0.434304
-0.283081,-0.167511,-0.149079,-0.210431,0.084874
-0.019099,0.063027,0.5,0.004655,0.439188
-0.357637,0.227628,-0.083678,-0.339388,0.027797
-0.124392,0.048427,-0.217681,-0.104527,0.523179
-0.067265,0.068162,-0.203709,-0.202676,0.423321
-0.113805,0.361226,-0.15991,-0.179421,0.0
-0.202742,0.087372,-0.060132,-0.349902,0.367984
-0.12833,0.357742,-0.268547,-0.09548,0.033496
-0.148609,0.095803,-0.203339,-0.243535,0.338207
0.13304,0.403879,0.112912,0.150095,0.0
0.115954,0.0803,0.024733,0.131854,0.689393
-0.066037,0.158426,0.232182,0.134637,0.303875
0.159758,0.293825,-0.069853,0.047235,0.352524
-0.092194,0.279055,-0.245345,-0.308142,0.0
-0.248694,0.001654,-0.234735,-0.261765,0.341755
-0.087256,0.145743,-0.18738,-0.193161,0.296175
0.20039,-0.416292,0.5,-0.047369,0.001314
0.243807,0.393288,0.049262,0.240378,0.0
0.267922,0.186045,0.004627,0.139411,0.276112
0.116362,-0.363449,0.118314,0.104309,0.051844
0.078825,-0.007588,0.016421,0.120103,0.693846
-0.213493,0.089005,-0.25941,-0.312701,0.074951
-0.148496,0.154852,-0.125284,-0.257145,0.310152
-0.5,-0.489667,0.27793,-0.092635,0.029205
-0.0832,-0.003616,-0.072759,-0.122242,0.73824
-0.055437,0.050639,-0.21818,-0.033864,0.645029
0.005978,0.054034,0.030136,0.106423,0.784359
-0.077621,-0.24608,0.239038,0.069565,0.152123
-0.09874,0.089637,-0.095987,-0.297921,0.460503
0.044604,0.177232,0.097132,-0.0826,0.473997
0.133987,0.289445,-0.074151,0.099306,0.236104
0.278535,-0.5,0.41284,0.349815,0.013986
0.217925,0.137392,0.053515,-0.035166,0.515408
0.18452,0.134305,0.065629,0.097014,0.393656
-0.118474,0.042946,-0.16311,-0.157387,0.417819
0.12634,0.280492,0.155167,0.304111,0.0
0.185523,-0.150563,-0.102114,0.5,0.0
-0.059,-0.027658,0.044211,-0.076379,0.779238
0.059275,0.135834,-0.150527,0.322305,0.305464
-0.153961,-0.106606,0.324807,0.233926,0.126801
0.091781,-0.281338,0.029699,-0.042668,0.395485
-0.037892,0.067875,-0.259951,-0.350049,0.22126
0.198133,0.118476,0.365472,0.035962,0.226587
-0.068495,0.282975,0.003925,0.172591,0.33509
-0.115927,-0.013337,-0.085743,-0.074595,0.693232
0.081287,0.015271,-0.040598,-0.029704,0.776737
0.189406,0.252684,-0.03922,0.203891,0.156375
-0.184556,-0.002015,-0.171509,-0.142464,0.472072
0.397917,0.114346,0.192496,0.460466,0.0
0.164937,0.123894,0.155596,-0.183598,0.352132
-0.163794,-0.095547,-0.271092,-0.195029,0.273607
-0.081549,-0.046887,-0.000938,0.052438,0.785725
0.142976,0.301791,-0.068117,0.000136,0.379344
-0.060337,0.039199,-0.260722,-0.400485,0.260325
-0.02165,0.091413,0.236922,0.131804,0.452032
-0.232154,0.084391,-0.240413,-0.225799,0.134731
-0.22791,-0.035075,-0.126755,-0.390167,0.238118
-0.272244,-0.125322,0.215129,0.270461,0.075196
0.280011,0.047682,0.467731,0.015556,0.221646
-0.154175,-0.231003,-0.179495,-0.125294,0.213316
0.027516,0.144,-0.029231,-0.020817,0.739793
0.013994,0.060323,0.009267,-0.057081,0.887284
-0.311317,0.166388,-0.200648,-0.170408,0.089027
0.159255,0.254341,0.034494,0.04725,0.387411
-0.156933,-0.012373,-0.070999,-0.247407,0.541905
-0.196565,0.191523,-0.150368,-0.189244,0.134985
-0.12173,-0.008477,0.305395,-0.105345,0.40169
-0.065594,-0.040234,0.115847,-0.120203,0.623112
0.321191,0.112963,0.098572,0.199435,0.129877
0.255207,0.129337,0.14939,0.250056,0.201194
0.098373,0.243278,0.225896,0.078676,0.165489
0.127106,0.139572,0.021781,0.252504,0.336551
0.07763,0.285483,0.246292,-0.006313,0.269226
-0.131492,0.051234,-0.011689,-0.24317,0.451423
-0.21335,-0.307079,0.231558,0.037496,0.044883
-0.121045,-0.030192,-0.044572,-0.219105,0.590089
-0.138054,-0.114613,-0.153533,-0.244792,0.273883
0.158616,0.152498,0.068312,0.040371,0.481098
-0.26877,0.088203,-0.241792,-0.007498,0.446766
-0.046422,0.033454,-0.150732,-0.333498,0.451674
0.141802,0.184849,-0.026721,-0.106888,0.399874
0.016765,-0.039166,0.013522,0.048111,0.877286
-0.163439,0.130578,-0.347043,-0.339916,0.0
-0.099543,-0.074036,-0.230271,-0.201977,0.37432
-0.316775,-0.052383,-0.139954,-0.161964,0.285973
0.174483,0.174756,0.061588,0.010507,0.543477
0.018793,-0.005753,-0.068659,0.089333,0.867727
-0.238368,0.049051,-0.327465,-0.149651,0.220417
-0.18512,0.008194,-0.156471,-0.092575,0.539281
-0.225607,-0.478217,-0.050813,-0.01617,0.0
0.287201,-0.023377,0.047887,0.26076,0.447563
0.205854,0.219484,0.113827,0.232793,0.101352
0.117127,0.199074,0.118881,0.257226,0.206661
-0.197417,0.169027,-0.003025,-0.336736,0.262681
-0.09,0.124675,-0.312527,-0.132901,0.360719
-0.198031,0.151809,-0.062921,-0.193009,0.35433
0.5,-0.183523,0.01287,-0.137964,0.117901
-0.095561,0.138337,-0.247689,-0.110648,0.414866
0.011649,0.011032,-0.008076,-0.146133,0.870412
-0.093777,-0.244148,-0.065968,-0.005044,0.588348
0.05664,0.242762,0.001933,0.179697,0.491609
-0.380352,0.034119,-0.197036,-0.113351,0.275982
0.043524,0.057518,-0.029894,0.026875,0.775121
-0.178872,0.048996,-0.147974,-0.239129,0.344124
0.220327,-0.375499,0.432806,0.243693,0.0
-0.17214,0.224103,0.007,-0.24731,0.158566
0.427646,-0.5,0.410595,0.419831,0.0
-0.5,0.110198,0.068128,0.102485,0.144453
-0.024118,0.353403,-0.16251,-0.082871,0.185039
-0.24528,0.004219,-0.294123,-0.019758,0.37276
-0.280234,0.080546,-0.158285,-0.163314,0.340326
0.059022,0.054105,-0.103612,-0.106352,0.716168
-0.060262,-0.5,0.188785,0.021868,0.020623
0.032225,-0.001592,-0.021085,0.065041,0.878666
-0.129556,-0.162892,-0.122547,-0.125545,0.398858
0.165978,-0.228356,0.086877,-0.057747,0.304324
-0.194753,0.284563,-0.140727,-0.241268,0.010889
-0.196959,0.022819,-0.178584,-0.227975,0.392353
-0.048464,-0.178745,0.301967,-0.096308,0.255929
-0.221215,0.438951,-0.173253,-0.172772,0.0
0.275246,-0.194528,0.08528,0.028335,0.279909
0.223011,0.166474,0.234334,0.024712,0.325141
-0.136471,0.215395,0.43671,0.031002,0.110103
0.232393,0.457465,0.073485,-0.014152,0.121073
-0.051721,0.148163,-0.223184,-0.185046,0.339308
-0.181294,0.124544,-0.197551,-0.372072,0.050288
0.270779,0.430972,0.10348,0.141834,0.0
-0.101262,0.204662,0.043176,-0.145264,0.465756
-0.136048,-0.07132,0.024254,-0.12994,0.534114
-0.277844,0.074048,-0.285512,-0.154268,0.135885
-0.080345,0.115257,-0.220365,-0.13558,0.383696
-0.006277,-0.106556,-0.05617,0.002322,0.710063
-0.154479,0.009139,-0.170306,0.041431,0.687776
0.185036,0.424387,0.165405,0.199734,0.0
0.035106,0.01385,-0.012415,-0.053661,0.900557
-0.305605,-0.046939,-0.174074,-0.217821,0.302298
-0.174886,0.088217,-0.194964,-0.069165,0.440316
0.213115,-0.169258,0.071057,0.309184,0.150687
-0.211189,0.046349,-0.046981,-0.104813,0.548386
0.147684,0.391226,0.039902,0.102524,0.054988
-0.088822,0.264032,0.207597,0.063732,0.210359
-0.111385,-0.026422,0.027487,-0.02658,0.704002
0.200644,0.345133,0.151847,0.108268,0.016588
-0.202742,0.010623,-0.023379,0.055949,0.611464
-0.274148,0.110427,0.097832,-0.020915,0.477976
-0.031854,0.166249,-0.151276,-0.132314,0.433963
-0.105027,-0.262052,0.225254,-0.058373,0.192775
-0.0551,-0.013446,0.027686,0.038244,0.864817
0.115427,0.176716,0.013004,-0.005522,0.609209
0.025796,0.048695,-0.03455,-0.044683,0.830687
-0.194079,0.289331,-0.174375,-0.472264,0.019135
-0.151804,-0.027611,-0.084677,-0.004821,0.678745
-0.164592,0.150542,-0.027898,-0.29171,0.234266
-0.444913,-0.35953,-0.157753,0.372656,0.019105
0.191664,-0.25876,0.084539,0.238762,0.058441
-0.097048,0.079373,-0.31634,-0.175454,0.248811
0.018315,0.017328,0.023309,-0.03568,0.904254
0.038834,-0.033131,0.400252,0.268567,0.198013
-0.156368,0.226348,-0.212591,-0.14895,0.179409
0.090592,0.117481,0.051812,0.064577,0.681446
0.064926,0.319032,-0.019215,0.351369,0.082999
-0.146036,0.037732,-0.093353,-0.394767,0.251992
-0.212624,0.130659,-0.060317,-0.210853,0.316117
0.161069,0.224468,0.101964,-0.107736,0.356554
-0.159722,0.148472,0.090733,-0.249869,0.269265
0.05714,-0.159717,0.5,0.320346,0.040445
0.219921,0.218934,0.058298,0.167828,0.104387
-0.5,-0.240144,0.324456,0.247438,0.041279
0.037147,-0.313647,0.092062,-0.082187,0.33488
-0.104444,-0.074505,-0.076354,-0.00778,0.664938
0.138186,-0.287183,0.41641,-0.027656,0.0
0.132111,-0.248135,0.297526,-0.034075,0.181776
0.108342,-0.5,0.301754,0.109511,0.039899
-0.178601,0.19541,-0.291673,-0.051112,0.208763
-0.100992,0.051761,-0.16407,-0.308406,0.387632
0.007363,0.055801,0.392268,0.276682,0.175049
-0.117441,0.002523,-0.088287,-0.30697,0.416273
-0.17284,0.048756,-0.27188,0.129376,0.419465
-0.254462,-0.00943,-0.15795,-0.148734,0.455694
0.5,-0.243687,0.246175,0.130443,0.0
0.213208,0.207187,0.00561,0.413102,0.156736
-0.043362,0.043328,-0.002835,0.014837,0.895641
-0.032778,-0.028096,-0.054284,0.101334,0.748937
0.04307,-0.10365,-0.038371,0.019381,0.715225
-0.201069,-0.020023,-0.223985,-0.233739,0.391583
-0.106723,0.077726,0.251946,-0.088727,0.463647
-0.288243,0.287744,-0.286315,-0.180913,0.01852
-0.378414,-0.208673,-0.045549,-0.295385,0.069684
-0.010143,0.201931,0.168356,0.005532,0.461549
-0.00091,0.145526,-0.143031,-0.292227,0.353424
-0.471343,-0.086333,0.111599,0.363654,0.0
-0.041716,-0.047861,0.40798,0.119493,0.363958
0.019109,-0.0206,-0.024425,0.094634,0.848542
-0.06101,0.004855,-0.004932,0.087641,0.831351
-0.06094,-0.17134,-0.18564,-0.342841,0.075254
0.202946,-0.100767,0.163514,0.194226,0.351589
0.219926,0.010358,0.425793,0.171476,0.194705
0.113368,0.144697,-0.040464,0.095647,0.607881
-0.268813,-0.070467,-0.155422,-0.178394,0.282709
-0.227178,-0.07905,-0.172572,-0.29262,0.229177
-0.262184,-0.078646,-0.210368,-0.204876,0.224116
-0.143125,0.231046,-0.091208,-0.156233,0.252685
-0.051639,0.053516,0.118576,0.020679,0.723575
0.225847,-0.073469,0.115463,0.128529,0.353424
-0.226438,-0.092047,-0.2777,-0.310078,0.131492
-0.098066,0.05399,-0.229145,-0.14004,0.518666
0.5,-0.41416,0.234866,-0.340752,0.0
0.180271,0.125319,0.126298,0.370744,0.110653
-0.038868,0.013319,-0.263212,-0.120072,0.61601
-0.155855,-0.171744,-0.200369,-0.333351,0.0
0.27151,0.159937,0.124304,0.252099,0.150088
-0.144268,0.157908,0.013028,-0.322643,0.345435
-0.081708,-0.113698,-0.125181,-0.323515,0.332914
0.067608,-0.106446,-0.016396,0.040867,0.690492
-0.028583,-0.063609,0.257201,-0.002796,0.615699
-0.055133,0.105915,-0.061104,0.186487,0.505013
0.073416,-0.332177,0.05718,-0.082777,0.344513
-0.151819,-0.092464,-0.160907,-0.098956,0.438968
0.00398,0.026498,-0.008138,0.04916,0.853921
0.03871,-0.037059,-0.04242,-0.075645,0.710251
0.263933,-0.30853,-0.000347,0.466585,0.00567
0.03724,0.02214,0.08466,0.086428,0.752532
-0.044585,-0.003792,0.016429,-0.013901,0.780359
-0.016008,0.236788,0.021944,0.169619,0.435143
0.167286,-0.345691,-0.001353,-0.022926,0.262423
0.129906,0.074333,0.119666,0.109506,0.490141
-0.398644,0.027336,-0.172405,-0.06193,0.347483
0.214799,0.234309,-0.21721,0.38564,0.0
0.057297,0.359963,0.055985,-0.009743,0.413834
-0.277162,0.198701,-0.322535,-0.449041,0.0
0.050077,-0.178666,0.138613,-0.072612,0.364716
-0.018012,0.210267,0.063376,-0.005508,0.590818
0.377991,-0.187772,0.229626,0.183014,0.0
-0.291738,0.168341,-0.078505,-0.133896,0.205767
-0.262139,-0.111457,-0.079361,-0.26305,0.172208
-0.049157,0.059143,0.010473,-0.070534,0.869954
0.107025,0.010328,0.005141,0.039241,0.847139
0.047061,-0.433032,0.5,0.226929,0.026071
0.075366,-0.031007,0.005516,-0.056682,0.90174
0.015593,-0.031033,-0.085063,0.033143,0.714233
0.317282,0.078872,-0.009385,0.5,0.087703
-0.15644,0.051767,0.5,-0.154033,0.123917
-0.189426,-0.051823,-0.249893,-0.036334,0.465428
-0.117432,0.099317,-0.073031,-0.250456,0.429948
0.004753,0.145551,0.10542,-0.105864,0.56116
-0.227082,0.154168,-0.121977,-0.091356,0.307804
0.130258,0.328521,-0.154445,-0.016979,0.236415
-0.141031,-0.199869,0.060999,-0.238108,0.316686
0.19343,0.159507,0.201837,0.058334,0.309331
0.068924,-0.099592,-0.030026,0.123884,0.740531
-0.011532,-0.5,0.440043,-0.382632,0.0
-0.047962,-0.058589,0.5,0.307669,0.0
-0.084721,-0.5,0.223046,0.012872,0.0
0.107831,-0.171211,0.453342,0.255492,0.0
0.14089,0.277749,0.02571,0.165278,0.285852
-0.22266,-0.017104,-0.176154,-0.05493,0.452315
0.103809,-0.36456,0.260222,-0.174774,0.046771
-0.46852,0.092908,0.5,-0.038789,0.013694
-0.222263,-0.101707,0.276798,0.201118,0.157033
-0.080438,0.189238,0.196581,0.084734,0.3776
-0.149912,0.15953,0.039695,0.261932,0.237855
0.00868,0.426007,0.14716,0.244455,0.0
-0.103085,0.206754,-0.215263,-0.101909,0.224425
-0.02709,0.059147,-0.085523,0.039886,0.727939
0.067759,0.420149,0.073183,0.087995,0.117073
-0.285189,0.008308,-0.057549,-0.106527,0.528752
0.39651,-0.135559,-0.047332,0.078892,0.374289
-0.140449,-0.070613,-0.1964,-0.229026,0.33321
-0.152704,0.110793,-0.002172,-0.175451,0.488705
0.108677,-0.380157,0.366646,-0.0647,0.021873
0.139894,0.116163,-0.003806,0.018402,0.64341
-0.137031,-0.203497,0.5,0.135925,0.0
-0.106657,-0.033181,0.307079,0.407455,0.10297
-0.317915,0.143188,-0.185637,-0.26429,0.0
-0.235619,0.17717,-0.136837,0.060725,0.332629
0.13532,0.324437,0.195879,0.085308,0.0
0.45537,-0.5,0.5,0.139125,0.0
-0.296489,-0.275846,0.5,0.100065,0.0
0.019751,0.070534,-0.153263,-0.34848,0.319557
0.079198,-0.30281,0.463418,-0.003132,0.011105
0.202811,0.009767,0.060647,0.093896,0.636742
-0.086058,-0.016621,-0.110318,-0.142811,0.57845
0.192123,0.311212,0.034246,0.173616,0.063128
0.078303,0.107323,0.080441,0.178962,0.590498
0.117565,-0.096,-0.032841,0.081863,0.600512
0.000778,0.014744,0.125083,-0.038261,0.822725
-0.229475,0.026814,-0.269831,-0.213346,0.131451
-0.293943,-0.115372,-0.298893,-0.336038,0.0
-0.229166,0.050595,-0.084599,-0.226677,0.3692
-0.211744,-0.030231,-0.122664,-0.154247,0.5458
-0.216438,-0.197263,-0.131781,-0.5,0.0
0.267004,0.279069,0.027616,0.492044,0.0
0.144204,0.185723,-0.023276,0.242968,0.311722
-0.179172,0.093666,-0.261215,-0.32499,0.079819
0.020345,0.225781,0.235945,0.033443,0.424327
-0.200451,-0.256573,0.276786,-0.006929,0.194728
-0.34856,-0.086822,-0.184536,-0.32376,0.059221
-0.419531,0.084325,0.340873,-0.00681,0.149758
-0.250467,-0.101992,-0.07295,-0.189205,0.298134
0.234858,-0.018789,0.199771,-0.012346,0.453008
0.159446,0.223611,0.176265,0.111451,0.266822
-0.29111,-0.025398,-0.251557,-0.317429,0.078198
-0.012341,-0.124976,-0.092985,-0.191289,0.476268
0.12918,0.152579,0.03539,-0.130819,0.471334
-0.138253,-0.029914,-0.049257,-0.320264,0.422415
0.106607,0.195311,0.159157,0.001987,0.490193
0.201185,0.258212,-0.068127,0.085948,0.302262
0.200071,0.344289,0.118241,0.20422,0.0
-0.148729,0.257566,-0.164429,-0.259243,0.090214
-0.1702,0.032987,-0.09702,-0.271166,0.456814
0.083003,0.206267,0.108103,0.281679,0.279526
-0.072376,-0.02462,-0.075659,-0.335977,0.450688
0.028691,0.092365,0.16402,0.072253,0.562241
0.170663,0.288387,0.220068,-0.056861,0.164732
-0.174359,-0.222781,-0.166548,-0.058131,0.360418
0.090956,0.088412,0.05035,0.045449,0.766519
-0.222477,-0.021151,-0.090787,-0.298314,0.367552
-0.016704,-0.265769,0.5,-0.094484,0.024393
0.43483,-0.151992,0.29772,0.218839,0.0
0.070431,0.013528,0.037889,0.079555,0.877196
0.119082,0.260957,0.153367,0.297923,0.09354
0.151422,-0.473359,0.5,0.098924,0.070095
-0.245396,0.101212,-0.047825,-0.283596,0.375656
-0.271855,-0.5,0.411532,0.233365,0.11802
0.250052,0.322411,0.134873,0.112513,0.0254
-0.126546,-0.193545,0.5,0.090973,0.0
-0.101522,-0.31711,0.246722,0.5,0.0
0.179106,0.058589,0.336058,0.140531,0.307288
-0.185063,0.192863,-0.131965,-0.18146,0.203325
-0.066184,0.099514,0.159047,-0.065466,0.510826
-0.06365,0.138674,-0.192922,-0.035533,0.468035
0.244747,0.123728,-0.035449,-0.095323,0.358884
0.193617,0.138574,-0.073795,-0.003807,0.42001
-0.380789,0.143902,-0.102666,-0.175197,0.027127
-0.079516,0.051323,0.12698,0.343776,0.388516
0.270917,0.199782,0.342346,0.035771,0.047881
-0.070934,0.064161,-0.091249,-0.008974,0.714577
0.077538,0.442731,0.103446,-0.140868,0.0
-0.166089,0.116787,-0.148265,-0.115621,0.503466
0.14395,0.404444,0.038109,-0.034446,0.116263
-0.034183,0.049148,-0.217073,-0.051686,0.557968
-0.143453,0.154181,-0.039722,-0.221155,0.443778
-0.155233,-0.172336,-0.176051,-0.202805,0.191803
-0.190078,0.011443,-0.146456,-0.262732,0.321972
-0.023321,0.161055,-0.042784,0.16305,0.575328
-0.172033,-0.039987,-0.056341,-0.294888,0.35357
0.43868,-0.365583,-0.060958,0.018099,0.048843
-0.163051,-0.182973,0.396455,0.465859,0.084201
-0.08337,-0.321411,0.494917,0.273821,0.008518
0.051769,0.004121,0.105502,0.133618,0.653331
0.400108,-0.268592,0.435739,0.310486,0.010836
-0.293699,-0.164283,0.219385,0.151656,0.082916
-0.137493,-0.344734,0.33258,0.32352,0.0
-0.027367,0.055193,-0.00081,-0.038138,0.808939
0.287838,-0.094168,0.094727,0.05573,0.464886
-0.008108,0.139809,0.5,0.331352,0.033142
-0.177167,0.224934,0.008608,-0.215295,0.239955
0.272163,-0.207372,-0.034884,0.237481,0.186077
-0.234198,-0.231495,-0.250084,-0.129274,0.04825
-0.311601,-0.225228,0.153987,0.039844,0.209863
-0.174831,0.069918,0.044567,-0.016113,0.666952
-0.275563,0.04964,-0.108068,-0.21338,0.337139
0.5,-0.301021,0.190368,-0.201036,0.0
-0.163568,0.00089,-0.149278,-0.103508,0.582314
-0.065174,0.015144,-0.037911,-0.092726,0.755502
-0.053751,0.042081,0.003144,0.007044,0.929066
0.087039,-0.14486,-0.117238,-0.057375,0.515632
-0.040147,0.074646,0.02921,-0.274028,0.574362
-0.196267,0.077133,-0.126806,-0.182539,0.398888
-0.04957,0.208375,0.00396,0.05318,0.603492
0.139406,0.065852,-0.003187,0.318065,0.536916
-0.041829,-0.114054,-0.086304,-0.189697,0.481763
0.144831,-0.150605,0.098458,0.444429,0.106683
0.220349,0.246211,0.029461,0.282291,0.164126
0.048254,-0.002962,-0.065963,0.000262,0.844967
0.161619,0.315977,0.156701,0.23895,0.0
0.067332,-0.175985,0.201788,0.058111,0.39862
-0.094205,-0.156264,-0.312158,0.430202,0.032982
-0.011933,0.084155,-0.054894,0.058442,0.796554
-0.128878,0.137966,-0.048714,-0.143462,0.485312
-0.208988,0.118197,-0.05857,-0.350457,0.165955
-0.013521,0.5,0.118813,0.127429,0.002577
-0.254993,-0.480532,-0.163427,0.403306,0.044584
-0.216571,-0.094453,0.072345,0.206314,0.358012
0.214235,-0.003181,0.260454,-0.073553,0.465605
0.109154,0.103166,0.070515,0.130435,0.527047
0.165552,-0.42022,0.438353,0.108001,0.083283
0.343282,-0.267068,-0.137721,-0.125505,0.0
-0.24101,0.286307,-0.35763,-0.159017,0.0
-0.421974,-0.079669,0.066754,-0.057695,0.2978
0.019928,0.038963,-0.027236,0.009742,0.816429
0.172929,-0.359886,0.110845,0.245799,0.077146
0.022966,-0.126545,0.345209,0.135078,0.306431
0.052166,0.325716,-0.053081,0.130973,0.315965
-0.196147,-0.260687,0.214343,0.271107,0.0
0.053302,-0.257862,0.3354,0.005003,0.106906
0.006659,0.008642,0.019578,-0.000934,0.952538
-0.247358,-0.375945,0.307026,0.007617,0.0
0.5,-0.463658,0.008558,0.128501,0.0
-0.140483,0.322354,-0.148918,-0.21404,0.084783
-0.126257,0.445262,0.06323,-0.290221,0.0
-0.060019,-0.097694,0.029345,0.058369,0.796286
0.011164,0.030682,-0.017799,-0.072672,0.871908
0.280517,0.209646,0.018601,0.113009,0.248987
0.114338,0.200386,0.054326,0.138325,0.455765
-0.072674,0.234782,-0.095631,-0.345731,0.166252
-0.325276,0.160188,-0.301421,-0.179528,0.0
-0.093947,0.165841,-0.28458,-0.302932,0.055276
0.096468,0.401792,-0.116146,0.093637,0.123298
-0.345176,0.014876,-0.170283,-0.330483,0.163923
-0.217071,-0.228091,-0.193515,-0.250057,0.030971
0.198927,0.073756,0.065091,0.275884,0.32757
-0.187068,0.127298,-0.049046,-0.251088,0.466016
-0.139773,-0.378137,0.40274,0.083332,0.077135
0.050775,-0.075691,0.5,-0.001731,0.346896
-0.367693,0.068602,0.196864,0.198128,0.082492
-0.326705,-0.040244,-0.002833,-0.302709,0.251826
0.042219,-0.078845,0.269603,0.225254,0.404373
0.007503,0.306308,-0.117164,0.181459,0.267731
0.20202,0.360003,0.136244,0.121465,0.012102
-0.055239,-0.022955,-0.034451,0.033442,0.772449
0.16691,-0.008255,-0.098335,0.046675,0.650095
-0.206584,0.202405,-0.07561,-0.211739,0.28641
-0.319069,0.137334,-0.264271,-0.197252,0.015459
-0.206639,0.18429,-0.12473,-0.197067,0.140331
-0.00766,0.13625,0.215346,0.116316,0.444581
-0.097247,0.043911,0.5,0.163486,0.16555
0.033754,-0.03241,-0.002373,0.048713,0.818937
-0.092694,-0.057531,-0.031313,-0.289969,0.517517
-0.0608,-0.071836,-0.063808,0.022078,0.632671
-0.17024,0.073434,-0.325854,-0.323111,0.118573
-0.138325,-0.485601,0.058052,0.263476,0.033836
0.092536,0.198266,-0.031816,-0.01412,0.601845
-0.056522,0.259523,0.158558,0.251454,0.150639
-0.192208,0.04511,-0.182484,-0.251385,0.27521
0.015752,-0.035243,0.088445,0.099294,0.675629
-0.079278,-0.451595,0.239652,0.170284,0.0
0.108388,0.227657,-0.194072,0.030272,0.236522
0.391981,-0.111023,0.190304,0.319365,0.015244
-0.409129,-0.194633,-0.037118,-0.287978,0.055321
-0.41722,-0.085575,-0.047057,-0.19574,0.210355
-0.066731,0.211062,-0.084312,-0.067905,0.498512
-0.022047,-0.003691,-0.026451,0.013735,0.98276
0.189371,-0.110519,0.177639,0.291469,0.221648
0.048479,0.339129,-0.093417,0.203227,0.139027
0.139896,0.234642,-0.088833,0.055933,0.311463
0.199637,-0.449205,0.14922,-0.172936,0.0
-0.041301,0.244196,-0.406803,-0.342667,0.088767
-0.389921,0.125378,-0.058115,-0.268074,0.205491
-0.170553,-0.082625,-0.403707,-0.083529,0.189885
-0.198838,0.151864,-0.086088,-0.008091,0.504562
-0.144356,-0.278989,0.401117,-0.080822,0.017007
-0.14412,0.062922,-0.040726,-0.246364,0.47189
-0.081933,0.074679,-0.258849,-0.217379,0.337287
-0.230074,-0.119384,-0.187083,-0.359542,0.094666
0.022577,0.109829,0.062184,0.082225,0.743294
0.123217,0.156559,-0.214349,0.172637,0.279633
-0.301672,-0.008454,-0.179372,-0.140755,0.278173
-0.067866,0.139844,0.057652,0.243677,0.471811
0.330127,-0.274242,0.5,0.5,0.018294
0.092047,-0.02232,0.414215,0.330801,0.154226
0.212693,0.320132,-0.031878,0.180578,0.001424
0.152966,0.004867,0.01384,0.021608,0.873534
-0.073402,0.036056,-0.105611,-0.1786,0.575053
-0.227152,0.253078,-0.065927,-0.154745,0.138024
0.089051,0.167304,-0.189145,0.368582,0.119607
0.065344,-0.010056,-0.065241,-0.078977,0.856933
-0.285854,-0.021565,-0.201439,-0.122417,0.329061
-0.057038,0.184737,0.143852,0.012524,0.486003
0.053275,-0.043254,-0.040669,-0.018311,0.917721
0.175748,-0.5,0.197911,0.262137,0.0
-0.029244,-0.014493,0.024141,0.022472,0.897594
0.036233,0.31738,0.263165,-0.052729,0.138558
0.313594,-0.038946,0.331218,0.236563,0.012941
0.131904,-0.013544,0.054953,0.031085,0.802434
0.098368,0.068201,0.023413,0.039766,0.666455
0.114542,-0.5,-0.259579,0.5,0.103453
-0.394729,0.074522,-0.192626,-0.102855,0.244047
-0.027344,0.216511,0.49834,0.069325,0.120403
-0.03716,-0.026308,0.074792,0.011649,0.879063
-0.047184,0.105386,-0.221627,-0.415996,0.119439
-0.144434,-0.226437,0.389003,-0.337526,0.022762
-0.27937,-0.149154,-0.140631,0.16298,0.176956
-0.02347,0.021994,0.042924,-0.036475,0.841167
0.114965,0.205993,-0.052658,-0.118522,0.352735
-0.046942,-0.006084,0.005072,0.002278,0.947755
-0.232241,0.155089,-0.27298,-0.26689,0.077624
0.015094,0.027067,-0.143068,-0.269107,0.562609
-0.251382,-0.017192,-0.171094,-0.298706,0.328004
-0.220527,-0.057573,-0.224873,-0.306475,0.098578
0.023104,-0.45224,0.181327,0.219412,0.003195
-0.256199,0.044823,-0.168548,-0.448816,0.098206
-0.16812,0.018227,-0.147707,-0.193779,0.474551
0.131674,-0.274683,0.035803,0.100302,0.302341
0.126141,-0.412143,0.253365,0.095315,0.0
-0.015623,-0.057818,0.044853,-0.045061,0.780668
0.132822,0.456167,0.07918,0.291932,0.010849
-0.307871,0.049154,-0.062606,-0.225225,0.283527
-0.102013,0.043397,-0.25594,-0.049043,0.529378
0.441032,-0.341361,0.487796,0.280077,0.0
-0.048484,-0.013156,0.050239,-0.021251,0.946502
0.3008,-0.259215,-0.08346,0.015841,0.154765
-0.066988,-0.07266,0.437106,0.268147,0.106096
-0.04755,-0.119746,0.240931,0.133963,0.376015
-0.088538,-0.173019,-0.298949,-0.175229,0.173986
0.036826,-0.135108,0.471329,-0.158606,0.124148
-0.045417,0.341963,-0.016331,-0.15653,0.260282
0.199899,-0.330167,0.255686,0.067407,0.01953
-0.176352,-0.054707,-0.182685,-0.091405,0.479923
-0.006198,-0.020734,0.033579,-0.001418,0.872168
-0.171939,-0.034095,-0.14288,0.074319,0.545135
-0.350841,-0.451161,0.499834,0.090878,0.077442
-0.170765,0.012691,-0.115169,-0.11557,0.524731
-0.124145,0.00817,-0.092717,-0.180221,0.615442
0.023375,-0.019614,-0.050468,-0.025654,0.828638
-0.034124,0.410035,0.058318,-0.051317,0.209488
0.24054,0.313173,0.07902,0.10483,0.064643
-0.271945,0.030765,-0.288202,-0.269818,0.185489
-0.323728,-0.338561,0.202877,0.155326,0.0
0.082251,0.242185,0.042514,-0.092795,0.390715
-0.012874,-0.204758,0.5,0.468034,0.026563
-0.207016,0.227808,-0.109074,-0.182243,0.277644
-0.280129,-0.033852,-0.088632,-0.358265,0.210738
0.161993,-0.288333,0.146144,0.193539,0.100884
-0.105054,0.051072,-0.135663,-0.237614,0.464114
-0.014601,-0.5,0.385692,-0.08418,0.0
-0.128848,0.140763,-0.04378,0.448537,0.158055
0.146118,0.360758,0.23106,0.124653,0.0
-0.232672,-0.192189,-0.216059,-0.378239,0.037373
0.053324,-0.003082,0.023296,-0.026891,0.870881
0.069327,-0.13921,0.085503,-0.248935,0.429472
0.040107,0.021517,-0.001734,-0.022834,0.912029
-0.205083,-0.23561,0.139444,0.487379,0.046266
-0.06699,-0.055331,-0.004477,-0.178998,0.675765
0.24753,-0.5,-0.09503,-0.111732,0.0
0.014097,0.071525,0.353513,0.35082,0.199975
-0.146896,0.083076,-0.374207,-0.178761,0.26785
-0.043153,0.047897,-0.157387,-0.172734,0.526541
-0.018906,-0.161189,-0.131899,-0.127989,0.492451
-0.335938,-0.055111,0.173349,-0.053636,0.341351
-0.141998,0.058856,-0.171588,-0.337218,0.278067
-0.170848,0.101727,-0.130575,-0.106393,0.393842
-0.054029,0.065269,-0.255889,-0.096988,0.629671
-0.087363,0.2527,0.008304,-0.056298,0.464218
0.051445,-0.444577,0.451988,-0.069597,0.030708
0.163325,-0.34312,0.131026,0.029904,0.163489
-0.217719,0.105227,-0.206355,-0.339308,0.133657
0.037893,0.008186,0.212207,0.5,0.182369
-0.224829,-0.173725,-0.143771,0.032623,0.338921
0.16475,-0.220782,0.245906,0.002453,0.244816
0.138928,0.124863,0.320324,0.099318,0.31386
0.025359,0.054038,0.104557,-0.030488,0.75163
-0.200294,0.141084,-0.203114,-0.179692,0.206601
-0.239198,0.063694,-0.118763,-0.161966,0.38996
-0.202929,0.279654,-0.100799,-0.272679,0.013877
0.033899,0.085243,0.049247,0.157259,0.668586
-0.004517,0.0541,0.163829,-0.002366,0.735362
0.204312,0.411464,0.024829,0.180841,0.007213
-0.083387,0.025325,-0.039262,0.057574,0.717164
0.042857,0.054018,-0.037962,0.386224,0.4966
-0.245649,0.044584,-0.034201,-0.228653,0.321799
-0.271744,-0.203649,0.125692,0.197929,0.138922
-0.174652,-0.041967,-0.161387,0.155,0.603899
-0.242501,-0.067044,0.465065,0.490096,0.030674
0.035847,0.205172,0.139564,-0.013871,0.52787
0.250789,0.152486,0.173502,0.277525,0.11943
0.080503,0.232752,0.005616,0.046623,0.512558
-0.236347,-0.043073,-0.091814,0.172078,0.400988
0.06535,0.471043,-0.112195,0.051169,0.043703
0.066846,-0.5,0.191864,0.375631,0.0
0.151124,0.131847,0.088915,-0.041158,0.558769
0.071453,0.275488,0.119865,0.377934,0.0
-0.068481,0.104278,0.10115,0.246083,0.426983
-0.022866,-0.050875,0.012284,0.061587,0.717893
-0.051676,-0.053524,-0.008893,0.055159,0.831912
-0.117671,0.125984,-0.225828,-0.0857,0.513694
-0.168475,0.239825,0.254476,0.139228,0.103391
-0.31264,-0.063387,-0.154384,-0.189627,0.267336
-0.026445,0.017353,-0.062267,0.028887,0.833928
0.077601,0.261301,-0.214517,-0.050935,0.177175
-0.09537,-0.200153,-0.156531,-0.111321,0.321393
0.210097,-0.157608,0.305598,0.332362,0.06939
0.055701,0.046183,-0.002099,-0.039393,0.785292
-0.166148,-0.5,0.031082,0.121178,0.016085
-0.056593,-0.036035,0.056039,-0.001497,0.765489
0.5,-0.148043,0.279929,0.17658,0.0
-0.021039,0.277786,0.244544,0.071712,0.249094
-0.19591,-0.225174,0.466382,0.141751,0.051386
-0.190973,-0.008573,-0.305199,-0.384965,0.073837
0.064995,0.322782,0.067776,0.031042,0.259024
0.15189,0.066833,-0.11104,0.228973,0.369938
-0.138559,0.032466,-0.093086,-0.129155,0.577169
0.075105,0.020759,-0.011873,-0.01863,1.0
0.31465,-0.091278,0.012395,0.157927,0.355421
0.07881,-0.331419,0.306627,-0.102588,0.073566
-0.002584,0.241075,0.087524,-0.058943,0.556045
0.129558,0.055868,0.186605,0.020501,0.564894
-0.191754,-0.01399,-0.139005,-0.202724,0.433528
-0.242136,-0.364441,0.32484,-0.03673,0.0
0.001134,-0.244699,0.153673,0.240676,0.154382
0.323531,0.056961,0.076781,0.089503,0.400596
-0.279189,-0.449348,0.287182,-0.028187,0.02526
0.090019,0.488204,0.058104,-0.182341,0.0
0.044353,0.12741,0.019249,0.158516,0.517295
-0.102221,0.080775,-0.319657,-0.164629,0.270962
0.164995,0.167244,0.075295,0.147804,0.440976
-0.165137,0.217222,-0.030915,-0.156686,0.348131
0.125953,0.059157,-0.031068,-0.206763,0.487882
0.144272,0.142981,0.237368,0.103184,0.367516
0.176738,0.100747,0.114344,-0.062294,0.502698
-0.041628,-0.095564,-0.248086,-0.213649,0.348432
0.373675,0.017342,0.496236,0.302069,0.0
0.066419,-0.280251,0.48841,0.030502,0.017243
0.331834,-0.36147,0.253037,0.225906,0.056715
-0.246463,0.049308,-0.159969,-0.020484,0.483886
0.078435,0.046294,-0.046363,0.042836,0.71165
-0.404283,0.141171,-0.185948,-0.27458,0.011876
0.006554,0.109469,0.029294,0.104199,0.641877
0.082086,-0.109858,-0.192688,-0.143628,0.334069
-0.124102,-0.044265,-0.083154,0.222057,0.457069
-0.157154,0.023899,-0.181549,-0.398193,0.216414
-0.204433,0.05357,-0.00045,-0.266824,0.406312
-0.173062,0.120782,-0.177826,-0.311982,0.13719
0.070602,0.047402,0.177456,0.127096,0.584666
-0.047137,0.267761,-0.016355,-0.188421,0.303108
-0.194707,0.227364,0.082591,0.019606,0.265853
-0.030724,-0.04002,0.010738,0.057694,0.84225
-0.14636,-0.061672,-0.111444,-0.087266,0.514905
-0.185928,0.019046,-0.139673,-0.10491,0.564439
0.118163,-0.215089,0.470883,0.241197,0.069577
-0.35041,0.130427,-0.102345,-0.122862,0.268647
0.164463,0.183013,-0.078342,-0.110302,0.368342
-0.1798,0.027659,-0.05468,-0.430973,0.363009
-0.176069,-0.008609,-0.067945,-0.205476,0.352592
0.020019,0.000966,0.045199,-0.108888,0.739103
-0.265154,0.101316,-0.216918,-0.328514,0.092994
-0.224888,0.009385,-0.234092,-0.374421,0.155627
-0.156471,0.188266,-0.116539,-0.132409,0.314449
0.357561,-0.5,0.268268,0.080423,0.0
0.081647,0.283823,0.000923,0.044177,0.504707
-0.057137,0.010642,0.150125,0.249661,0.369192
0.021561,0.135684,0.101983,0.211193,0.481007
0.051909,0.020101,0.049255,0.035285,0.853245
0.176933,-0.374099,0.261173,0.05079,0.039382
-0.185695,0.082203,-0.029762,-0.170762,0.547407
0.123887,0.249535,-0.068624,-0.145747,0.233655
-0.226668,-0.430417,0.270428,0.095528,0.077068
-0.152266,-0.052113,-0.307248,-0.246588,0.199924
-0.190981,0.016876,0.176431,-0.178741,0.452015
0.022045,-0.006859,0.06089,0.041182,0.89158
-0.091867,-0.026861,0.016609,0.016225,0.895088
0.203731,0.182333,-0.288551,0.270553,0.023436
0.223969,0.274225,0.109554,0.042217,0.253662
-0.320427,0.096795,-0.215523,-0.243284,0.01175
0.023488,0.038892,-0.0578,-0.066725,0.80615
-0.041367,-0.046163,0.015133,-0.014314,0.857237
0.008221,-0.471073,0.5,0.165879,0.0
0.078287,0.251539,0.074856,0.176172,0.305998
0.104133,0.089083,0.204322,0.115274,0.511482
0.015118,0.264418,0.053064,-0.047001,0.43296
-0.031508,-0.022001,0.066514,-0.129479,0.726899
-0.008787,-0.007329,-0.016217,0.008937,0.937856
-0.142969,-0.295015,0.237518,0.409824,0.068922
-0.180136,-0.489734,0.1138,0.196595,0.039884
0.021094,-0.346308,0.34603,0.367985,0.0
0.446792,-0.421568,0.326344,0.085693,0.0
0.06406,0.260141,0.136643,0.094798,0.322072
-0.235773,-0.126069,-0.077995,-0.232186,0.235883
-0.100346,0.233156,-0.046287,-0.5,0.0
0.059686,0.13452,0.139744,0.077578,0.605012
0.173195,-0.398307,0.00115,0.175176,0.052211
0.108698,0.193241,0.19456,0.225642,0.073847
-0.252131,-0.391816,0.398771,0.134235,0.0
-0.161417,-0.010158,-0.230827,-0.287691,0.301285
0.203815,-0.5,0.393949,0.004594,0.004235
0.206258,-0.044038,0.5,-0.081085,0.100977
0.082309,-0.231151,0.215613,0.202808,0.23673
-0.093152,0.0217,-0.072125,-0.005433,0.747572
-0.129742,-0.024335,-0.094574,0.025405,0.717786
-0.005346,0.025355,0.027328,0.037883,0.934138
0.194639,0.214436,0.140844,0.009176,0.358734
-0.024812,0.027727,-0.132735,-0.368308,0.486303
-0.338034,-0.052934,-0.189036,-0.207032,0.169088
-0.265294,-0.114219,-0.17255,-0.160845,0.219504
0.123122,0.307466,-0.222604,0.119533,0.058882
-0.123381,0.01259,-0.192015,-0.223493,0.492368
0.356858,-0.107858,0.184883,-0.094277,0.194721
0.241868,0.252974,0.053278,0.189698,0.110095
0.083136,0.109385,0.004712,-0.04236,0.779047
-0.168165,0.058744,-0.161943,-0.226378,0.315905
-0.044799,0.337918,0.103228,0.263658,0.147378
-0.354459,-0.254705,-0.171434,-0.159743,0.0
-0.087564,0.010092,-0.114051,-0.150254,0.660562
-0.220773,0.088102,-0.16894,-0.285937,0.218853
-0.260162,0.123327,-0.29552,-0.215072,0.145409
0.118659,-0.5,-0.157017,0.26785,0.000253
-0.24236,-0.029339,-0.181734,-0.059052,0.420597
-0.034882,0.120906,-0.148219,-0.242515,0.416129
0.309385,-0.132505,0.08389,0.010292,0.458661
-0.129342,0.120023,-0.270118,-0.177197,0.277935
-0.247191,0.242529,-0.180826,-0.218245,0.0
-0.119521,0.026821,-0.391361,-0.2848,0.088772
-0.130939,0.201913,-0.12883,-0.275042,0.192113
-0.148041,0.237287,0.122275,-0.211071,0.261651
0.001271,-0.052774,-0.095498,-0.010579,0.794901
0.222389,0.172022,0.007845,-0.01514,0.470514
-0.117289,0.124294,-0.007876,-0.485851,0.204616
-0.171375,0.171879,-0.265131,-0.198223,0.072541
0.226966,0.376325,0.077608,0.30371,0.0
0.462104,-0.499541,0.5,0.389804,0.0
-0.325482,0.093511,-0.108098,-0.150819,0.312008
0.145938,-0.162506,0.076733,0.022505,0.425772
-0.042948,-0.030317,0.395551,0.202624,0.31483
-0.112855,0.091322,0.025512,0.5,0.1699
0.033246,-0.002914,0.056702,0.038242,0.893128
-0.001234,-0.123618,0.372013,0.314983,0.136515
0.088499,0.294898,0.074659,0.155605,0.209387
0.033633,0.030189,0.015307,0.319195,0.592728
-0.179992,0.027906,-0.083338,-0.188119,0.484374
-0.421278,-0.074,-0.009953,-0.287603,0.153711
-0.29088,0.174697,-0.075309,-0.46341,0.0
-0.043754,0.001972,-0.273948,-0.281537,0.437149
0.022171,0.136927,0.063995,0.13726,0.550354
-0.013737,-0.074243,-0.075301,-0.064091,0.761572
0.334338,-0.296615,0.028231,0.232476,0.0
-0.010513,-0.056645,-0.005001,-0.035615,0.85437
0.149467,0.175575,0.057755,-0.122265,0.392168
0.037144,0.368063,0.243699,0.267052,0.019439
-0.160142,-0.034147,-0.222376,-0.270043,0.332899
0.450694,-0.159492,-0.035723,0.362089,0.0
-0.311693,-0.137656,0.025567,-0.228802,0.230123
-0.065126,-0.025521,-0.130591,-0.258173,0.553585
0.499455,-0.18451,0.5,0.166228,0.018474
-0.03371,-0.288621,0.298128,0.5,0.040753
-0.234654,0.166996,-0.4421,-0.371761,0.0
0.205799,0.095674,0.066233,-0.006221,0.586202
-0.067276,0.25674,-0.272651,-0.5,0.019703
0.019673,-0.023813,-0.027234,0.029859,0.907348
-0.072112,-0.119194,-0.055106,-0.483786,0.238097
-0.03199,0.008428,0.018226,-0.3695,0.660551
0.083857,0.14328,0.186222,0.039899,0.426775
-0.124588,0.155079,-0.166819,-0.311407,0.153818
-0.116524,0.037972,-0.060921,-0.125983,0.656231
-0.014469,0.36468,0.133309,0.01225,0.237392
-0.224254,-0.092479,-0.182423,-0.213899,0.260986
-0.033084,-0.264461,0.32386,0.454754,0.06914
-0.045268,0.187533,-0.046306,-0.196303,0.472694
-0.5,-0.179933,0.357907,0.348806,0.077593
-0.161563,-0.036442,-0.140102,-0.205924,0.421951
-0.023528,0.221777,-0.094384,-0.072997,0.461639
-0.258179,-0.036761,-0.1001,-0.193957,0.447836
0.154724,0.221715,-0.134705,0.080979,0.247301
-0.367122,0.084477,-0.236267,-0.195593,0.069991
0.231349,0.224722,0.234593,0.223493,0.041012
-0.018537,0.016525,0.35888,0.244424,0.362886
0.194358,0.247548,0.197262,0.21082,0.048225
-0.115901,0.095941,-0.273516,-0.163716,0.342958
-0.074472,-0.018265,-0.018521,0.035638,0.872032
-0.042946,0.297803,-0.317123,-0.33162,0.0
0.061605,-0.335399,0.276865,0.197893,0.0
-0.107877,-0.13603,-0.249758,-0.204646,0.264
-0.320691,-0.109857,-0.136378,-0.162979,0.222504
-0.099138,0.074846,0.049016,-0.000161,0.728402
-0.22993,0.176291,-0.146463,-0.335411,0.088203
-0.160173,-0.403578,0.207761,0.372069,0.054537
-0.237094,0.060672,-0.066181,-0.352688,0.308854
0.078483,0.221716,-0.10273,0.09477,0.442925
0.089433,0.070747,0.094933,0.239204,0.445803
-0.252199,0.218475,-0.076668,0.004025,0.330788
0.174106,0.198662,-0.096868,0.149645,0.254662
-0.181756,0.006967,-0.120634,-0.18041,0.459865
0.407676,-0.011147,0.44483,-0.045592,0.0
-0.338195,0.178981,-0.191898,-0.105765,0.089061
-0.28945,-0.02065,0.206476,0.23572,0.194252
-0.213446,0.081153,-0.291351,-0.346997,0.0
0.059426,0.317527,0.143531,-0.092678,0.265627
-0.164992,0.146852,-0.377218,-0.152084,0.14051
-0.281722,0.157494,-0.022084,-0.274893,0.13921
0.047739,-0.026541,0.003407,-0.075997,0.701168
-0.12749,0.010296,-0.080241,-0.01407,0.708015
-0.156266,0.000773,-0.07843,0.041697,0.744694
-0.263606,-0.130854,-0.352916,-0.367311,0.042171
-0.219204,0.244974,-0.137677,-0.2688,0.015697
-0.074334,-0.266336,0.405959,0.376877,0.109386
0.143078,0.371715,0.203163,0.214294,0.001267
0.39197,-0.129667,0.320519,0.27678,0.045719
0.21439,0.357185,0.089835,-0.098287,0.138399
-0.265996,-0.258591,0.123945,0.202865,0.0
-0.100919,0.060955,-0.057333,-0.224786,0.526523
-0.211175,-0.05258,-0.091665,-0.266027,0.387144
-0.248093,0.093418,-0.296551,-0.202328,0.085054
-0.333564,-0.003482,-0.236267,-0.222255,0.241647
-0.301881,0.156525,-0.14242,-0.220561,0.0
-0.146693,-0.019091,-0.261611,-0.204961,0.301436
-0.33222,-0.058534,-0.045503,-0.102621,0.447914
-0.224897,-0.16905,0.057983,0.019537,0.386949
-0.231083,0.039121,-0.193028,-0.11716,0.518177
0.062245,0.018581,-0.157304,-0.117061,0.664297
-0.016194,0.2447,0.184739,-0.121035,0.307148
-0.150358,-0.032614,-0.180549,-0.136431,0.503267
-0.219778,0.024685,-0.203085,-0.258267,0.312265
0.049261,-0.192459,0.309982,0.241804,0.128332
-0.229286,-0.014424,-0.233023,-0.003432,0.516502
-0.29924,-0.064858,-0.074165,-0.138616,0.347201
-0.211048,0.087588,-0.215216,-0.153716,0.286011
0.124953,0.226054,0.167859,0.088946,0.300774
0.049371,-0.03784,0.073319,0.036978,0.814168
-0.002504,0.006662,-0.084968,-0.020666,0.860701
-0.200544,0.14309,-0.32265,-0.13339,0.208842
-0.191903,0.188027,-0.118783,-0.364362,0.104894
-0.196395,-0.045635,-0.183507,-0.078114,0.44461
-0.135347,0.140557,-0.190243,-0.392453,0.046489
0.06297,-0.494096,0.190768,0.083879,0.0
-0.102319,0.235287,-0.298322,-0.09987,0.110278
-0.127059,0.043839,-0.096221,-0.059944,0.666084
0.023124,-0.054014,0.209329,-0.037451,0.653881
-0.13325,-0.471328,0.109765,0.02461,0.0
0.020096,0.434979,-0.19513,-0.211474,0.0
0.147234,0.05903,0.129205,0.156516,0.474085
-0.283998,0.157426,-0.026366,-0.192772,0.330182
0.002032,-0.5,-0.029614,-0.030852,0.147118
0.102898,-0.034762,0.126103,0.149366,0.60666
-0.16243,0.231923,-0.070849,-0.174718,0.246165
-0.014193,0.038432,-0.047513,-0.052998,0.87955
-0.195323,-0.087352,-0.291453,-0.080107,0.306649
0.012338,-0.072946,-0.052654,-0.064024,0.774051
-0.149695,-0.019401,-0.204556,0.068101,0.505752
-0.228417,0.034031,-0.250495,-0.185835,0.258152
-0.173961,0.041427,-0.119991,-0.118882,0.529049
-0.079652,0.017533,-0.156312,-0.173771,0.575725
-0.211085,0.061418,0.075654,-0.349393,0.211308
-0.256344,-0.111369,0.064127,-0.296785,0.196008
0.118407,0.388543,-0.117197,0.015113,0.168926
-0.012977,0.465749,-0.165267,0.084667,0.058928
0.5,-0.216062,0.5,-0.5,0.0
-0.129809,-0.048681,-0.091638,0.12964,0.496134
-0.146505,-0.087553,0.391732,0.078213,0.325401
0.032618,0.112688,-0.101297,0.016312,0.704224
-0.001877,0.009842,-0.098506,-0.294875,0.514672
-0.287213,0.204568,-0.269314,-0.034354,0.152687
0.04877,-0.090008,0.003024,0.083848,0.681147
-0.040536,0.021063,-0.022412,0.106361,0.69703
-0.156732,0.185233,-0.095795,-0.405617,0.055966
0.5,-0.362405,-0.056798,0.274512,0.034707
0.013858,0.102565,0.102544,-0.057187,0.593078
-0.01369,-0.110185,0.050479,0.056615,0.735714
-0.403635,-0.279437,0.235987,0.228467,0.02758
-0.285715,0.281284,-0.039783,-0.020218,0.21278
-0.36284,0.183268,-0.329277,-0.274075,0.0
-0.154492,-0.044454,0.066751,-0.298289,0.362398
-0.034495,0.021658,-0.155319,-0.228932,0.527754
0.391355,-0.132467,0.04652,0.145057,0.259219
-0.019995,0.284658,-0.145853,-0.311534,0.10013
0.342056,0.286935,0.0202,0.265882,0.020574
0.058169,0.351334,0.055119,0.119649,0.303294
0.190016,0.267651,0.017131,-0.021599,0.355992
-0.139196,-0.058491,-0.278518,-0.116904,0.470305
0.204446,0.185361,0.066856,0.119993,0.317953
-0.192725,-0.007811,-0.132302,0.025877,0.648878
-0.304176,0.100304,-0.279651,-0.399623,0.0
-0.157414,0.041669,-0.235666,-0.219626,0.391535
-0.284721,0.025407,-0.145328,-0.150078,0.37547
0.039432,0.207808,-0.072777,0.255698,0.248171
0.071909,-0.010824,0.101699,0.047059,0.734358
0.283943,-0.172956,0.175183,0.276897,0.013986
-0.148708,0.305148,0.102558,0.016908,0.330732
-0.160474,0.062168,-0.05157,-0.085437,0.519048
-0.115489,0.040234,-0.279364,-0.325469,0.223091
0.046133,-0.011695,-0.077298,-0.012088,0.938515
0.27005,-0.455657,0.259571,0.246953,0.0
-0.014074,-0.02575,0.072023,-0.027168,0.868035
-0.305032,-0.323259,0.001989,-0.294452,0.015215
-0.224169,0.363332,-0.136939,-0.07666,0.047266
-0.162937,-0.040045,-0.278072,-0.249673,0.181642
-0.357494,0.002547,-0.052428,-0.21559,0.395245
-0.015261,0.114356,-0.182877,-0.343535,0.303055
0.343728,-0.357031,0.293103,0.5,0.0
0.103651,0.223482,0.019385,-0.057068,0.44311
-0.233781,0.004432,-0.147622,-0.403069,0.228491
0.250571,0.26414,0.110519,0.291121,0.0
0.107322,0.371386,0.164822,-0.075919,0.090619
0.050095,0.268179,0.195167,0.18572,0.165978
-0.210262,-0.009349,-0.249677,-0.244734,0.198933
-0.082116,0.061072,-0.209818,-0.162454,0.514183
-0.187117,0.042236,-0.144519,-0.276098,0.266961
0.116267,0.380239,-0.128875,0.275253,0.0
-0.258414,-0.015613,-0.307364,-0.343882,0.031922
-0.257647,0.152058,-0.136849,-0.092441,0.286725
-0.115544,0.025488,-0.141107,-0.021524,0.699671
0.011927,-0.103278,-0.016523,-0.051254,0.801242
-0.082634,-0.063648,-0.194688,-0.268324,0.403173
-0.246459,0.010671,-0.221976,-0.231142,0.341485
-0.011245,0.026405,-0.287215,-0.371334,0.276209
-0.262448,-0.033182,-0.12233,-0.444023,0.093394
0.071347,-0.28961,0.430892,0.27934,0.0
0.016787,0.112486,-0.077574,-0.041785,0.647437
-0.242146,0.067699,-0.079185,0.001399,0.579884
0.011134,-0.108227,0.397301,0.297072,0.208049
0.36725,-0.083125,0.328095,0.192684,0.042061
0.10065,0.016553,0.073001,-0.011057,0.875892
-0.181684,0.199057,-0.08792,-0.307156,0.150644
0.133811,0.220788,0.187543,0.253907,0.119499
0.148741,0.21053,-0.117593,0.126595,0.256468
0.154384,0.283277,0.028409,0.009068,0.375411
0.259689,-0.08083,0.332895,0.204085,0.119177
-0.10092,-0.103978,-0.281022,-0.111684,0.229076
0.004183,0.421079,0.131517,0.182807,0.0
-0.062355,-0.007413,0.234516,0.353813,0.427917
-0.160244,-0.019554,-0.203646,-0.259982,0.341547
0.103129,0.404392,0.137968,-0.047246,0.122175
0.029957,0.131527,0.042241,0.067065,0.718427
0.237726,-0.196899,0.228971,0.358449,0.0
-0.341907,-0.0458,-0.156309,-0.253755,0.200188
0.047419,-0.334887,0.466293,-0.007495,0.0
-0.275479,0.050664,-0.093861,0.01576,0.553732
0.00194,0.214745,0.205085,0.37155,0.026043
-0.19155,0.037403,-0.303799,-0.337459,0.170843
0.050784,-0.003748,0.106903,-0.03743,0.788423
-0.120336,-0.22051,0.370802,-0.078202,0.088129
-0.291241,0.02126,-0.181432,-0.31076,0.166056
0.109505,0.294046,-0.073743,-0.035057,0.261418
-0.333286,0.137326,0.045449,-0.2888,0.115071
-0.186798,0.247059,-0.104494,-0.149972,0.175546
-0.188345,-0.030958,-0.228298,-0.408865,0.138779
0.137529,0.130554,0.100881,0.164811,0.461938
0.076118,0.366741,0.223828,-0.078793,0.004726
-0.217484,0.100962,-0.213495,-0.1839,0.248046
0.124717,0.331404,0.116761,0.279835,0.0
-0.169393,-0.329391,0.487383,0.108052,0.0
-0.210902,0.247142,-0.239771,-0.197203,0.020023
-0.17383,0.099618,-0.188588,-0.373283,0.016278
0.242501,0.009961,-0.119801,0.278856,0.393834
-0.203685,0.058973,-0.089341,-0.185545,0.302399
-0.249756,-0.11579,-0.294326,-0.152948,0.232725
-0.24496,0.101111,-0.243342,-0.240472,0.146112
-0.255761,0.118149,-0.07076,-0.23448,0.257517
0.042452,0.011745,0.067769,0.051331,0.772728
-0.288603,0.044438,-0.112694,-0.133029,0.285281
0.022245,0.025585,-0.031713,0.038147,0.865874
0.211572,0.155143,0.049928,0.203223,0.30847
-0.152167,0.143352,-0.22578,-0.177516,0.198877
-0.255353,0.093165,-0.185245,-0.245289,0.15329
-0.149288,-0.031468,0.154424,0.006313,0.595044
-0.059853,0.090569,0.219825,0.175135,0.357708
-0.178387,0.224873,-0.175879,0.033457,0.274222
-0.247297,0.046923,0.021643,-0.287929,0.362636
-0.039016,0.235823,-0.016601,0.134553,0.524063
-0.062105,0.136379,-0.159864,-0.108654,0.502078
-0.080018,0.005636,-0.062643,-0.491467,0.39223
0.1988,-0.49497,-0.065507,0.294809,0.0
-0.156317,-0.069392,-0.095756,-0.259947,0.394627
-0.054089,0.223726,-0.125188,-0.27833,0.14881
-0.295159,0.01524,-0.135525,-0.061543,0.551545
-0.231701,-0.090531,0.039789,-0.165871,0.456864
-0.100783,0.165471,0.196471,0.286287,0.234575
-0.040476,0.200363,0.135191,0.215458,0.368123
-0.247511,0.109032,-0.252033,-0.340993,0.014546
-0.285627,-0.014507,-0.08141,0.105372,0.478094
-0.006912,0.21764,0.053615,0.325654,0.367017
-0.320997,0.070441,-0.220621,-0.19555,0.182474
-0.082691,0.009206,-0.014236,-0.111147,0.772368
-0.049884,0.058709,-0.15533,-0.143374,0.487657
-0.224191,0.19016,-0.104054,-0.31127,0.126236
-0.249742,-0.01505,-0.393418,-0.222303,0.102523
-0.023852,0.269576,0.053258,0.043453,0.491737
0.279058,0.290365,0.142655,0.230184,0.0
0.128342,0.059049,0.081873,0.037627,0.543228
-0.302539,0.064882,-0.038679,-0.363615,0.167176
0.192374,0.168155,0.5,0.366867,0.048998
0.147813,-0.119619,-0.012752,-0.016952,0.603123
-0.15654,0.017887,-0.107511,-0.166782,0.473485
0.068329,0.228847,0.090267,0.094584,0.376623
0.14145,0.240912,0.152597,-0.06815,0.398766
-0.279971,-0.003564,-0.261808,-0.3849,0.052737
-0.024453,0.153625,0.259791,-0.018371,0.45498
-0.25121,0.184772,-0.099096,-0.295979,0.131326
-0.031897,0.040277,0.021661,0.063829,0.884906
-0.026356,0.056453,-0.023901,0.119232,0.765768
-0.034355,0.127855,0.066505,0.052456,0.63147
0.129573,-0.324926,0.310651,-0.047471,0.0
-0.327112,0.000599,-0.148861,-0.281771,0.255408
-0.163029,0.107637,-0.21861,-0.450762,0.0
-0.057397,0.197019,-0.063067,-0.176438,0.339348
-0.050649,0.047589,-0.103522,-0.120015,0.599943
0.023919,0.279812,0.019724,0.08124,0.471548
-0.220839,-0.082256,-0.273773,-0.271981,0.05789
-0.273407,-0.171545,0.154181,0.197738,0.047433
0.212906,-0.000235,0.100239,0.004643,0.650198
0.076995,0.039882,0.258605,0.003005,0.6294
-0.272647,-0.379864,0.354544,0.409905,0.0
0.109846,0.004554,-0.012211,-0.030943,0.781017
-0.224051,0.130728,-0.080231,-0.240596,0.295094
0.052388,-0.360222,0.150294,-0.028365,0.285874
-0.471716,0.031574,-0.105669,0.110927,0.252325
-0.274442,0.264215,-0.13501,0.063062,0.238751
-0.151741,0.011416,-0.018906,0.034999,0.799738
0.083465,-0.039859,0.121291,0.397083,0.354827
-0.309074,-0.32952,0.163557,0.264245,0.0
-0.212731,0.322719,-0.092019,-0.080352,0.123045
-0.413418,0.169404,-0.192941,-0.354433,0.0
0.057078,0.30424,0.031609,-0.038902,0.349815
-0.295086,0.080814,-0.314084,-0.131287,0.143067
-0.101063,-0.087636,-0.176903,-0.266726,0.368054
-0.366185,0.14097,-0.073853,-0.167243,0.175215
-0.092448,0.045132,0.258214,0.142807,0.458249
-0.271582,0.017898,-0.156701,-0.29935,0.245213
-0.041872,-0.009066,-0.184693,-0.373911,0.319816
0.030288,0.287362,0.007845,0.168274,0.420348
-0.03112,0.093618,0.5,0.206101,0.177446
0.135682,0.222539,-0.02896,0.226994,0.320729
-0.280957,-0.061477,0.124639,-0.218496,0.251521
-0.217078,0.105289,-0.108898,-0.166066,0.299684
-0.251033,-0.077537,0.421562,-0.233538,0.045538
-0.01026,-0.125617,-0.219204,0.043203,0.455787
-0.193223,0.287237,-0.22494,-0.270653,0.080959
0.320588,0.198008,0.204427,0.193013,0.092449
0.058315,0.028313,0.004336,-0.032653,0.886941
0.169133,-0.315365,0.106644,0.201604,0.060559
-0.174099,-0.313834,0.235952,-0.034115,0.036007
0.128043,0.180817,0.20604,0.145653,0.200651
-0.185569,-0.004451,-0.173208,-0.159034,0.502212
0.00315,0.293741,0.286427,0.126715,0.115249
0.131215,0.205218,0.180138,0.264465,0.194203
0.368416,-0.459964,-0.161008,0.029662,0.0
0.156913,0.100946,0.053122,0.140832,0.500918
-0.221536,-0.170924,-0.162174,-0.074551,0.168828
-0.038432,0.266586,0.213346,0.221949,0.185133
-0.219691,0.096777,0.058771,-0.324688,0.289802
0.012163,-0.036851,0.020945,0.011922,0.950507
-0.266084,-0.033836,-0.103096,-0.294594,0.268288
-0.103313,-0.0379,-0.160238,-0.190521,0.500584
-0.224412,0.06601,-0.052982,-0.050436,0.569943
0.052579,0.260623,0.206377,0.294494,0.117143
-0.340506,-0.036332,-0.33396,-0.268972,0.092089
0.050312,-0.095297,0.074954,0.065204,0.674269
0.249982,-0.289042,0.14361,0.119919,0.051054
-0.039537,-0.056296,0.20735,-0.048416,0.593561
-0.057868,0.243512,0.097264,0.156462,0.309795
-0.172798,0.120217,-0.031728,-0.179114,0.385807
-0.319384,-0.095632,-0.019057,-0.138629,0.393139
-0.148351,-0.079925,-0.104059,-0.039193,0.603475
-0.390334,-0.5,0.265101,0.171255,0.0
-0.114052,0.222793,-0.094902,-0.379417,0.023256
0.024009,-0.079546,-0.002423,0.096108,0.721176
-0.153246,0.10659,0.105271,-0.237983,0.292531
0.065495,0.23874,0.075263,-0.007866,0.520463
-0.195918,0.052544,-0.227087,-0.235711,0.294145
-0.265269,-0.063062,-0.287528,-0.172107,0.187535
0.055548,-0.5,0.5,0.257922,0.0
0.019077,0.011091,-0.058429,0.127124,0.742107
0.389639,-0.211458,0.44561,-0.024672,0.031322
-0.211791,0.009503,-0.093511,-0.278821,0.400582
0.053079,-0.068565,0.079522,0.037471,0.688984
-0.311446,-0.174927,-0.156559,0.5,0.034808
0.048408,-0.082199,0.149697,0.221768,0.509911
-0.031569,-0.233442,0.283268,0.150117,0.119416
0.431903,-0.267173,0.459888,0.371892,0.0
0.114053,0.036156,0.034071,0.118115,0.692094
-0.154071,-0.096641,-0.246412,-0.065022,0.349265
-0.218981,0.172061,-0.231652,-0.226149,0.057959
0.014148,0.198665,0.069993,0.316938,0.288667
-0.207138,0.147411,-0.195176,-0.160671,0.235703
0.33899,-0.287601,0.307274,-0.207157,0.0
-0.364412,0.028051,-0.346662,-0.370808,0.011213
0.178405,-0.049408,0.184878,-0.358985,0.108647
0.12019,0.225646,0.159579,-0.155647,0.348421
-0.26066,-0.016098,-0.14044,-0.093662,0.384923
0.00493,-0.048574,0.017752,0.008517,0.864248
-0.308639,0.146814,-0.168615,-0.269297,0.072879
0.134467,0.385623,-0.09835,0.031858,0.200317
-0.26898,-0.20827,-0.054219,-0.38881,0.014105
-0.41271,0.038558,0.02951,-0.315942,0.221787
0.233136,0.15399,0.044366,0.358232,0.186791
-0.238299,-0.052881,-0.019228,-0.262886,0.426024
-0.155176,-0.048839,0.317466,-0.01252,0.494559
-0.236629,-0.009163,-0.352074,-0.24172,0.129572
-0.454968,0.126836,-0.186958,-0.044061,0.118456
-0.044083,0.073086,-0.015616,-0.001865,0.798382
-0.031803,0.115921,0.126246,0.234163,0.504531
0.086372,-0.15203,0.068759,0.487899,0.073749
0.108249,0.207287,-0.049021,0.166452,0.356582
-0.41101,0.071887,-0.186001,-0.420557,0.03473
-0.092877,0.126618,-0.021977,-0.026335,0.623224
-0.03614,0.078977,0.38067,0.086556,0.253731
0.017865,0.184844,-0.048581,0.001359,0.486042
-0.121202,-0.362716,-0.014926,0.139139,0.139147
0.221962,0.271705,0.157855,0.151663,0.048699
0.126106,-0.270173,0.044196,0.098317,0.426843
0.117869,-0.0841,0.130228,0.357265,0.215234
-0.221374,-0.5,0.157668,0.190593,0.076266
0.000931,-0.073805,-0.003936,0.037652,0.785246
-0.249033,-0.11912,-0.191756,-0.057627,0.286076
0.022277,-0.004669,-0.109616,0.023871,0.820069
0.028614,-0.292096,0.016005,0.185862,0.356931
0.225723,0.308822,0.109186,-0.009623,0.144461
-0.377868,-0.059366,0.091817,0.035295,0.462133
-0.208073,0.126907,-0.213567,-0.118036,0.239573
-0.032097,0.043681,0.154754,0.341411,0.314145
-0.257451,0.096576,-0.176093,-0.165184,0.217822
-0.022497,-0.033277,0.000133,-0.007611,0.828754
-0.040371,0.079994,-0.009237,0.031325,0.794208
-0.064469,0.053485,-0.305352,-0.246983,0.238261
-0.403922,-0.5,0.5,-0.018635,0.058447
-0.13722,0.074056,-0.133577,-0.225992,0.286689
-0.029195,-0.0074,-0.018982,-0.098472,0.874143
0.020213,-0.0308,0.5,-0.070504,0.360981
-0.335584,0.007512,-0.107565,-0.274062,0.324805
-0.231828,-0.162545,-0.063561,-0.091847,0.416384
0.296563,-0.059902,0.044131,0.262851,0.393322
-0.206536,-0.041324,-0.128307,-0.150461,0.468442
0.085444,-0.112783,0.166538,0.012109,0.484622
0.119216,0.226314,-0.022458,0.06043,0.533596
-0.065975,0.062323,-0.066844,-0.096047,0.719549
0.223309,-0.192357,-0.077027,0.245414,0.232258
0.062015,-0.5,0.473983,0.15843,0.00131
0.164742,0.282182,0.003,0.171112,0.28777
-0.123156,0.106528,-0.076804,-0.387677,0.178979
-0.088231,-0.497248,0.382834,0.096901,0.0
0.187366,0.355747,0.103061,-0.008595,0.129802
0.090304,0.083709,-0.035024,-0.02981,0.73336
0.5,-0.143931,0.234783,-0.093457,0.0
-0.051839,0.270993,0.086995,0.050694,0.353543
-0.200378,0.120179,-0.097162,-0.28266,0.302869
-0.348287,0.079393,-0.190811,-0.133737,0.128034
-0.052302,0.151864,-0.224407,-0.241573,0.264841
0.07144,0.133497,-0.141039,0.221318,0.365096
0.341564,-0.089353,0.156853,0.133197,0.135698
-0.198859,-0.04654,-0.290299,-0.150989,0.349564
-0.124485,0.289816,-0.251001,-0.358567,0.0
-0.222446,0.030755,-0.173103,-0.254746,0.320948
-0.059737,0.101369,0.196559,0.126528,0.475217
-0.228631,-0.050663,-0.040281,-0.258223,0.457492
-0.036679,0.04497,-0.140412,-0.329928,0.434395
-0.001772,0.149239,0.151022,0.198314,0.375564
0.305824,-0.5,0.381581,0.132706,0.0
0.189459,-0.344065,0.109421,0.301549,0.0
-0.243008,-0.021484,-0.1695,-0.232155,0.33521
-0.024053,-0.261055,0.322255,0.337783,0.003526
0.016153,0.008128,0.072249,0.084993,0.821476
0.022133,-0.5,0.1072,-0.091908,0.016307
-0.081168,0.236988,0.079874,0.148441,0.312615
0.077458,0.465564,0.021329,-0.011189,0.212242
-0.109347,0.001417,-0.202334,-0.267036,0.489835
0.460898,-0.335187,0.132129,0.436551,0.0
0.049944,0.272473,0.02089,0.222466,0.218956
-0.15299,0.252508,-0.197111,-0.009657,0.281684
0.133796,0.097654,0.301205,-0.188293,0.213736
-0.056254,-0.060492,0.04433,-0.00805,0.748014
-0.022922,-0.026778,0.048739,-0.000606,0.884212
0.031748,0.147793,0.03208,0.037252,0.682831
-0.120889,0.125528,-0.030064,-0.188267,0.473925
0.232398,-0.140281,0.5,0.200285,0.0
0.293063,0.361814,0.1316,0.050641,0.0
0.244629,-0.377996,0.418576,0.239815,0.041876
0.054071,0.227309,0.094608,-0.00176,0.408479
-0.128986,-0.020285,-0.077956,-0.100631,0.67972
-0.055124,-0.100222,-0.123611,-0.271751,0.417799
0.144421,0.267894,-0.034691,0.228106,0.207029
-0.136475,-0.209689,-0.246074,-0.232472,0.114237
-0.019401,0.00304,-0.027675,-0.090435,0.872954
-0.11692,0.013633,-0.33668,-0.095172,0.434291
0.072388,-0.008233,0.034631,0.10177,0.73476
0.204036,-0.226744,0.189883,0.212627,0.11903
-0.264095,0.018526,-0.00893,-0.247018,0.531569
-0.183247,0.180453,0.044264,-0.24867,0.236485
-0.18566,-0.2135,0.169674,0.193404,0.100344
0.122584,0.357116,-0.059838,0.173295,0.170861
0.234395,0.03849,0.155367,0.003381,0.509119
0.145713,0.325783,0.135081,0.305753,0.0
-0.1942,-0.050246,-0.183118,-0.23904,0.276596
-0.042908,-0.053752,0.071469,-0.068682,0.702575
-0.17435,0.05954,-0.262234,-0.313721,0.178485
-0.149563,0.184614,-0.153134,-0.367372,0.039428
0.248008,-0.360507,0.301737,0.059799,0.0
-0.103815,0.129512,-0.144549,-0.176515,0.390205
0.096297,-0.5,0.436099,0.071983,0.060958
0.163652,0.195342,0.152992,0.076034,0.276766
-0.200089,-0.010609,0.077961,0.356584,0.38399
-0.110091,-0.5,0.5,0.028753,0.042439
0.119186,0.159196,-0.027925,-0.019347,0.616375
-0.046665,-0.004994,0.107739,-0.105881,0.72693
-0.165757,-0.095896,0.063968,-0.10591,0.534799
0.132841,-0.5,0.431938,0.383427,0.031734
0.120357,0.018305,-0.014609,0.007008,0.791408
-0.30247,0.00188,-0.169095,-0.262086,0.261854
-0.139227,0.127985,-0.279542,-0.281728,0.026815
-0.38844,-0.047142,-0.244305,-0.288728,0.064437
-0.003999,-0.032643,0.006569,0.33136,0.634589
0.143246,-0.078067,0.5,0.448356,0.011953
-0.20511,0.231457,-0.212912,-0.323392,0.049365
0.271754,-0.289254,0.326176,-0.182407,0.0
-0.024211,-0.010336,-0.035095,0.028627,0.892898
-0.076171,0.201912,-0.089828,-0.304909,0.264264
-0.161709,-0.087776,-0.135837,-0.351763,0.260569
-0.27811,-0.024296,-0.094837,-0.041041,0.605238
-0.097429,0.262211,-0.083119,-0.293284,0.140244
0.181393,0.190587,0.011751,0.088047,0.390559
0.346957,0.317965,0.064979,0.065391,0.044758
-0.071152,-0.051023,0.048028,0.067639,0.632847
-0.039912,0.01853,-0.133833,-0.029074,0.838346
-0.1346,0.262735,-0.157335,-0.322449,0.026652
-0.288657,0.018311,-0.219376,-0.019706,0.320316
0.158808,0.294406,0.305813,0.122796,0.0
-0.026546,0.045884,0.037837,0.018237,0.956305
0.277251,0.075245,0.110255,-0.002444,0.457726
-0.201803,0.287041,-0.167211,-0.105607,0.046491
-0.051267,-0.005432,-0.036669,-0.297844,0.542326
-0.242837,0.069698,-0.091143,-0.251943,0.315467
-0.040842,-0.054328,-0.111253,-0.00715,0.819479
0.095318,0.367402,-0.062188,-0.072795,0.226639
-0.013584,-0.03286,-0.005154,0.063733,0.825233
0.326595,0.285432,0.11862,0.029676,0.084644
-0.217659,0.044621,-0.050483,-0.213115,0.469951
0.162056,0.300284,-0.036229,0.086741,0.295115
0.259815,-0.33582,0.395464,0.222581,0.048654
0.007684,-0.232101,0.363862,0.063618,0.265836
0.237022,0.029035,-0.058821,0.241628,0.50011
-0.457799,0.212119,-0.191259,-0.099442,0.0
0.014087,0.1416,-0.229426,-0.213928,0.326747
-0.258976,0.163867,-0.22971,-0.284971,0.057176
0.218403,0.044906,0.189736,0.277868,0.285472
-0.201515,-0.039842,-0.15547,-0.128697,0.414065
0.011034,0.314672,0.08775,-0.009329,0.511762
0.354708,0.5,0.008218,0.317584,0.028282
-0.059969,-0.040829,0.009126,-0.225414,0.714286
-0.296208,0.226367,-0.177707,-0.102049,0.139047
0.170504,0.340285,-0.063542,0.130822,0.173033
0.3094,-0.5,0.468214,0.055883,0.0
-0.017939,-0.117468,0.014039,0.173519,0.687463
0.106249,0.223254,-0.071418,0.17352,0.345906
0.226792,0.311083,0.133763,-0.033711,0.21701
-0.118556,0.021886,-0.190304,0.030435,0.641512
-0.071239,0.046361,-0.170252,0.152171,0.518596
0.023983,-0.063367,0.037056,-0.15612,0.746961
0.004152,-0.006728,0.123848,-0.003206,0.789892
-0.225118,0.158129,-0.020215,-0.252801,0.296004
0.017352,-0.103905,-0.154951,-0.110496,0.626683
-0.024535,-0.272097,0.385385,0.098763,0.052921
0.38801,-0.291488,-0.027064,-0.10135,0.044182
-0.000251,0.00255,0.35396,0.330543,0.310394
-0.124975,0.069666,-0.070136,-0.221131,0.476461
-0.230617,-0.052734,-0.104381,-0.028944,0.474543
-0.043621,-0.093226,0.039839,0.441049,0.346986
0.348916,-0.017485,0.37464,0.114246,0.135644
0.188017,0.286174,0.122043,0.21755,0.066823
-0.292778,-0.0805,-0.266339,-0.289728,0.076837
-0.311503,0.175912,-0.148321,-0.043761,0.182914
-0.398659,-0.008839,0.286395,-0.153697,0.127497
-0.227037,0.118651,-0.181565,-0.5,0.0
-0.109581,-0.082693,-0.236328,0.002419,0.574194
0.168324,0.348004,0.056613,0.058645,0.153635
-0.123669,-0.013928,-0.211169,-0.129695,0.462232
0.149931,0.207177,0.045029,-0.130249,0.414695
0.017962,-0.034233,-0.000119,0.124769,0.781996
-0.208137,0.210326,-0.314298,-0.294965,0.05
0.166779,0.240525,0.102162,0.132719,0.290272
0.095813,0.07583,0.018664,0.062999,0.727278
0.089825,0.141939,0.195452,0.262931,0.178695
0.020827,-0.041922,0.047447,0.020139,0.937883
0.171127,0.147321,-0.015077,0.136624,0.384403
-0.5,-0.098204,0.006802,0.327204,0.0
0.274469,-0.031552,-0.12622,0.261153,0.295052
-0.307984,-0.129773,-0.200547,-0.166617,0.147883
-0.197287,0.09245,-0.081094,-0.057235,0.549567
0.020103,-0.002279,-0.075109,0.024389,0.929905
0.081846,-0.130877,0.163064,0.145867,0.45893
0.147427,-0.060634,0.105396,0.342085,0.312283
0.130346,0.294851,0.177404,-0.000815,0.271947
-0.163808,0.079953,-0.104143,-0.495165,0.168772
-0.271512,-0.123909,-0.136488,-0.391719,0.049563
-0.078848,-0.5,0.354047,0.356471,0.0
-0.134823,-0.049578,-0.054578,-0.250277,0.563034
0.265966,-0.16234,0.20767,-0.03208,0.227676
-0.158256,0.009018,-0.161745,-0.289251,0.406831
-0.172958,-0.359045,-0.098734,-0.126826,0.008391
0.104027,0.145551,0.124,-0.02746,0.555015
0.176341,-0.332453,0.364941,-0.144566,0.024438
0.170551,0.077145,-0.040494,0.237822,0.497247
0.104857,-0.060803,0.413236,0.05692,0.416546
-0.269153,0.023122,0.012076,-0.365259,0.353761
0.059592,0.137049,0.063049,0.26287,0.396591
-0.225884,0.026599,-0.187275,-0.089014,0.537415
-0.21409,0.223337,-0.191211,-0.009098,0.341938
0.254114,0.265142,0.025317,0.127811,0.190716
-0.205583,0.000864,-0.183538,-0.097343,0.528476
0.002443,-0.105578,-0.03426,0.001216,0.829088
-0.294021,-0.043849,-0.115681,-0.409992,0.12394
0.02331,0.181148,-0.02382,0.118523,0.557598
-0.008675,-0.034647,0.008083,-0.006242,0.883878
0.020153,0.105447,-0.148547,-0.060218,0.574541
0.148047,0.341294,0.033887,-0.052218,0.250356
-0.143674,-0.016978,-0.248692,-0.102174,0.48127
0.206567,0.188916,0.044351,-0.177278,0.302223
-0.140927,-0.204865,-0.107498,-0.123662,0.371243
-0.247421,0.021806,-0.178604,-0.076087,0.550011
0.029321,0.195901,0.158629,0.431688,0.001291
0.032496,-0.306221,0.407752,0.032702,0.036262
-0.083175,0.080503,-0.139914,-0.105063,0.630213
-0.067407,0.219564,-0.068502,0.258606,0.326937
-0.085172,-0.5,0.132517,0.459398,0.0
0.069876,0.050601,-0.002451,0.048186,0.817969
-0.189407,-0.027709,0.266073,0.164013,0.374056
0.119945,-0.16584,0.089029,-0.063075,0.464626
-0.309423,-0.376993,0.258551,-0.096147,0.0
-0.066795,0.197458,-0.056498,-0.204013,0.297223
-0.233877,-0.059747,-0.117448,-0.265905,0.224747
0.3416,-0.24917,0.019067,0.08158,0.147272
0.148902,-0.378953,0.481377,0.16395,0.0
-0.053531,0.245684,-0.158098,0.063114,0.346248
0.094409,0.045592,0.020084,-0.029607,0.91469
-0.135228,-0.046131,-0.071155,-0.210649,0.503903
0.084071,-0.297663,0.164614,0.177676,0.10432
-0.254181,-0.182478,0.453681,0.428903,0.0
-0.149774,0.146163,-0.095215,-0.310662,0.229073
-0.005538,0.396218,0.060918,-0.052507,0.264099
0.166436,-0.372907,0.356126,0.212509,0.005128
-0.00654,0.287342,0.048373,0.062132,0.398697
0.114313,0.335746,0.111221,0.187858,0.0
-0.132487,-0.050975,-0.100242,-0.152279,0.538939
0.064973,0.01877,0.003855,0.055062,0.736242
-0.287362,0.025864,-0.171561,-0.37479,0.110436
-0.189983,0.028346,-0.242148,-0.435127,0.040585
-0.174654,-0.188545,-0.263051,-0.295284,0.0
-0.085558,-0.04028,-0.233753,-0.32856,0.248561
-0.39375,-0.072756,-0.109985,-0.401527,0.0
0.011949,0.045618,0.016659,-0.040898,0.896053
-0.152616,-0.003103,-0.332461,-0.13617,0.340674
-0.285543,-0.057813,-0.152736,-0.317057,0.107544
-0.14969,0.211918,-0.200108,-0.246936,0.021956
0.117799,-0.424234,0.400011,0.258091,0.010164
0.059491,0.075762,-0.061545,-0.026257,0.733278
0.16248,0.22792,-0.085599,-0.028206,0.348037
0.168705,0.383602,-0.053029,0.136,0.086789
0.164142,-0.190799,0.167935,0.201788,0.212107
0.102517,0.03064,0.017819,-0.006707,0.881468
-0.03367,0.171208,-0.024854,0.009191,0.661473
0.215779,0.224665,-0.164469,0.213824,0.094809
-0.292318,0.00064,-0.303921,-0.275381,0.194188
-0.084368,0.209662,0.217627,0.16815,0.238498
-0.144872,-0.195045,0.36067,-0.120528,0.090393
-0.198676,-0.028383,-0.206014,-0.153174,0.429788
-0.191761,0.020534,-0.080049,-0.23247,0.405769
-0.050403,-0.098141,0.293523,0.332965,0.157556
-0.142561,-0.122653,-0.113344,-0.192954,0.328005
0.226641,-0.283942,0.021265,0.397183,0.032142
-0.106031,0.039092,-0.278773,-0.038841,0.499685
-0.197677,-0.274986,0.343359,0.241757,0.0
-0.386324,0.093015,-0.055492,-0.091008,0.254224
-0.242807,0.070978,0.025888,-0.151778,0.510063
0.040992,0.327489,0.222321,0.178203,0.033465
0.042309,0.135491,0.042963,0.289926,0.481583
-0.17373,-0.107635,-0.067593,-0.266008,0.438354
-0.140874,0.038454,-0.114941,-0.211686,0.430379
-0.033584,-0.106411,0.234052,0.26851,0.286518
-0.203962,0.289129,-0.174974,-0.2086,0.098547
-0.348733,0.116235,-0.279786,-0.153382,0.04356
0.118673,0.225027,0.052924,0.011496,0.477366
-0.199883,0.113039,-0.105892,-0.30564,0.240889
-0.137838,0.005062,-0.160325,-0.18474,0.466117
-0.203844,0.304444,-0.22508,0.053422,0.007263
0.008472,0.022215,0.06547,0.012794,0.914441
-0.118441,-0.062458,-0.103422,0.007498,0.619561
0.175196,-0.477052,-0.258085,0.242349,0.0
0.216572,0.349249,0.03969,-0.00854,0.199996
0.063735,-0.028941,-0.073498,-0.016582,0.817403
-0.222268,-0.144518,0.336361,-0.100869,0.09242
-0.018318,0.165241,0.038089,0.219843,0.52605
-0.164277,-0.147888,-0.138263,-0.337753,0.174401
0.085375,0.071692,0.035102,0.203313,0.616363
-0.195642,0.052358,-0.011755,-0.159444,0.57726
-0.085741,0.197184,-0.155134,-0.243155,0.11831
0.212654,0.381615,-0.024283,0.052712,0.135524
0.096744,0.095521,-0.220804,-0.165461,0.428218
-0.352346,0.185596,-0.02017,-0.253677,0.081833
-0.134968,0.070549,-0.110225,-0.137183,0.482447
-0.071914,0.042439,0.026536,-0.376772,0.444113
-0.044641,0.212982,-0.10767,-0.178571,0.327271
-0.168077,0.072457,-0.060598,-0.321416,0.327891
-0.128687,-0.111128,0.5,-0.108163,0.154487
0.040901,0.230986,-0.036794,0.150657,0.364412
-0.002031,0.463722,-0.023856,0.112065,0.235641
-0.035783,0.277203,-0.019451,0.095376,0.44493
0.024142,0.005385,0.032598,0.5,0.43544
0.195926,0.255686,-0.079598,0.051317,0.281883
-0.3032,-0.150527,0.384559,0.167527,0.016746
-0.137977,-0.062288,-0.180932,-0.24618,0.311817
0.101146,0.09679,0.170171,-0.028089,0.480978
0.216765,-0.234092,0.380563,0.017273,0.059909
-0.203583,0.102502,-0.024022,-0.321036,0.353107
0.179582,0.344311,-0.062357,0.081278,0.097626
-0.137252,0.110398,-0.1213,-0.049657,0.550019
-0.189154,0.243613,-0.141475,-0.166911,0.145202
0.063403,0.021214,0.167371,-0.032781,0.802695
-0.197156,0.088985,-0.02027,-0.21603,0.475296
-0.279914,-0.109162,-0.191273,-0.081857,0.266146
-0.187477,0.072111,-0.048591,-0.199679,0.525132
-0.10739,0.029408,-0.188578,-0.239823,0.432809
0.07335,0.159649,-0.043297,-0.099082,0.603084
-0.020003,0.23758,0.165978,0.026368,0.387982
0.232241,0.209654,-0.027831,0.051465,0.385467
-0.042569,-0.194037,0.24591,0.045504,0.405601
-0.01953,-0.290447,0.5,0.172832,0.025898
-0.123713,-0.5,-0.103367,-0.05722,0.100432
-0.155107,-0.077036,-0.250568,-0.311927,0.122961
-0.186025,0.092972,-0.058192,-0.228968,0.407208
-0.128459,0.139113,-0.109825,0.006136,0.57587
0.014702,0.077961,0.096147,-0.057554,0.812383
-0.06849,0.075277,0.257221,0.408616,0.214253
-0.164146,-0.00771,-0.008648,-0.177449,0.547818
0.035462,-0.091225,0.257223,-0.078945,0.468472
-0.26628,-0.074019,-0.148745,-0.321958,0.068187
0.105012,0.417076,-0.175421,0.108167,0.068896
0.011244,-0.04595,0.018351,0.002111,0.953999
0.249182,0.187225,0.009636,0.099472,0.339564
-0.066046,0.017898,0.085109,0.01237,0.785785
-0.020852,0.184311,0.380533,0.028729,0.313737
0.062835,0.261628,0.019525,0.102993,0.384976
0.111662,0.288659,0.180549,-0.04493,0.219462
-0.352661,0.037025,-0.288611,-0.077715,0.164623
0.236439,0.129115,0.267082,0.028987,0.276851
-0.144104,0.049108,-0.206981,-0.288901,0.35416
0.101565,-0.18305,0.5,0.105881,0.022157
-0.059257,0.028253,-0.224197,-0.164028,0.42491
0.193998,0.19611,0.017754,-0.003826,0.457604
-0.023881,0.011956,-0.111993,-0.14225,0.715544
0.302243,-0.364394,0.181124,0.347889,0.060458
-0.226984,0.135996,-0.273412,0.028639,0.191901
-0.245415,0.12195,-0.179615,-0.259111,0.136823
-0.211236,0.039445,-0.054417,-0.211026,0.47431
0.205489,0.012656,0.296561,-0.159379,0.267901
-0.301237,-0.109854,-0.064588,-0.264196,0.183012
-0.171213,-0.065942,-0.21271,-0.142563,0.315616
-0.179083,0.082771,-0.097958,-0.287413,0.318533
0.023542,0.048654,-0.048006,-0.026452,0.837193
-0.136101,0.064549,-0.171234,-0.154092,0.411416
-0.302348,0.060848,0.5,0.095175,0.0
-0.256019,0.106722,-0.11919,-0.055431,0.442391
-0.131057,0.229346,0.072656,-0.105665,0.436459
-0.3247,-0.012488,-0.11564,-0.194161,0.353643
-0.032047,-0.036057,-0.02063,0.088127,0.79109
-0.328556,-0.03321,-0.133859,-0.008172,0.552483
-0.009744,0.263052,0.07196,0.175019,0.335481
-0.203817,0.085018,-0.305408,-0.135947,0.226297
-0.047892,-0.009132,0.086839,-0.010021,0.833435
0.024798,0.042746,-0.029056,-0.040197,0.856505
0.09997,-0.246224,-0.332142,-0.014392,0.158989
-0.123485,0.060681,-0.17921,0.097528,0.454851
0.110075,-0.427691,0.145772,-0.138922,0.060238
-0.024268,0.209307,0.068957,0.133574,0.476552
-0.077465,0.06653,-0.123761,-0.012481,0.705749
-0.267611,0.003056,-0.292373,-0.315353,0.19206
0.274478,0.372468,0.206526,0.346565,0.0
0.121505,0.006532,0.033105,0.036215,0.754093
0.133172,-0.015274,0.109484,0.102079,0.705305
-0.100859,0.042706,0.040777,0.160638,0.647282
-0.170951,-0.032721,-0.059399,-0.214778,0.478836
0.110443,-0.07583,0.094216,0.095316,0.607418
0.116485,0.317232,0.056276,0.077804,0.30519
0.029745,0.024856,-0.006803,0.025888,0.918509
0.137885,0.158284,-0.165327,-0.180589,0.322994
0.071042,0.27476,0.170921,-0.087384,0.322406
0.003282,0.229145,0.132708,0.079837,0.381883
-0.190823,-0.080268,-0.095473,-0.158928,0.460253
-0.177815,0.166959,-0.261152,-0.241342,0.044264
0.095985,-0.428916,0.329893,-0.378348,0.026533
0.193494,0.452966,0.032013,0.277345,0.0
-0.355217,-0.4434,0.228505,0.026672,0.090008
-0.152408,0.079671,0.5,0.257511,0.034822
0.5,-0.153239,0.194128,0.090779,0.014632
-0.310218,0.013097,-0.33641,-0.290934,0.0
0.15374,0.323616,0.096304,-0.024817,0.312919
-0.032505,0.070284,-0.018775,-0.046379,0.771788
0.194778,0.069815,0.043215,0.143718,0.533637
-0.066777,0.023812,-0.044909,-0.25804,0.476716
-0.263326,0.09598,-0.326849,0.034588,0.279038
0.431325,0.057529,0.098358,0.082641,0.221221
-0.224621,-0.067283,0.097302,-0.212219,0.439144
-0.186009,0.029334,-0.092409,-0.301107,0.422254
0.474712,-0.349969,0.261897,0.04124,0.0
0.464039,-0.5,0.5,0.403455,0.0
0.246085,0.01199,0.008078,0.045869,0.670967
-0.044188,-0.101335,-0.076877,-0.222445,0.422255
-0.324198,0.055086,-0.145839,-0.049771,0.375388
0.004994,-0.144141,0.040785,-0.039889,0.725879
-0.232685,-0.067063,-0.117654,0.021871,0.52563
0.038021,-0.012658,0.022828,0.053063,0.745819
-0.257761,0.117969,-0.458292,-0.118663,0.030179
-0.005933,0.103658,-0.17139,-0.019587,0.687807
-0.040793,-0.070464,-0.269747,-0.45911,0.122755
-0.147225,0.069647,-0.034561,-0.225056,0.545207
0.33994,-0.059101,0.358459,0.161978,0.029946
-0.088781,0.144824,0.376363,0.418153,0.0
0.149101,-0.095731,0.5,0.084102,0.1454
0.137898,0.105905,0.086061,0.089632,0.53111
0.071827,0.194026,0.029493,0.103252,0.45179
-0.148439,-0.06532,-0.125199,-0.068953,0.549897
0.10532,-0.5,0.239138,0.049359,0.0
0.5,-0.241055,-0.06548,-0.029384,0.094285
0.221537,0.269243,-0.089099,0.047471,0.252903
-0.222755,0.048349,-0.271059,-0.14715,0.198205
0.063674,0.297262,0.082259,0.19963,0.192308
0.205468,-0.076128,0.160884,-0.098228,0.41266
-0.144313,0.039411,-0.302296,-0.190053,0.34825
0.340978,-0.152701,0.243643,0.454457,0.0
0.044076,0.236329,0.180196,0.038129,0.325712
-0.337562,-0.03884,-0.150326,-0.27339,0.194369
-0.369317,0.0026,-0.162973,-0.166148,0.23308
0.015633,-0.014232,-0.010173,-0.090055,0.856871
-0.05821,0.025154,0.048738,0.023777,0.711306
0.241974,0.117881,0.052639,-0.035088,0.447383
0.408392,-0.439929,0.214586,0.135473,0.019121
-0.296173,-0.03317,-0.21478,-0.127143,0.364879
-0.003739,0.027163,0.015937,-0.002251,1.0
-0.167127,-0.31176,0.209205,-0.047268,0.087201
0.017123,-0.005842,0.000983,0.03352,0.949952
-0.000482,-0.161731,0.178434,0.119454,0.50674
-0.203237,-0.172886,-0.117939,-0.096258,0.252249
0.232539,-0.173025,0.208337,-0.032771,0.251058
-0.079578,-0.020749,-0.065401,0.075394,0.736525
0.206447,-0.057182,0.09682,-0.180044,0.435728
0.093901,0.10155,0.129869,0.201038,0.395492
-0.205752,0.096132,-0.242836,-0.191543,0.232455
-0.043657,0.083745,-0.171543,-0.220517,0.429584
-0.191917,-0.131787,-0.278768,-0.221581,0.098978
0.01869,0.45312,0.1464,-0.05022,0.116764
0.126802,0.16988,0.046888,-0.001015,0.540775
0.059206,0.255384,0.114863,-0.0359,0.467137
-0.488955,-0.120881,0.5,-0.080396,0.0
-0.192501,-0.212369,-0.126237,-0.182007,0.295805
-0.160682,-0.124205,-0.284095,-0.243793,0.205166
-0.20086,-0.042059,0.326556,0.297552,0.094729
-0.346846,0.054351,-0.274739,-0.022709,0.23065
-0.243888,0.095088,-0.138419,-0.192399,0.296345
-0.122044,-0.006623,-0.124926,-0.434633,0.235992
-0.093617,-0.036683,-0.093359,-0.251662,0.430918
-0.045406,0.345409,0.028831,0.14226,0.311514
-0.239975,0.064797,-0.168037,-0.262805,0.204046
0.133953,0.236478,0.022029,0.299291,0.239254
-0.207399,0.104683,-0.255345,-0.211048,0.252327
-0.004294,0.423592,0.093169,0.223957,0.0
-0.263129,0.050126,-0.106824,-0.112445,0.364314
0.135764,0.124166,0.094305,0.120351,0.471251
0.251184,0.40888,0.008944,0.081516,0.029396
-0.044761,0.092085,-0.052375,0.029114,0.698537
-0.105783,0.122676,0.303187,0.0249,0.256619
0.262327,-0.384598,0.317517,-0.121398,0.038768
-0.1087,0.195747,-0.092353,-0.363398,0.149744
-0.14912,0.048798,-0.220064,-0.137698,0.39576
-0.199134,0.058991,-0.194158,-0.104752,0.40019
0.195391,0.324022,0.037104,0.057887,0.190035
0.25602,0.199154,0.179303,0.293836,0.0
-0.117455,-0.277436,0.116611,0.116674,0.171983
-0.115768,-0.013145,-0.041034,-0.171841,0.602059
-0.021221,-0.049303,0.008133,-0.046549,0.849134
0.046879,0.076271,-0.026042,0.241386,0.55484
0.007547,-0.010759,0.021998,-0.016196,1.0
-0.157843,-0.354059,0.5,0.118126,0.0
0.04869,0.012336,-0.149669,0.327008,0.400038
0.023273,-0.0235,0.377124,0.190675,0.394497
-0.152763,-0.003535,-0.141907,0.112237,0.569826
0.059289,0.34743,0.128954,-0.003797,0.372046
-0.341566,0.20652,-0.17405,-0.261354,0.0
-0.454944,-0.014793,-0.320487,-0.201075,0.000236
-0.160036,0.286987,-0.006511,-0.5,0.060701
0.407447,-0.10158,0.5,0.257972,0.007346
-0.023989,0.022706,-0.041585,0.001327,0.839747
0.085424,-0.323844,0.443269,0.174789,0.011508
0.147813,0.36104,0.124676,0.057524,0.02988
0.126329,0.067248,0.092559,-0.03145,0.568282
0.140278,0.349588,-0.02272,0.15295,0.142939
-0.288848,-0.088179,0.210568,0.323151,0.05012
0.075068,0.006974,0.214981,0.202438,0.560667
-0.055033,0.071501,-0.008193,-0.170623,0.635925
0.262446,0.186348,0.000912,-0.012782,0.444461
-0.176763,0.056313,-0.155837,-0.204108,0.289789
-0.023965,0.106056,-0.26591,-0.199822,0.447729
0.085327,-0.013422,0.179884,0.025201,0.62581
-0.028358,0.252426,0.010157,0.132462,0.498716
0.0021,0.196907,0.108264,0.229876,0.407995
0.035892,-0.394971,0.248396,0.264114,0.03769
0.199023,0.162455,0.170185,0.078233,0.232357
0.189459,0.161148,0.235728,0.339827,0.004355
-0.313754,0.047641,-0.150432,-0.108102,0.342004
-0.08295,0.16045,-0.242426,0.097496,0.32314
0.032976,0.284754,-0.060844,0.056814,0.465677
-0.070448,-0.025887,-0.176684,-0.173741,0.592354
0.286951,0.150238,0.024392,0.138963,0.363769
-0.096187,0.074199,-0.082388,-0.129897,0.632441
-0.069718,-0.5,0.136546,-0.001486,0.044717
0.113344,0.498306,0.001846,0.433757,0.0
0.032114,0.054373,-0.199979,-0.335044,0.324727
0.5,-0.214537,-0.147229,0.200515,0.0
-0.162288,0.0371,-0.086985,-0.227101,0.418129
0.089332,0.373021,0.131947,0.358314,0.0
0.036612,0.178162,0.139039,0.217334,0.482256
0.001342,0.147073,0.084579,0.040365,0.660478
-0.04914,-0.045074,-0.174528,0.333279,0.397628
0.063457,0.193836,0.199199,0.060603,0.35089
-0.287477,0.097878,-0.231667,-0.072179,0.247606
0.123683,-0.34919,0.075662,0.027553,0.25049
-0.232903,-0.201446,0.272261,-0.031711,0.202856
-0.01892,0.037612,-0.026617,0.166617,0.688346
0.03462,0.279709,0.102257,-0.018651,0.480058
0.009555,0.077981,-0.031425,0.006396,0.857938
-0.192004,-0.5,0.149705,-0.120038,0.0
0.12462,0.366329,-0.119816,0.067181,0.199145
0.120928,0.076061,-0.082853,-0.042975,0.571799
-0.05703,-0.137065,0.326237,0.279796,0.232813
-0.259691,0.255144,-0.087022,-0.281678,0.0
-0.180828,0.025402,-0.186017,-0.008102,0.580093
-0.179279,0.079707,0.062043,-0.117354,0.504397
0.12762,0.188461,-0.001098,0.050171,0.479589
0.229652,-0.425473,0.5,0.129791,0.02635
0.126089,0.061748,0.016664,0.234588,0.540793
0.038768,0.042852,0.5,0.001051,0.324154
0.034785,-0.289501,0.188574,0.012129,0.255462
0.088857,-0.014599,0.5,-0.006094,0.415315
0.100921,0.058395,-0.202155,-0.235149,0.429805
0.152718,0.176341,0.13424,0.183931,0.315499
-0.0071,0.074001,-0.194259,-0.060438,0.658832
-0.121208,-0.005172,0.373164,0.10348,0.433783
-0.297157,0.225879,-0.131341,-0.29188,0.048702
0.153477,-0.125342,-0.084432,0.009836,0.657511
-0.057161,-0.10165,0.007836,-0.058906,0.627158
0.03249,0.260221,0.014865,0.088059,0.417935
0.109997,0.168456,0.063993,0.022801,0.499198
0.152989,0.15004,-0.112863,0.137863,0.393754
0.407599,-0.217131,0.243295,0.142981,0.053757
-0.336348,0.15423,-0.208521,-0.307815,0.02445
0.028593,-0.068726,-0.014185,-0.030332,0.830249
-0.169774,0.149675,-0.2255,-0.438733,0.0
0.223315,0.260686,0.058462,0.194823,0.183895
0.118969,-0.042122,0.145697,0.330083,0.414082
0.085807,-0.359883,0.178207,0.197124,0.014545
0.075122,0.208958,0.163152,0.001353,0.455928
0.08489,0.122701,-0.015579,0.120973,0.502422
0.066251,0.021303,0.011419,-0.007451,0.861048
-0.072147,0.183275,0.208475,0.185265,0.243014
-0.1466,-0.126965,0.384726,0.0567,0.208275
-0.083704,0.116974,-0.109572,-0.023479,0.561365
0.151819,0.172497,0.270259,0.088491,0.290858
-0.225195,0.077014,-0.132372,-0.221798,0.336927
0.178039,-0.189115,0.5,0.086894,0.0
-0.127883,0.040121,-0.132044,-0.186589,0.526463
-0.340128,0.136673,-0.171284,-0.251968,0.064635
-0.010346,-0.012023,-0.00784,0.027284,0.965895
0.058458,0.045254,0.033551,0.047321,0.827385
-0.181704,0.16256,-0.149714,-0.31046,0.125903
-0.027714,-0.122366,0.038747,-0.060913,0.711247
0.164961,0.125073,0.039619,0.04345,0.558996
-0.012459,-0.001623,0.037065,-0.097798,0.896878
-0.231895,-0.2366,0.24341,0.267141,0.007071
-0.091164,-0.141727,0.092105,-0.292703,0.326
-0.19531,0.145371,-6.9e-05,0.0589,0.572237
-0.033325,-0.158463,0.178193,-0.07511,0.469662
0.301361,-0.236678,0.259308,-0.101245,0.065886
-0.176319,0.023494,-0.105023,-0.195792,0.482216
-0.282105,-0.000309,-0.169959,-0.25135,0.221221
0.124539,-0.068707,0.178478,-0.065003,0.552239
-0.203048,-0.039274,0.358181,0.5,0.0
-0.018809,-0.279765,0.287445,0.136676,0.191748
0.131219,-0.433128,0.231685,0.068294,0.021427
-0.247751,0.189056,-0.281302,-0.100515,0.102344
-0.265304,0.189955,-0.318537,-0.062023,0.040301
-0.032172,0.045841,-0.142617,-0.234381,0.464001
0.069161,0.055775,0.037094,0.024369,0.777603
-0.102266,0.167729,-0.134463,-0.208573,0.41404
0.377531,-0.5,0.433251,0.262953,0.088256
-0.118875,0.074893,-0.046999,0.101488,0.61785
-0.08899,0.208285,-0.129783,-0.205626,0.209803
-0.095674,-0.232769,-0.10679,0.168588,0.267691
-0.195303,0.108844,-0.258088,-0.035673,0.411031
-0.196616,-0.11982,-0.26685,-0.269912,0.087012
-0.281087,0.236827,-0.170602,-0.27347,0.058439
0.096291,0.214779,-0.174982,-0.132003,0.195845
0.144673,0.210017,-0.121993,0.031992,0.394904
0.218139,0.380591,0.005125,-0.062135,0.163499
0.303397,0.069242,0.136301,0.190198,0.24973
0.5,-0.201303,0.361843,0.005294,0.0
0.026061,0.220612,0.076002,0.212929,0.359537
-0.273632,-0.083061,-0.263751,-0.5,0.097914
0.184293,0.331209,-0.132137,0.010608,0.266315
0.071685,0.24724,0.225277,-0.045684,0.274848
-0.258657,0.132867,-0.119608,-0.203864,0.145252
-0.5,-0.060244,0.471509,0.131881,0.022297
-0.063991,0.089588,-0.14638,-0.133811,0.620766
-0.151915,-0.117532,-0.122135,-0.088862,0.440537
-0.133659,-0.269662,0.146005,0.009277,0.351054
-0.059004,-0.006672,-0.079142,0.034153,0.720395
0.066175,0.461342,-0.030395,0.403959,0.010979
-0.131793,0.145429,-0.09821,-0.321407,0.243839
0.049611,0.00274,0.248266,0.390447,0.293307
0.224674,-0.347992,0.394631,-0.057197,0.0
0.253575,0.411988,0.116747,0.136976,0.004752
-0.144737,-0.049236,-0.135414,-0.405839,0.284223
-0.091357,-0.204982,0.284546,0.330586,0.004265
-0.018415,-0.015946,-0.049514,0.072021,0.815591
0.07856,-0.403805,0.274283,0.245927,0.0
-0.061386,0.243852,-0.050557,-0.202419,0.281099
-0.178101,0.057748,-0.077573,-0.053267,0.693473
0.03105,-0.436812,0.485919,0.282121,0.0
-0.1491,0.183996,-0.070703,-0.246592,0.29935
0.014478,0.022389,0.011999,-0.091837,0.852051
0.150302,0.253695,0.089878,0.235502,0.244036
-0.117479,-0.077744,-0.212328,-0.246937,0.299437
-0.102551,0.108459,-0.156328,-0.110105,0.46485
-0.089839,0.272744,0.162129,0.071394,0.301294
-0.126401,0.190755,0.043467,0.163779,0.346305
-0.010063,0.167096,0.120826,0.122318,0.442799
0.208451,0.424815,0.124381,0.02732,0.052453
-0.209934,0.127828,-0.206404,-0.155298,0.235173
0.089828,-0.044795,0.060147,0.102213,0.648189
0.09779,0.111706,-0.03639,0.062929,0.628459
-0.231206,0.070953,-0.34053,-0.409304,0.0
-0.202222,0.041442,-0.246169,-0.260686,0.156046
0.074744,0.15843,0.031302,0.285792,0.377813
-0.203227,0.229485,-0.179464,-0.057194,0.208622
-0.391665,-0.020298,-0.160042,-0.365634,0.0
0.142043,-0.213964,0.167895,-0.071647,0.381257
-0.149061,0.123216,-0.304218,-0.083465,0.290482
-0.445171,0.114492,-0.291204,-0.010495,0.088376
-0.476453,-0.034125,-0.26268,-0.207145,0.080718
0.407527,-0.3751,0.237517,0.290538,0.0
-0.33711,0.006091,-0.181079,-0.079104,0.353135
0.014964,-0.048595,0.099595,0.015588,0.737088
0.176611,0.032044,0.304952,0.258132,0.241382
-0.186527,-0.465679,0.431104,-0.007644,0.023179
-0.012778,0.010081,0.011918,0.011929,0.970416
-0.207825,-0.058585,-0.186704,-0.408576,0.099737
-0.006072,0.202418,0.105177,0.134379,0.401542
0.171499,0.265427,-0.057147,-0.111439,0.208821
0.317138,0.110232,0.216181,0.038359,0.27052
-0.011053,0.044293,0.018417,-0.059733,0.791242
0.054868,-0.134903,0.086572,0.011888,0.670179
0.055841,0.235456,0.092586,0.155986,0.30974
0.007689,0.366272,0.061783,0.111865,0.317144
-0.244446,0.1755,-0.24863,-0.057704,0.217708
0.012377,-0.5,0.102203,0.386794,0.0
-0.375282,0.27706,-0.217239,-0.258409,0.040043
-0.106709,0.105835,-0.260778,-0.037783,0.538723
-0.221375,0.01294,0.006922,0.028638,0.79848
0.123176,0.151122,-0.165688,-0.198597,0.311195
0.060104,-0.002108,-0.001821,-0.008744,0.917041
-0.157123,0.052604,0.067012,-0.214138,0.484806
0.173804,0.276308,-0.152295,0.068827,0.136301
0.200602,-0.004685,0.407349,-0.060814,0.358578
-0.056478,0.319677,-0.024581,0.373046,0.023394
-0.294971,-0.411141,0.103013,-0.064977,0.0
0.034186,0.044566,0.006479,-0.04345,0.922324
0.137839,0.256217,0.129079,0.039411,0.383418
0.121723,0.254258,-0.062167,0.239163,0.29877
-0.20609,0.065908,-0.226521,-0.182625,0.258269
-0.010339,0.101821,-0.020842,-0.024873,0.765808
-0.20216,-0.132204,0.048626,-0.069604,0.451853
0.024577,0.057008,-0.010155,-0.061385,0.858805
0.16211,0.006193,0.119333,0.103849,0.569981
-0.079249,0.111368,-0.346543,-0.059444,0.244381
0.183762,0.072904,0.222342,0.115737,0.393063
-0.156304,0.122282,-0.149934,-0.396316,0.138187
-0.167136,-0.193199,0.11615,0.048361,0.399484
-0.116876,0.011815,-0.218377,-0.316059,0.370661
-0.296243,-0.168635,-0.063738,-0.135568,0.187056
-0.33731,-0.164699,0.176876,0.022538,0.187429
-0.093667,0.22655,0.269502,0.218237,0.074617
0.088983,0.056107,0.01877,0.097922,0.653821
0.231635,-0.082016,0.092997,0.158466,0.367998
-0.076881,-0.060638,0.178886,0.115321,0.52729
0.317485,0.156264,0.073004,-0.055766,0.35216
-0.118205,-0.206595,0.33924,0.160636,0.0
0.116569,0.335996,0.161582,0.070611,0.131233
-0.252898,-0.045733,0.327722,0.0381,0.295092
-0.102077,-0.076103,-0.120678,0.042639,0.624726
-0.155539,0.158704,0.323632,0.057841,0.20706
0.087375,-0.350601,0.339929,0.086028,0.0
0.14192,0.213291,-0.126341,0.145059,0.276534
-0.174718,0.069123,0.002513,0.118632,0.584533
-0.188419,-0.024107,0.068233,0.310668,0.31195
-0.146747,-0.149304,-0.022831,-0.226061,0.418378
-0.225647,-0.067166,-0.10715,-0.224744,0.324323
0.000174,-0.081935,-0.187416,-0.182608,0.536459
-0.206359,0.265531,-0.162669,-0.36602,0.138241
-0.056505,-0.19235,0.149536,0.5,0.026711
0.138299,0.216125,0.14483,0.095506,0.231446
-0.297366,-0.443351,0.461332,0.072101,0.047845
0.078622,0.125064,-0.009932,0.032916,0.798098
-0.329667,-0.436563,0.186571,0.156549,0.0
0.053569,0.326316,0.165947,0.100279,0.245636
-0.40999,-0.273214,0.467184,0.07626,0.001064
-0.060028,-0.005919,0.066425,0.053187,0.83398
0.178949,0.330909,0.057863,0.144705,0.122895
-0.129891,-0.088498,-0.006887,-0.280548,0.42557
-0.111425,0.007039,-0.008004,-0.063197,0.840654
-0.079133,0.38601,-0.214065,-0.16785,0.0
0.131701,0.5,0.271869,0.023251,0.022597
0.154596,0.184404,0.008176,-0.068772,0.45595
0.323997,0.039406,-0.012611,0.329433,0.288633
-0.022403,-0.016466,-0.06631,0.015665,0.86851
-0.166176,0.080036,-0.188588,-0.307905,0.12729
0.022435,-0.411537,0.23671,-0.07803,0.076768
-0.021369,0.030412,-0.070571,0.031457,0.749621
0.114045,0.079566,-0.030011,-0.023919,0.712147
-0.142305,0.28937,-0.309993,-0.18857,0.027427
0.034028,0.010866,0.014666,0.01349,0.984299
0.189555,-0.27353,0.339496,-0.111663,0.0
0.197339,0.184843,0.275244,0.154371,0.08661
0.079933,0.316987,0.12544,-0.046045,0.252205
-0.144264,-0.145556,-0.037378,-0.160233,0.469263
0.168688,0.298055,-0.056148,0.153597,0.079877
-0.08753,0.116488,-0.163818,-0.2183,0.320466
0.018226,-0.053387,-0.102809,-0.367308,0.421081
-0.329098,0.076321,0.464956,-0.210181,0.054434
0.106753,-0.225831,0.01064,0.206447,0.335416
-0.140576,0.044847,-0.194202,-0.218932,0.406413
-0.005991,0.14423,-0.004245,0.016831,0.762545
-0.003912,0.035996,-0.065835,0.233294,0.608593
-0.201994,0.008768,-0.346689,-0.261734,0.136784
-0.032792,0.455269,-0.050331,0.222926,0.012268
-0.254981,0.010632,-0.214718,-0.5,0.026714
-0.17892,-0.161454,-0.190029,0.065426,0.326385
-0.248161,-0.099009,-0.250801,-0.29447,0.07461
-0.058227,0.069568,-0.083262,-0.317786,0.397887
0.108845,0.24888,0.000423,0.430679,0.133638
0.370155,-0.103943,0.046584,0.146655,0.265587
0.082739,-0.249269,0.241816,0.242632,0.010618
-0.294016,0.088982,-0.118153,-0.202109,0.265817
0.042524,0.045818,0.5,0.314845,0.06116
-0.296549,-0.17256,0.3295,0.406173,0.035366
-0.247826,0.13957,-0.22733,-0.323587,0.055627
0.050877,0.232122,0.238926,-0.118043,0.285361
-0.121811,-0.173982,0.060469,0.178902,0.420352
-0.177089,-0.02805,-0.26358,-0.105844,0.436898
-0.183893,0.123914,-0.311402,-0.149788,0.140629
-0.246834,0.239455,-0.144359,-0.200719,0.070439
-0.371471,-0.221845,0.481732,0.027638,0.0
0.454497,-0.233259,0.306258,-0.018457,0.011998
-0.047231,0.087369,-0.16782,-0.026165,0.613164
0.3062,-0.216052,0.019521,0.330085,0.0
0.068388,-0.099308,0.202912,0.130703,0.515925
-0.295367,0.093455,0.029239,-0.135813,0.422839
-0.400814,0.031879,0.364818,0.351567,0.0
-0.238389,-0.055134,-0.041725,-0.256595,0.315476
0.108547,0.396629,-0.050178,0.090428,0.198388
0.043385,0.19554,-0.094581,0.051051,0.479645
0.19464,-0.048642,0.034883,0.007715,0.665272
-0.217573,0.036104,-0.193257,0.22535,0.250748
-0.287196,-0.204292,-0.059527,0.024477,0.334242
-0.312042,-0.152973,-0.184769,-0.207685,0.017523
0.018364,-0.028681,0.003347,0.037636,0.940431
0.244082,-0.052537,0.181343,0.022727,0.447753
0.277806,0.174752,0.106249,0.006045,0.364931
0.259989,0.168136,-0.039591,-0.170723,0.28234
0.065824,-0.021267,-0.281211,-0.227299,0.435378
-0.059241,0.408581,0.205549,0.256322,0.0
-0.06582,0.37259,0.057783,0.166554,0.100387
-0.237685,-0.086043,-0.138591,-0.289117,0.109516
0.428423,-0.109581,-0.027754,-0.008326,0.413286
-0.155205,0.214528,-0.354366,-0.056153,0.177409
-0.228975,0.025857,-0.103705,-0.075868,0.63191
0.020352,0.260795,0.042916,0.174432,0.409701
0.039761,-0.020292,0.03829,-0.034354,0.882966
0.110654,0.079715,0.074133,0.020823,0.696743
-0.408323,0.000341,0.235523,0.383473,0.00886
-0.17246,0.037579,-0.220764,-0.309179,0.334624
0.07897,0.133612,-0.062277,-0.057964,0.660319
-0.068283,-0.02544,0.042477,0.056687,0.823886
-0.015729,0.014804,-0.089362,0.076894,0.736309
-0.180225,-0.042296,-0.191085,-0.012337,0.566627
-0.327082,-0.400719,0.114795,0.446425,0.060399
0.297806,-0.180324,0.096289,0.5,0.0
-0.082402,0.202691,-0.021724,-0.200352,0.42017
-0.244016,-0.315638,0.251902,0.412953,0.250362
-0.010275,0.094366,0.032486,0.096096,0.61515
-0.002964,0.189512,0.078844,-0.049394,0.549106
0.045288,-0.124149,0.33638,0.100595,0.304408
-0.095432,0.230584,0.030577,0.078421,0.491215
-0.208007,0.020286,-0.053256,-0.063481,0.646734
0.265821,-0.295161,0.457614,0.316328,0.0
-0.213217,0.092645,-0.066792,-0.153521,0.444885
0.318527,0.267413,-0.039597,0.249827,0.00512
-0.015161,-0.049083,0.088625,-0.071061,0.723049
-0.078049,0.113009,-0.183688,0.015724,0.57402
-0.034073,0.129155,0.327971,0.04482,0.41127
-0.198123,-0.170555,0.034225,-0.053832,0.419047
-0.20806,0.15196,-0.013037,-0.219862,0.358612
0.052542,0.202012,0.18531,0.150887,0.344828
-0.191392,0.117968,-0.13969,-0.276234,0.21338
-0.223662,-0.147447,0.138104,0.261249,0.16431
0.5,-0.431041,-0.232247,0.160517,0.088647
-0.420992,0.007628,-0.330591,-0.223595,0.0
0.146006,0.086915,-0.086398,0.124864,0.595206
-0.101787,0.056284,-0.140012,-0.196964,0.478731
0.5,-0.48633,-0.101214,0.407814,0.0
-0.123283,0.174329,0.031071,-0.344981,0.340724
-0.26888,-0.100838,-0.199339,-0.279147,0.106828
0.12313,0.09557,0.112671,0.096505,0.608342
0.20973,0.007588,0.5,-0.139678,0.143976
-0.170052,0.202669,-0.182095,-0.303782,0.053897
-0.195125,-0.026629,-0.1771,-0.232297,0.410359
-0.060861,0.170244,-0.204711,-0.077694,0.343711
-0.005798,-0.034373,0.032367,-0.071047,0.80102
-0.220359,-0.03305,-0.085524,-0.10865,0.560286
-0.027573,-0.021233,-0.048758,0.013385,0.82779
-0.161594,0.245268,-0.140419,-0.222137,0.082331
-0.060366,0.215976,-0.107702,-0.310556,0.170309
0.116367,0.237633,0.134676,-0.137832,0.144012
-0.174673,0.000685,0.336145,0.100376,0.34663
-0.115587,-0.224005,0.151019,0.270301,0.154404
-0.098408,0.060656,-0.094554,-0.050835,0.592734
-0.081503,0.195146,0.093848,-0.02176,0.535765
-0.140407,-0.10788,-0.317406,-0.424455,0.012402
0.057042,0.056135,0.477859,0.464636,0.0
0.104487,0.024238,0.043001,0.058736,0.755562
-0.068831,0.009581,-0.021984,-0.023261,0.891284
-0.208622,-0.093928,-0.127467,-0.251987,0.246336
-0.019893,0.372514,-0.161128,0.044303,0.160328
0.23178,-0.389489,0.052717,0.174122,0.0
-0.004843,-0.458321,0.229062,-0.115323,0.064684
-0.221436,-0.291486,0.092707,-0.082751,0.20784
-0.423031,-0.195199,-0.234782,0.236212,0.0
0.070705,0.165531,0.044009,0.162581,0.561474
-0.005069,-0.13067,0.232719,-0.071994,0.496326
-0.017301,0.04124,0.012503,0.011883,0.930822
-0.181232,0.162436,-0.123825,-0.302311,0.168458
0.053446,-0.020658,0.001585,-0.122223,0.788532
0.178838,0.218135,-0.053508,0.125167,0.304218
0.052081,0.304929,0.071099,0.100616,0.253056
-0.375104,0.221574,-0.130598,-0.178124,0.014177
-0.273424,0.261306,-0.206232,-0.302565,0.0
0.017498,0.147205,0.092686,0.131424,0.542251
-0.155736,0.043219,-0.144679,-0.348974,0.263754
-0.250177,-0.000374,-0.145499,-0.000856,0.609976
-0.170847,0.003383,-0.218605,-0.106073,0.467144
0.052629,0.313483,-0.03405,0.175574,0.229329
-0.229628,-0.5,0.205752,0.30509,0.076739
0.223464,0.066707,0.227274,0.003185,0.432461
-0.045433,0.221522,0.080186,0.139271,0.442244
-0.078096,0.050258,-0.141902,-0.273585,0.42211
-0.161016,0.175339,-0.336294,-0.230392,0.055947
-0.104958,0.042811,-0.159061,-0.153576,0.578212
0.050906,0.349031,0.010369,0.267563,0.042905
-0.176891,-0.16144,-0.202531,-0.139084,0.235521
0.001048,0.297835,0.194706,0.193185,0.172949
0.024518,0.014131,0.050259,0.050147,0.786841
-0.333164,-0.5,0.123931,0.128444,0.0
0.118195,0.227972,0.040761,-0.074222,0.515084
0.003259,0.048337,-0.045819,0.036559,0.843527
0.172044,0.274528,0.014319,-0.016799,0.359074
-0.057119,-0.271053,0.121579,0.237363,0.184718
-0.091274,-0.215691,0.344952,-0.016331,0.235762
-0.26832,-0.063054,0.009271,-0.207923,0.455662
0.058252,0.167838,-0.053114,0.134474,0.521261
0.156405,-0.348005,0.5,0.042828,0.0
-0.296968,0.255188,-0.065417,-0.117313,0.169331
0.028153,-0.116166,0.010946,0.084213,0.705156
0.01781,0.028797,0.200552,0.309295,0.406048
-0.008061,-0.5,0.132086,0.327247,0.005815
-0.178901,0.016449,-0.175218,-0.17777,0.31408
-0.07299,0.25363,0.104903,0.215068,0.271401
-0.065219,0.086086,0.052865,-0.178252,0.527235
-0.007387,0.181029,-0.175873,-0.342827,0.13382
-0.008178,0.231544,0.132421,0.109663,0.314728
0.19815,0.135371,0.052926,-0.004546,0.600115
-0.396015,-0.138991,0.236261,0.326458,0.0
-0.120482,0.043236,-0.141693,0.370282,0.295069
0.35997,0.002366,0.330457,0.285174,0.075701
0.251125,-0.167222,0.5,0.272831,0.0
-0.178855,0.058156,-0.182363,-0.392864,0.191081
-0.12868,0.11066,-0.30298,-0.101279,0.195246
-0.185378,-0.032229,-0.115027,-0.422803,0.310427
0.5,-0.375774,0.481652,0.245995,0.038052
-0.106037,0.028922,-0.118646,-0.29483,0.509135
-0.233832,0.233915,-0.117704,-0.170127,0.173893
0.145956,0.28275,0.088096,0.132224,0.251036
0.08574,-0.274933,0.5,0.420408,0.009398
-0.015727,0.006761,-0.06071,-0.144143,0.893801
-0.226234,-0.114381,0.082023,-0.001679,0.593246
-0.238159,0.023997,0.046145,-0.352097,0.302952
0.045148,0.154348,-0.033424,0.125308,0.518021
-0.161203,0.103511,-0.221597,-0.232485,0.205067
-0.158701,-0.29136,0.117602,0.29799,0.0
0.182734,0.331737,0.261986,0.127026,0.0
-0.113565,0.082706,-0.089737,-0.336364,0.39249
-0.127359,-0.446459,-0.015287,-0.076173,0.153047
-0.121621,-0.111083,-0.12744,0.034855,0.543981
-0.173586,-0.004344,-0.201062,-0.073846,0.440388
-0.048125,-0.042477,-0.005497,-0.006421,0.918782
0.084116,0.372925,0.139905,0.203238,0.0
-0.1482,-0.174047,-0.046165,-0.242617,0.262756
-0.133663,0.12039,-0.103879,-0.175981,0.506937
-0.007633,0.170385,-0.089919,-0.043371,0.57016
-0.007246,-0.028758,-0.003744,0.035013,0.893547
-0.087365,0.107822,-0.038468,-0.025482,0.612654
-0.20011,0.050959,-0.2864,-0.244478,0.190513
-0.021336,0.042877,0.001526,-0.034644,0.962046
-0.103707,-0.076945,0.03047,-0.166882,0.628517
-0.333386,0.181537,-0.209855,0.06304,0.170897
-0.179201,0.075718,-0.094614,0.036771,0.60473
0.119706,-0.037924,0.094549,-0.027344,0.707692
-0.195369,-0.075811,-0.060795,-0.304234,0.355656
-0.069399,0.036862,-0.275595,-0.383545,0.139207
-0.187736,0.196396,-0.240718,-0.089742,0.234197
-0.209435,-0.145679,-0.23021,-0.118886,0.193337
-0.032468,0.039467,-0.024716,0.051231,0.831215
0.472827,-0.270142,0.5,0.441414,0.043911
-0.117197,-0.148799,0.128026,-0.170859,0.436198
0.246132,-0.097212,0.207447,0.432095,0.037988
0.117578,0.476321,0.156315,0.389189,0.0
-0.231565,-0.309832,0.188012,0.474919,0.101455
-0.026799,0.030318,-0.003514,-0.083953,0.761283
0.002778,-0.257627,0.493518,0.1743,0.0
0.175378,0.327516,0.083654,0.187725,0.091913
-0.068368,-0.051648,0.043031,-0.002649,0.844204
-0.307916,-0.203671,0.339698,0.255727,0.0
0.07798,0.228902,0.164606,0.085447,0.288305
-0.157177,0.100256,-0.192084,-0.446076,0.033256
-0.214516,0.074085,-0.265468,-0.29131,0.125178
-0.093418,0.178849,0.101333,0.05321,0.532609
-0.018224,-0.462874,0.165451,0.173176,0.016603
-0.245137,0.17946,-0.099239,-0.22078,0.031765
-0.233188,0.222471,0.091033,-0.213124,0.122708
0.049768,-0.173005,0.5,0.050408,0.228934
-0.265921,0.214686,-0.168637,-0.294011,0.0
-0.222134,0.075333,-0.079355,-0.332901,0.326942
-0.040786,0.061364,0.377885,0.174181,0.295461
-0.058738,-0.03145,0.028967,-0.046037,0.775623
0.017727,-0.023363,0.011851,-0.029907,0.952902
0.10093,0.285965,0.182352,0.099704,0.098491
0.114451,0.037742,-0.022235,0.149259,0.69317
-0.299536,0.156103,-0.135017,-0.211695,0.14103
0.046077,0.231622,-0.050764,-0.12349,0.445117
-0.064599,-0.04619,0.037249,0.036719,0.645888
-0.136008,0.041771,-0.279287,-0.371317,0.179715
0.247102,0.123199,0.10404,0.147303,0.228234
-0.005383,0.09744,0.080688,0.046781,0.719705
-0.141191,0.303198,0.111758,-0.158643,0.113077
-0.336787,-0.183321,0.410391,-0.010308,0.0
-0.012267,-0.037645,0.127354,0.02825,0.800257
-0.039044,0.125897,-0.06312,0.269297,0.359748
-0.228403,0.05961,-0.356701,-0.064191,0.298458
-0.122776,0.18045,-0.337015,-0.120027,0.114884
0.026545,0.296615,0.27231,0.140753,0.201862
0.173522,0.214366,-0.1309,0.233666,0.146563
-0.182743,0.256771,-0.168551,-0.208101,0.051137
-0.233954,0.228853,-0.26444,-0.293456,0.0
-0.140023,0.102354,-0.151608,-0.085008,0.448497
-0.020278,-0.036909,-0.040467,0.014325,0.829641
-0.096043,0.021648,-0.205345,0.024508,0.674737
-0.073424,0.004462,0.484407,0.054992,0.450739
0.147284,-0.019206,0.192955,0.076989,0.454285
0.001344,-0.023924,-0.040635,-0.028303,0.773226
0.022157,0.268557,0.098726,0.120911,0.358
-0.197866,-0.141157,-0.287513,-0.381577,0.0
-0.056088,0.217936,0.034885,0.112067,0.4158
0.038255,0.369919,0.146406,0.071412,0.201847
-0.099702,0.190272,0.172927,0.032621,0.376118
-0.110218,0.129377,-0.102915,-0.10343,0.500821
-0.298245,0.161187,-0.111922,-0.371104,0.092326
-0.073579,0.032973,-0.040794,-0.394114,0.399243
-0.07824,-0.048444,0.495621,0.249568,0.135746
-0.14128,-0.39885,0.353341,0.232609,0.064453
-0.30935,0.119882,-0.071314,-0.115861,0.325216
0.033991,0.063612,0.106768,0.197777,0.623182
0.134284,0.5,-0.01611,-0.144178,0.0
-0.292296,0.031004,-0.097989,-0.155909,0.365798
-0.00908,0.049066,-0.041729,0.06705,0.766821
-0.061444,-0.184152,0.059424,0.144363,0.467929
0.014685,0.006943,-0.038623,-0.034609,0.930797
-0.156783,-0.006015,-0.154576,-0.197113,0.442567
-0.005995,0.262327,0.027326,0.020017,0.447218
0.245194,-0.013771,0.003913,0.193321,0.538349
0.099616,-0.335971,0.17296,0.326833,0.0
-0.231789,-0.023964,0.371817,0.334025,0.023457
0.082464,-0.115101,0.409628,0.061996,0.280129
-0.210443,0.134124,-0.111314,-0.139492,0.378389
0.159104,0.201781,-0.022267,-0.033695,0.511368
-0.241408,0.298934,-0.21742,-0.210829,0.0
-0.345731,-0.014583,0.306921,-0.315149,0.114988
0.078889,0.252485,-0.030235,-0.042121,0.499332
-0.238605,0.198996,-0.326345,-0.221335,0.014742
-0.258426,0.117255,-0.029848,-0.164859,0.382997
-0.153641,0.032392,0.296909,0.000815,0.52797
-0.329737,0.107568,-0.096027,-0.357216,0.042489
-0.231651,0.009665,-0.163375,-0.190633,0.416865
0.008792,-0.021148,-0.112841,-0.294949,0.539113
-0.166426,0.087786,0.398887,0.5,6.1e-05
-0.160162,0.030638,-0.070515,-0.229151,0.421569
0.063577,-0.000275,-0.027706,-0.017587,0.828229
-0.079428,-0.005594,0.308871,0.317623,0.271879
0.304764,-0.384499,0.5,-0.255934,0.026829
-0.216443,-0.005439,-0.205665,-0.27709,0.306212
-0.212379,-0.063392,-0.08155,-0.230151,0.461392
-0.009323,-0.032431,-0.100556,-0.291417,0.500998
-0.002546,0.201446,-0.088227,0.057917,0.531349
0.037075,0.022076,0.029427,-0.017672,0.80594
0.049822,-0.397696,0.5,-0.178808,0.0
-0.128149,0.339557,0.142147,0.089404,0.153394
-0.351916,0.113472,-0.303783,-0.140707,0.054955
0.327746,-0.037957,0.265764,0.13797,0.269155
-0.219461,-0.146727,-0.279308,-0.25182,0.0
0.1627,-0.36903,0.25413,-0.183851,0.011824
-0.093032,0.147564,-0.076566,-0.004475,0.618609
0.032831,-0.092855,-0.179318,0.247259,0.400126
-0.033006,-0.002249,-0.185794,-0.284156,0.440744
0.207037,0.168809,-0.049101,0.214468,0.258467
-0.153165,-0.185556,0.320566,0.236368,0.0
0.136435,0.165928,-0.195882,0.098788,0.360513
-0.170942,0.114873,-0.100271,0.01588,0.491315
-0.128929,0.166407,-0.119213,-0.239814,0.278311
0.064318,0.101416,-0.076177,0.192763,0.569308
-0.143447,0.088882,0.015271,0.167319,0.54943
0.261283,0.490297,0.157939,0.05759,0.0
-0.154019,0.101686,-0.170687,-0.158912,0.463914
0.207842,0.050867,0.117883,-0.013781,0.571267
0.062976,0.492192,0.009975,0.317219,0.0
0.23211,-0.052008,0.232305,-0.307096,0.204869
-0.054999,0.055966,-0.049713,0.040043,0.754635
-0.037437,0.10368,0.049403,0.060743,0.713706
-0.209221,-0.496111,0.5,-0.201157,0.05253
-0.152142,0.021839,0.043381,-0.151564,0.642256
0.087414,0.137675,0.098883,0.180922,0.469216
-0.271516,0.179495,-0.029747,-0.426296,0.0
-0.249925,-0.023002,-0.083119,-0.236131,0.364381
-0.356522,0.103537,-0.228236,-0.120275,0.107415
-0.223694,0.180562,0.396335,0.095394,0.0
0.436295,-0.077172,0.41039,0.49022,0.032067
0.025455,0.162789,-0.106141,-0.028772,0.614935
-0.223905,-0.05769,-0.130018,-0.348121,0.169184
0.5,-0.168074,0.410143,0.319372,0.0
-0.112789,-0.124555,-0.093647,-0.232951,0.331854
0.124451,0.244395,0.148212,-0.009099,0.417841
-0.120968,0.107495,-0.248869,-0.11046,0.310358
0.128851,0.044629,-0.274458,-0.200933,0.292769
-0.290399,0.09229,-0.080664,-0.443099,0.038312
0.127411,-0.331058,0.128648,0.268957,0.005853
-0.233082,0.07438,-0.037526,-0.213508,0.318787
-0.214234,-0.033359,-0.089758,-0.014703,0.713555
-0.252692,-0.105809,-0.130712,-0.134827,0.358629
0.082627,0.256666,0.008506,-0.04518,0.500223
-0.169724,0.002496,0.044695,-0.048296,0.737648
0.03104,0.198338,0.070994,0.136356,0.447877
0.270423,-0.081106,0.273592,0.294569,0.029592
0.133292,-0.15521,0.172441,0.115349,0.361406
0.007702,-0.030199,-0.038474,0.010365,0.933245
-0.016962,0.247608,0.135219,-0.227299,0.298253
-0.094714,-0.076963,0.321363,0.13978,0.361693
-0.279642,0.066154,-0.162953,-0.107434,0.355347
0.5,-0.117352,0.293194,0.177714,0.023743
0.193046,0.273224,-0.119307,-0.031721,0.26637
0.037291,0.068304,0.001557,0.034715,0.843244
-0.000171,0.084343,-0.202251,-0.188776,0.560434
0.007518,0.09778,-0.033151,0.053454,0.847462
0.021046,0.010318,-0.001209,-0.012903,0.90822
-0.272608,-0.152436,-0.172509,-0.193599,0.099847
-0.216572,0.124841,0.001727,0.02585,0.554062
0.046007,-0.018544,-0.052204,0.047949,0.766926
0.147585,0.189572,-0.021449,0.142939,0.413118
-0.206348,0.080178,-0.192565,-0.252154,0.157777
0.094967,-0.140697,0.462853,0.192151,0.026504
-0.135527,0.054129,-0.086084,-0.155518,0.660713
0.153122,0.191205,-0.018249,0.044857,0.498102
-0.154046,0.100424,-0.143747,-0.229567,0.246375
-0.252602,0.077786,-0.286839,-0.187975,0.160958
0.22637,-0.220617,-0.179665,-0.050666,0.20613
0.083004,0.189594,0.148159,0.19015,0.233688
-0.488002,-0.143443,0.282045,-0.04802,0.028378
0.046764,0.02741,0.023754,-0.174546,0.705925
0.09525,0.191794,0.116573,0.266411,0.273017
0.103373,0.246725,0.029638,0.313962,0.146771
-0.360729,-0.28268,0.5,-0.017339,0.043082
0.205722,-0.187984,0.321442,0.240093,0.04771
-0.032041,0.139329,-0.073713,-0.227872,0.458717
-0.171602,0.111005,-0.264577,-0.385912,0.033596
0.153736,-0.075695,0.312239,0.1752,0.254409
-0.102239,0.146898,-0.191907,-0.044701,0.467689
0.075286,-0.11935,0.155905,0.234059,0.402768
0.126614,-0.480466,0.266483,0.289599,0.0
-0.096676,0.306799,0.132988,-0.010317,0.297443
0.00513,0.240936,0.079489,0.161087,0.40911
-0.264323,0.051061,-0.262362,-0.229013,0.167875
0.218376,0.441642,0.130244,0.013612,0.0
0.183154,-0.298089,0.5,0.0064,0.0
0.054808,0.0339,0.019786,-0.049974,0.856318
0.268184,0.135335,0.263545,0.5,0.0
-0.251948,-0.10692,-0.225351,-0.069139,0.347518
0.30798,-0.262768,0.281066,0.5,0.0
-0.180463,0.148969,-0.110455,-0.249098,0.291961
-0.318274,0.051335,-0.134374,-0.34637,0.109317
-0.107742,-0.348451,0.280926,0.171753,0.0
-0.013004,0.292428,0.042838,0.232772,0.259411
0.039966,-0.06096,-0.054879,0.045098,0.658868
-0.324108,-0.396567,0.333784,0.247296,0.0
-0.310193,0.037939,-0.461947,-0.154317,0.070404
0.271136,-0.142997,0.030789,0.07178,0.373604
-0.221053,0.047395,-0.174101,-0.209425,0.281684
0.378901,-0.059559,0.317909,-0.212062,0.0
-0.187072,0.027635,-0.091442,-0.298232,0.428681
-0.262894,-0.376753,0.114447,0.400239,0.04072
0.035446,0.142957,0.095622,-0.17404,0.459333
-0.120868,0.095569,0.001248,-0.164744,0.53277
0.12571,0.121713,0.144321,0.166844,0.342205
-0.168663,-0.023147,-0.064682,-0.36211,0.358235
0.060031,0.11401,0.140331,0.117667,0.441634
-0.174565,0.203713,-0.224053,-0.114245,0.210612
0.20666,-0.357916,0.202933,0.492041,0.067934
0.103836,0.183719,-0.104922,0.164939,0.462589
0.247751,0.149956,-0.020382,0.195812,0.360929
-0.0597,-0.035962,0.037223,0.044985,0.808567
-0.084565,-0.080468,-0.050623,-0.295491,0.429549
-0.440189,-0.027251,-0.30915,-0.108432,0.059888
0.141672,0.159617,0.145341,0.138329,0.414322
-0.360962,0.005434,-0.266906,-0.307185,0.071446
-0.044471,-0.180076,0.349997,0.159662,0.126659
-0.108877,0.071772,-0.117142,-0.312203,0.319421
-0.152714,0.068656,-0.371076,-0.044436,0.243032
-0.006441,0.185105,-0.000647,0.136366,0.541242
0.032977,-0.272107,0.17092,0.057771,0.326894
0.197974,-0.200508,-0.055855,0.240367,0.197198
-0.472484,-0.370716,0.252418,0.364461,0.0
0.187424,0.181977,0.054914,0.213059,0.320038
0.148614,0.234055,0.075247,-0.187442,0.213442
0.09982,0.365982,-0.005735,0.021023,0.344565
0.048328,0.016687,0.039941,0.065964,0.726787
-0.190342,0.112759,-0.196646,-0.004194,0.492415
0.320768,-0.126737,0.185747,0.031225,0.31919
0.11421,-0.254582,0.218637,0.285978,0.0
-0.072771,-0.5,-0.064383,-0.180084,0.055574
0.401048,-0.270942,0.407794,0.281651,0.0
0.008282,0.268173,-0.004285,0.112591,0.464257
0.082322,-0.1732,-0.07089,0.102995,0.550166
-0.174783,-0.062073,-0.190467,-0.195229,0.221787
0.079728,0.030788,-0.02458,-0.010927,0.884767
0.09507,-0.5,0.316196,0.390378,0.0
-0.144728,0.179297,-0.060368,-0.069878,0.450309
0.091917,0.170898,0.025513,0.10011,0.580584
-0.252523,-0.109352,0.00846,-0.183922,0.402549
0.100619,0.107819,-0.030097,0.018525,0.650164
0.259006,-0.5,0.28159,0.154968,0.038317
0.005739,-0.040956,0.083771,-0.006288,0.807767
-0.096355,-0.313842,0.370361,0.321025,0.01862
0.005046,-0.040366,-0.004841,0.015797,0.934741
-0.148395,0.181224,-0.131471,-0.131843,0.41282
-0.10293,0.055854,0.004248,-0.182747,0.609381
0.026385,-0.205677,0.242225,-0.108147,0.393934
-0.109697,0.074068,-0.159715,-0.042575,0.55948
-0.342091,0.068952,-0.139869,-0.376945,0.049426
-0.13815,0.195106,-0.20084,-0.126146,0.149345
0.320559,-0.5,0.020928,0.258436,0.0
-0.15972,0.135801,-0.322672,-0.113372,0.250043
0.015938,-0.017023,-0.014462,0.004538,0.908272
-0.095707,-0.401472,0.244401,0.236843,0.020531
0.187536,0.287742,0.059539,0.107458,0.252526
0.077352,0.129144,-0.141754,0.018438,0.641964
0.100743,-0.002654,0.018535,0.024146,0.918164
-0.236194,-0.114706,0.39673,0.131868,0.103156
-0.240298,0.042674,-0.016026,-0.331021,0.355786
-0.181715,-0.011478,0.5,0.18852,0.169039
0.294074,-0.191695,0.301621,0.177215,0.0
-0.194859,-0.119523,0.045647,0.417731,0.018761
0.084258,0.042504,0.027145,-0.041299,0.781494
-0.359888,-0.5,0.092635,0.270973,0.076528
-0.30155,0.049499,-0.185199,-0.147075,0.31288
-0.201155,0.023553,-0.035228,-0.132748,0.598481
-0.393469,0.022679,-0.130158,-0.135804,0.304419
-0.113792,-0.190404,-0.155891,-0.134117,0.296071
0.024757,-0.021749,0.188434,-0.073984,0.710301
-0.287574,0.104544,-0.204917,-0.163545,0.208836
0.171016,0.284289,-0.051907,0.19145,0.091816
-0.226252,0.134845,-0.238118,-0.166693,0.130708
-0.182564,0.12149,0.029678,0.001433,0.517031
-0.014907,0.304601,-0.129995,-0.353092,0.16888
-0.008827,-0.020563,0.063018,-0.063048,0.842178
-0.226987,0.129281,-0.28445,-0.322763,0.0
-0.130208,-0.014036,-0.333859,-0.284558,0.135369
0.00131,-0.230691,0.18545,0.262854,0.236303
-0.036499,-0.004383,-0.131345,-0.236923,0.554037
-0.002673,-0.080346,0.020931,0.10166,0.827482
0.059738,-0.286614,0.358261,0.263489,0.046712
0.22581,0.252441,0.118605,0.134612,0.141196
-0.137388,0.030605,-0.244247,-0.048879,0.520281
-0.012678,0.090835,0.004955,-0.114024,0.765723
-0.181064,-0.079267,-0.22733,-0.201095,0.195534
0.150209,0.19967,0.020295,0.194754,0.406986
0.032809,0.080673,-0.025214,-0.185138,0.622669
0.268643,0.195871,-0.036512,0.126785,0.240909
-0.169753,0.234616,-0.2171,-0.293948,0.009175
-0.008779,-0.109388,0.149092,-0.159416,0.503753
-0.011818,0.242105,-0.150168,-0.429469,0.0
-0.115979,-0.158071,-0.320697,-0.195547,0.167768
0.21154,-0.425236,0.105721,0.268765,0.0
0.040956,0.356666,0.006591,0.082414,0.443473
0.00771,0.316521,0.122854,0.089789,0.321506
-0.209319,0.048556,-0.228836,-0.279797,0.159835
0.05934,0.436259,0.01746,-0.012622,0.169064
0.000909,0.348668,0.19065,0.235322,0.032046
0.058433,0.133962,0.179267,0.391276,0.152655
0.07979,0.131306,0.112245,-0.049242,0.534431
-0.278202,-0.141515,0.002797,-0.291212,0.185517
-0.09395,-0.155954,0.395701,0.431958,0.0
